2026-04-20 09:00:30.263 | DEBUG    | __main__:init_logging:60 - SIS log loaded, log path: /Users/caozhaoqi/PycharmProjects/anime_role_detect/spider_image_system/src/log_dir/sis_v1.2.5.260305_2026-04-20.log
2026-04-20 09:00:30.263 | INFO     | log.log_record:check_version:111 - System started, SIS version: v1.2.5.260305
2026-04-20 09:00:31.238 | DEBUG    | view.log_process:start_spider_single_image:60 - You input keyword is: 莉莉娅·阿琳
2026-04-20 09:00:31.238 | INFO     | view.log_process:start_spider_single_image:69 - Spider img thread starting...
2026-04-20 09:00:31.250 | INFO     | utils.spider_param:configure_browser_options:249 - 当前user-agent: Mozilla/5.0 (Windows NT 10.0; Win64; x64) AppleWebKit/537.36 (KHTML, like Gecko) Chrome/58.0.3029.110 Safari/537.36
2026-04-20 09:00:31.250 | DEBUG    | utils.spider_param:configure_browser_options:257 - 使用Darwin浏览器
2026-04-20 09:01:01.286 | WARNING  | utils.spider_param:get_driver_service:322 - 设置 ChromeDriver 执行权限失败: [Errno 1] Operation not permitted: '/Users/caozhaoqi/.wdm/drivers/chromedriver/mac64/147.0.7727.57/chromedriver-mac-arm64.zip'
2026-04-20 09:01:01.287 | INFO     | utils.spider_param:get_driver_service:327 - 使用已安装的 ChromeDriver: /Users/caozhaoqi/.wdm/drivers/chromedriver/mac64/145.0.7632.117/chromedriver-mac-arm64/chromedriver
2026-04-20 09:01:01.289 | INFO     | utils.spider_param:create_driver:346 - 使用Safari浏览器
2026-04-20 09:01:01.998 | INFO     | utils.spider_param:initialize_driver:284 - 驱动初始化成功: None, None
2026-04-20 09:01:01.998 | DEBUG    | utils.spider_param:spider_param_config:398 - 启用R18模式
2026-04-20 09:01:01.998 | DEBUG    | utils.spider_param:spider_param_config:401 - 替换图片域名: True
2026-04-20 09:01:01.999 | WARNING  | utils.spider_param:is_keyword_num:88 - 关键词不包含分隔符',': 莉莉娅·阿琳
2026-04-20 09:01:01.999 | INFO     | utils.spider_param:spider_param_config:415 - 配置完成，URL: https://sd.vv50.de/tags/莉莉娅·阿琳/artworks?mode=r18&
2026-04-20 09:01:01.999 | WARNING  | utils.keyword_utils:exists_keyword_finish_txt:60 - 读取文件失败: [Errno 2] No such file or directory: '/Users/caozhaoqi/PycharmProjects/anime_role_detect/spider_image_system/data/download_finished_txt.txt'
2026-04-20 09:01:02.001 | WARNING  | ui_event.get_url:spider_artworks_url:223 - Continuing from page 4 for 莉莉娅·阿琳
2026-04-20 09:01:02.001 | INFO     | ui_event.get_url:spider_artworks_url:234 - 正在访问 URL: https://sd.vv50.de/tags/莉莉娅·阿琳/artworks?mode=r18&p=4&s_mode=s_tag
2026-04-20 09:01:08.012 | INFO     | ui_event.get_url:spider_artworks_url:236 - Chrome startup took 6.01s
2026-04-20 09:01:08.022 | INFO     | ui_event.get_url:spider_artworks_url:238 - 当前页面标题: 莉莉娅·阿琳
2026-04-20 09:01:11.033 | INFO     | ui_event.get_url:load_href_save:366 - 找到 330 个链接元素
2026-04-20 09:01:11.036 | DEBUG    | ui_event.get_url:load_href_save:378 - 跳过不需要的URL: 1/330, https://sd.vv50.de/...
2026-04-20 09:01:11.038 | DEBUG    | ui_event.get_url:load_href_save:378 - 跳过不需要的URL: 2/330, https://sd.vv50.de/...
2026-04-20 09:01:11.040 | DEBUG    | ui_event.get_url:load_href_save:378 - 跳过不需要的URL: 3/330, https://sd.vv50.de/messages.php...
2026-04-20 09:01:11.042 | DEBUG    | ui_event.get_url:load_href_save:378 - 跳过不需要的URL: 4/330, https://sd.vv50.de/notify_all.php...
2026-04-20 09:01:11.044 | DEBUG    | ui_event.get_url:load_href_save:378 - 跳过不需要的URL: 5/330, https://sd.vv50.de/users/97621307...
2026-04-20 09:01:11.045 | DEBUG    | ui_event.get_url:load_href_save:378 - 跳过不需要的URL: 6/330, https://sd.vv50.de/premium/lead/lp?g=anchor&i=side_menu_top&p=normal...
2026-04-20 09:01:11.047 | DEBUG    | ui_event.get_url:load_href_save:378 - 跳过不需要的URL: 7/330, https://sd.vv50.de/users/97621307/following...
2026-04-20 09:01:11.048 | DEBUG    | ui_event.get_url:load_href_save:378 - 跳过不需要的URL: 8/330, https://sd.vv50.de/users/97621307/followers...
2026-04-20 09:01:11.050 | DEBUG    | ui_event.get_url:load_href_save:378 - 跳过不需要的URL: 9/330, https://sd.vv50.de/info.php...
2026-04-20 09:01:11.051 | DEBUG    | ui_event.get_url:load_href_save:378 - 跳过不需要的URL: 10/330, https://sd.vv50.de/info.php?id=13611...
2026-04-20 09:01:11.053 | DEBUG    | ui_event.get_url:load_href_save:378 - 跳过不需要的URL: 11/330, https://sd.vv50.de/...
2026-04-20 09:01:11.054 | DEBUG    | ui_event.get_url:load_href_save:378 - 跳过不需要的URL: 12/330, https://sd.vv50.de/bookmark_new_illust.php...
2026-04-20 09:01:11.056 | DEBUG    | ui_event.get_url:load_href_save:378 - 跳过不需要的URL: 13/330, https://sd.vv50.de/discovery...
2026-04-20 09:01:11.058 | DEBUG    | ui_event.get_url:load_href_save:378 - 跳过不需要的URL: 14/330, https://sd.vv50.de/stacc...
2026-04-20 09:01:11.060 | DEBUG    | ui_event.get_url:load_href_save:378 - 跳过不需要的URL: 15/330, https://sd.vv50.de/ranking.php...
2026-04-20 09:01:11.062 | DEBUG    | ui_event.get_url:load_href_save:378 - 跳过不需要的URL: 16/330, https://sd.vv50.de/new_illust.php...
2026-04-20 09:01:11.064 | DEBUG    | ui_event.get_url:load_href_save:378 - 跳过不需要的URL: 17/330, https://sd.vv50.de/request...
2026-04-20 09:01:11.065 | DEBUG    | ui_event.get_url:load_href_save:378 - 跳过不需要的URL: 18/330, https://sd.vv50.de/collection...
2026-04-20 09:01:11.067 | DEBUG    | ui_event.get_url:load_href_save:378 - 跳过不需要的URL: 19/330, https://sd.vv50.de/dashboard...
2026-04-20 09:01:11.068 | DEBUG    | ui_event.get_url:load_href_save:378 - 跳过不需要的URL: 20/330, https://sd.vv50.de/dashboard/works...
2026-04-20 09:01:11.070 | DEBUG    | ui_event.get_url:load_href_save:378 - 跳过不需要的URL: 21/330, https://sd.vv50.de/manage/requests...
2026-04-20 09:01:11.072 | DEBUG    | ui_event.get_url:load_href_save:378 - 跳过不需要的URL: 22/330, https://sd.vv50.de/howto...
2026-04-20 09:01:11.073 | DEBUG    | ui_event.get_url:load_href_save:378 - 跳过不需要的URL: 23/330, https://sd.vv50.de/idea...
2026-04-20 09:01:11.074 | DEBUG    | ui_event.get_url:load_href_save:378 - 跳过不需要的URL: 24/330, https://sd.vv50.de/bookmark.php...
2026-04-20 09:01:11.076 | DEBUG    | ui_event.get_url:load_href_save:378 - 跳过不需要的URL: 25/330, https://sd.vv50.de/history.php...
2026-04-20 09:01:11.077 | DEBUG    | ui_event.get_url:load_href_save:378 - 跳过不需要的URL: 26/330, https://sd.vv50.de/novel/marker_all.php...
2026-04-20 09:01:11.079 | DEBUG    | ui_event.get_url:load_href_save:378 - 跳过不需要的URL: 27/330, https://sd.vv50.de/contest/...
2026-04-20 09:01:11.080 | DEBUG    | ui_event.get_url:load_href_save:378 - 跳过不需要的URL: 28/330, https://sd.vv50.de/group/group_list.php?id=97621307...
2026-04-20 09:01:11.081 | DEBUG    | ui_event.get_url:load_href_save:378 - 跳过不需要的URL: 29/330, https://sd.vv50.de/group/...
2026-04-20 09:01:11.084 | DEBUG    | ui_event.get_url:load_href_save:378 - 跳过不需要的URL: 30/330, https://sd.vv50.de/event.php...
2026-04-20 09:01:11.085 | DEBUG    | ui_event.get_url:load_href_save:378 - 跳过不需要的URL: 31/330, https://sd.vv50.de/user_event.php...
2026-04-20 09:01:11.086 | DEBUG    | ui_event.get_url:load_href_save:378 - 跳过不需要的URL: 32/330, https://sd.vv50.de/manage/request/sales/2026...
2026-04-20 09:01:11.088 | DEBUG    | ui_event.get_url:load_href_save:378 - 跳过不需要的URL: 33/330, https://sd.vv50.de/settings#premium_noads...
2026-04-20 09:01:11.090 | DEBUG    | ui_event.get_url:load_href_save:378 - 跳过不需要的URL: 34/330, https://sd.vv50.de/settings/viewing/mute...
2026-04-20 09:01:11.092 | DEBUG    | ui_event.get_url:load_href_save:378 - 跳过不需要的URL: 35/330, https://sd.vv50.de/settings...
2026-04-20 09:01:11.093 | DEBUG    | ui_event.get_url:load_href_save:378 - 跳过不需要的URL: 36/330, https://www.pixiv.help/hc/...
2026-04-20 09:01:11.096 | DEBUG    | ui_event.get_url:load_href_save:378 - 跳过不需要的URL: 37/330, https://sd.vv50.de/popular.php?mode=r18...
2026-04-20 09:01:11.097 | DEBUG    | ui_event.get_url:load_href_save:378 - 跳过不需要的URL: 38/330, https://sd.vv50.de/logout.php?return_to=%2F...
2026-04-20 09:01:11.099 | DEBUG    | ui_event.get_url:load_href_save:378 - 跳过不需要的URL: 39/330, https://sd.vv50.de/...
2026-04-20 09:01:11.101 | DEBUG    | ui_event.get_url:load_href_save:378 - 跳过不需要的URL: 40/330, https://sketch.pixiv.net/?utm_source=pixiv&utm_medium=header&utm_campaign=service_grid_menu...
2026-04-20 09:01:11.102 | DEBUG    | ui_event.get_url:load_href_save:378 - 跳过不需要的URL: 41/330, https://fanbox.cc/?utm_source=pixiv&utm_medium=header&utm_campaign=service_grid_menu...
2026-04-20 09:01:11.104 | DEBUG    | ui_event.get_url:load_href_save:378 - 跳过不需要的URL: 42/330, https://print.fanbox.cc/?utm_source=pixiv&utm_medium=header&utm_campaign=service_grid_menu...
2026-04-20 09:01:11.106 | DEBUG    | ui_event.get_url:load_href_save:378 - 跳过不需要的URL: 43/330, https://comic.pixiv.net/?utm_source=pixiv&utm_medium=header&utm_campaign=service_grid_menu...
2026-04-20 09:01:11.108 | DEBUG    | ui_event.get_url:load_href_save:378 - 跳过不需要的URL: 44/330, https://dic.pixiv.net/...
2026-04-20 09:01:11.109 | DEBUG    | ui_event.get_url:load_href_save:378 - 跳过不需要的URL: 45/330, https://booth.pm/?utm_source=pixiv&utm_medium=header&utm_campaign=service_grid_menu...
2026-04-20 09:01:11.111 | DEBUG    | ui_event.get_url:load_href_save:378 - 跳过不需要的URL: 46/330, https://factory.pixiv.net/?utm_source=pixiv&utm_medium=header&utm_campaign=service_grid_menu...
2026-04-20 09:01:11.113 | DEBUG    | ui_event.get_url:load_href_save:378 - 跳过不需要的URL: 47/330, https://www.pixivision.net/?utm_source=pixiv&utm_medium=header&utm_campaign=service_grid_menu...
2026-04-20 09:01:11.115 | DEBUG    | ui_event.get_url:load_href_save:378 - 跳过不需要的URL: 48/330, https://sensei.pixiv.net/?utm_source=pixiv&utm_medium=header&utm_campaign=service_grid_menu...
2026-04-20 09:01:11.117 | DEBUG    | ui_event.get_url:load_href_save:378 - 跳过不需要的URL: 49/330, https://vroid.pixiv.net/?utm_source=pixiv&utm_medium=header&utm_campaign=service_grid_menu...
2026-04-20 09:01:11.118 | DEBUG    | ui_event.get_url:load_href_save:378 - 跳过不需要的URL: 50/330, https://pastela.app/?utm_source=pixiv&utm_medium=header&utm_campaign=service_grid_menu...
2026-04-20 09:01:11.120 | DEBUG    | ui_event.get_url:load_href_save:378 - 跳过不需要的URL: 51/330, https://policies.pixiv.net/en.html#terms...
2026-04-20 09:01:11.122 | DEBUG    | ui_event.get_url:load_href_save:378 - 跳过不需要的URL: 52/330, https://policies.pixiv.net/en/privacy_policy.html...
2026-04-20 09:01:11.123 | DEBUG    | ui_event.get_url:load_href_save:378 - 跳过不需要的URL: 53/330, https://policies.pixiv.net/en.html#notation...
2026-04-20 09:01:11.124 | DEBUG    | ui_event.get_url:load_href_save:378 - 跳过不需要的URL: 54/330, https://sd.vv50.de/...
2026-04-20 09:01:11.126 | DEBUG    | ui_event.get_url:load_href_save:378 - 跳过不需要的URL: 55/330, https://sd.vv50.de/premium/lead/lp?g=anchor&i=site_header_omni_bar...
2026-04-20 09:01:11.127 | DEBUG    | ui_event.get_url:load_href_save:378 - 跳过不需要的URL: 56/330, https://sd.vv50.de/tags/%E8%8E%89%E8%8E%89%E5%A8%85%C2%B7%E9%98%BF%E7%90%B3/artworks?mode=r18...
2026-04-20 09:01:11.130 | DEBUG    | ui_event.get_url:load_href_save:378 - 跳过不需要的URL: 57/330, https://sd.vv50.de/search?q=%EB%B6%95%EA%B4%B43rd&s_mode=tag&type=artwork&mode=r18...
2026-04-20 09:01:11.131 | DEBUG    | ui_event.get_url:load_href_save:378 - 跳过不需要的URL: 58/330, https://sd.vv50.de/search?q=%E3%83%AA%E3%83%AA%E3%82%A2&s_mode=tag&type=artwork&mode=r18...
2026-04-20 09:01:11.134 | DEBUG    | ui_event.get_url:load_href_save:378 - 跳过不需要的URL: 59/330, https://sd.vv50.de/search?q=%E5%B4%A9%E5%9D%8F3rd&s_mode=tag&type=artwork&mode=r18...
2026-04-20 09:01:11.151 | DEBUG    | ui_event.get_url:load_href_save:378 - 跳过不需要的URL: 60/330, https://sd.vv50.de/search?q=%E5%B4%A9%E5%A3%8A3rd&s_mode=tag&type=artwork&mode=r18...
2026-04-20 09:01:11.164 | DEBUG    | ui_event.get_url:load_href_save:378 - 跳过不需要的URL: 61/330, https://sd.vv50.de/search?q=%E3%83%AA%E3%83%AA%E3%82%A2%E3%83%BB%E3%82%A2%E3%83%AA%E3%83%BC%E3%83%B3...
2026-04-20 09:01:11.168 | DEBUG    | ui_event.get_url:load_href_save:378 - 跳过不需要的URL: 62/330, https://sd.vv50.de/search?q=%E3%83%AA%E3%83%AA%E3%82%A2%E3%83%BB%E3%82%A2%E3%83%BC%E3%83%AA%E3%83%B3...
2026-04-20 09:01:11.171 | DEBUG    | ui_event.get_url:load_href_save:378 - 跳过不需要的URL: 63/330, https://sd.vv50.de/search?q=%E3%83%AD%E3%82%B6%E3%83%AA%E3%82%A2%E3%83%BB%E3%82%A2%E3%83%BC%E3%83%AA...
2026-04-20 09:01:11.172 | DEBUG    | ui_event.get_url:load_href_save:378 - 跳过不需要的URL: 64/330, https://sd.vv50.de/search?q=%E3%83%AD%E3%83%AA&s_mode=tag&type=artwork&mode=r18...
2026-04-20 09:01:11.175 | DEBUG    | ui_event.get_url:load_href_save:378 - 跳过不需要的URL: 65/330, https://sd.vv50.de/search?q=%E3%83%AD%E3%82%B6%E3%83%AA%E3%82%A2%E3%83%BB%E3%82%A2%E3%83%AA%E3%83%BC...
2026-04-20 09:01:11.178 | DEBUG    | ui_event.get_url:load_href_save:378 - 跳过不需要的URL: 66/330, https://sd.vv50.de/search?q=%E3%82%B3%E3%82%A4%E3%82%AB%E3%83%84&s_mode=tag&type=artwork&mode=r18...
2026-04-20 09:01:11.182 | DEBUG    | ui_event.get_url:load_href_save:378 - 跳过不需要的URL: 67/330, https://sd.vv50.de/search?q=HonkaiImpact3rd&s_mode=tag&type=artwork&mode=r18...
2026-04-20 09:01:11.184 | DEBUG    | ui_event.get_url:load_href_save:378 - 跳过不需要的URL: 68/330, https://sd.vv50.de/search?q=%E3%81%A1%E3%81%A3%E3%81%B1%E3%81%84&s_mode=tag&type=artwork&mode=r18...
2026-04-20 09:01:11.186 | DEBUG    | ui_event.get_url:load_href_save:378 - 跳过不需要的URL: 69/330, https://sd.vv50.de/search?q=Honkaiimpact3rd&s_mode=tag&type=artwork&mode=r18...
2026-04-20 09:01:11.188 | DEBUG    | ui_event.get_url:load_href_save:378 - 跳过不需要的URL: 70/330, https://sd.vv50.de/search?q=%E7%99%BE%E5%90%88&s_mode=tag&type=artwork&mode=r18...
2026-04-20 09:01:11.190 | DEBUG    | ui_event.get_url:load_href_save:378 - 跳过不需要的URL: 71/330, https://sd.vv50.de/search?q=%E8%90%9D%E8%8E%89&s_mode=tag&type=artwork&mode=r18...
2026-04-20 09:01:11.192 | DEBUG    | ui_event.get_url:load_href_save:378 - 跳过不需要的URL: 72/330, https://sd.vv50.de/search?q=%E8%8E%89%E8%8E%89%E5%A8%85&s_mode=tag&type=artwork&mode=r18...
2026-04-20 09:01:11.193 | DEBUG    | ui_event.get_url:load_href_save:378 - 跳过不需要的URL: 73/330, https://sd.vv50.de/search?q=%E3%81%8A%E3%81%BE%E3%82%93%E3%81%93&s_mode=tag&type=artwork&mode=r18...
2026-04-20 09:01:11.195 | DEBUG    | ui_event.get_url:load_href_save:378 - 跳过不需要的URL: 74/330, https://sd.vv50.de/search?q=%E5%B0%91%E5%A5%B3&s_mode=tag&type=artwork&mode=r18...
2026-04-20 09:01:11.197 | DEBUG    | ui_event.get_url:load_href_save:378 - 跳过不需要的URL: 75/330, https://sd.vv50.de/search?q=%E8%8E%89%E8%8E%89%E5%A8%85%C2%B7%E9%98%BF%E7%90%B3&s_mode=tag&type=illu...
2026-04-20 09:01:11.198 | DEBUG    | ui_event.get_url:load_href_save:378 - 跳过不需要的URL: 76/330, https://sd.vv50.de/search?q=%E8%8E%89%E8%8E%89%E5%A8%85%C2%B7%E9%98%BF%E7%90%B3&s_mode=tag&type=mang...
2026-04-20 09:01:11.199 | DEBUG    | ui_event.get_url:load_href_save:378 - 跳过不需要的URL: 77/330, https://sd.vv50.de/search?q=%E8%8E%89%E8%8E%89%E5%A8%85%C2%B7%E9%98%BF%E7%90%B3&s_mode=tag_tc&type=n...
2026-04-20 09:01:11.201 | DEBUG    | ui_event.get_url:load_href_save:378 - 跳过不需要的URL: 78/330, https://sd.vv50.de/search_user.php?nick=%E8%8E%89%E8%8E%89%E5%A8%85%C2%B7%E9%98%BF%E7%90%B3&s_mode=s...
2026-04-20 09:01:11.202 | DEBUG    | ui_event.get_url:load_href_save:378 - 跳过不需要的URL: 79/330, https://sd.vv50.de/search?q=%E8%8E%89%E8%8E%89%E5%A8%85%C2%B7%E9%98%BF%E7%90%B3&s_mode=tag&type=artw...
2026-04-20 09:01:11.204 | DEBUG    | ui_event.get_url:load_href_save:378 - 跳过不需要的URL: 80/330, https://sd.vv50.de/search?q=%E8%8E%89%E8%8E%89%E5%A8%85%C2%B7%E9%98%BF%E7%90%B3&s_mode=tag&type=illu...
2026-04-20 09:01:11.205 | DEBUG    | ui_event.get_url:load_href_save:378 - 跳过不需要的URL: 81/330, https://sd.vv50.de/search?q=%E8%8E%89%E8%8E%89%E5%A8%85%C2%B7%E9%98%BF%E7%90%B3&s_mode=tag&type=artw...
2026-04-20 09:01:11.209 | DEBUG    | ui_event.get_url:load_href_save:389 - 跳过已存在的URL: 82/330, https://sd.vv50.de/artworks/143415375...
2026-04-20 09:01:11.212 | DEBUG    | ui_event.get_url:load_href_save:389 - 跳过已存在的URL: 83/330, https://sd.vv50.de/artworks/143415375...
2026-04-20 09:01:11.213 | DEBUG    | ui_event.get_url:load_href_save:378 - 跳过不需要的URL: 84/330, https://sd.vv50.de/users/123840266...
2026-04-20 09:01:11.215 | DEBUG    | ui_event.get_url:load_href_save:378 - 跳过不需要的URL: 85/330, https://sd.vv50.de/users/123840266...
2026-04-20 09:01:11.218 | DEBUG    | ui_event.get_url:load_href_save:389 - 跳过已存在的URL: 86/330, https://sd.vv50.de/artworks/143286755...
2026-04-20 09:01:11.220 | DEBUG    | ui_event.get_url:load_href_save:389 - 跳过已存在的URL: 87/330, https://sd.vv50.de/artworks/143286755...
2026-04-20 09:01:11.221 | DEBUG    | ui_event.get_url:load_href_save:378 - 跳过不需要的URL: 88/330, https://sd.vv50.de/users/39881943...
2026-04-20 09:01:11.223 | DEBUG    | ui_event.get_url:load_href_save:378 - 跳过不需要的URL: 89/330, https://sd.vv50.de/users/39881943...
2026-04-20 09:01:11.226 | DEBUG    | ui_event.get_url:load_href_save:389 - 跳过已存在的URL: 90/330, https://sd.vv50.de/artworks/142413587...
2026-04-20 09:01:11.229 | DEBUG    | ui_event.get_url:load_href_save:389 - 跳过已存在的URL: 91/330, https://sd.vv50.de/artworks/142413587...
2026-04-20 09:01:11.230 | DEBUG    | ui_event.get_url:load_href_save:378 - 跳过不需要的URL: 92/330, https://sd.vv50.de/users/53148914...
2026-04-20 09:01:11.232 | DEBUG    | ui_event.get_url:load_href_save:378 - 跳过不需要的URL: 93/330, https://sd.vv50.de/users/53148914...
2026-04-20 09:01:11.234 | DEBUG    | ui_event.get_url:load_href_save:389 - 跳过已存在的URL: 94/330, https://sd.vv50.de/artworks/142152864...
2026-04-20 09:01:11.237 | DEBUG    | ui_event.get_url:load_href_save:389 - 跳过已存在的URL: 95/330, https://sd.vv50.de/artworks/142152864...
2026-04-20 09:01:11.239 | DEBUG    | ui_event.get_url:load_href_save:378 - 跳过不需要的URL: 96/330, https://sd.vv50.de/users/72451729...
2026-04-20 09:01:11.240 | DEBUG    | ui_event.get_url:load_href_save:378 - 跳过不需要的URL: 97/330, https://sd.vv50.de/users/72451729...
2026-04-20 09:01:11.243 | DEBUG    | ui_event.get_url:load_href_save:389 - 跳过已存在的URL: 98/330, https://sd.vv50.de/artworks/142115051...
2026-04-20 09:01:11.245 | DEBUG    | ui_event.get_url:load_href_save:389 - 跳过已存在的URL: 99/330, https://sd.vv50.de/artworks/142115051...
2026-04-20 09:01:11.247 | DEBUG    | ui_event.get_url:load_href_save:378 - 跳过不需要的URL: 100/330, https://sd.vv50.de/users/72451729...
2026-04-20 09:01:11.248 | DEBUG    | ui_event.get_url:load_href_save:378 - 跳过不需要的URL: 101/330, https://sd.vv50.de/users/72451729...
2026-04-20 09:01:11.250 | DEBUG    | ui_event.get_url:load_href_save:389 - 跳过已存在的URL: 102/330, https://sd.vv50.de/artworks/142013705...
2026-04-20 09:01:11.253 | DEBUG    | ui_event.get_url:load_href_save:389 - 跳过已存在的URL: 103/330, https://sd.vv50.de/artworks/142013705...
2026-04-20 09:01:11.255 | DEBUG    | ui_event.get_url:load_href_save:378 - 跳过不需要的URL: 104/330, https://sd.vv50.de/users/123573607...
2026-04-20 09:01:11.257 | DEBUG    | ui_event.get_url:load_href_save:378 - 跳过不需要的URL: 105/330, https://sd.vv50.de/users/123573607...
2026-04-20 09:01:11.260 | DEBUG    | ui_event.get_url:load_href_save:389 - 跳过已存在的URL: 106/330, https://sd.vv50.de/artworks/141961452...
2026-04-20 09:01:11.262 | DEBUG    | ui_event.get_url:load_href_save:389 - 跳过已存在的URL: 107/330, https://sd.vv50.de/artworks/141961452...
2026-04-20 09:01:11.263 | DEBUG    | ui_event.get_url:load_href_save:378 - 跳过不需要的URL: 108/330, https://sd.vv50.de/users/31266658...
2026-04-20 09:01:11.265 | DEBUG    | ui_event.get_url:load_href_save:378 - 跳过不需要的URL: 109/330, https://sd.vv50.de/users/31266658...
2026-04-20 09:01:11.268 | DEBUG    | ui_event.get_url:load_href_save:389 - 跳过已存在的URL: 110/330, https://sd.vv50.de/artworks/141715923...
2026-04-20 09:01:11.270 | DEBUG    | ui_event.get_url:load_href_save:389 - 跳过已存在的URL: 111/330, https://sd.vv50.de/artworks/141715923...
2026-04-20 09:01:11.272 | DEBUG    | ui_event.get_url:load_href_save:378 - 跳过不需要的URL: 112/330, https://sd.vv50.de/users/24070760...
2026-04-20 09:01:11.274 | DEBUG    | ui_event.get_url:load_href_save:378 - 跳过不需要的URL: 113/330, https://sd.vv50.de/users/24070760...
2026-04-20 09:01:11.277 | DEBUG    | ui_event.get_url:load_href_save:389 - 跳过已存在的URL: 114/330, https://sd.vv50.de/artworks/141710183...
2026-04-20 09:01:11.280 | DEBUG    | ui_event.get_url:load_href_save:389 - 跳过已存在的URL: 115/330, https://sd.vv50.de/artworks/141710183...
2026-04-20 09:01:11.282 | DEBUG    | ui_event.get_url:load_href_save:378 - 跳过不需要的URL: 116/330, https://sd.vv50.de/users/4280968...
2026-04-20 09:01:11.284 | DEBUG    | ui_event.get_url:load_href_save:378 - 跳过不需要的URL: 117/330, https://sd.vv50.de/users/4280968...
2026-04-20 09:01:11.288 | DEBUG    | ui_event.get_url:load_href_save:389 - 跳过已存在的URL: 118/330, https://sd.vv50.de/artworks/140906334...
2026-04-20 09:01:11.291 | DEBUG    | ui_event.get_url:load_href_save:389 - 跳过已存在的URL: 119/330, https://sd.vv50.de/artworks/140906334...
2026-04-20 09:01:11.294 | DEBUG    | ui_event.get_url:load_href_save:378 - 跳过不需要的URL: 120/330, https://sd.vv50.de/users/123573607...
2026-04-20 09:01:11.300 | DEBUG    | ui_event.get_url:load_href_save:378 - 跳过不需要的URL: 121/330, https://sd.vv50.de/users/123573607...
2026-04-20 09:01:11.303 | DEBUG    | ui_event.get_url:load_href_save:389 - 跳过已存在的URL: 122/330, https://sd.vv50.de/artworks/140883978...
2026-04-20 09:01:11.306 | DEBUG    | ui_event.get_url:load_href_save:389 - 跳过已存在的URL: 123/330, https://sd.vv50.de/artworks/140883978...
2026-04-20 09:01:11.307 | DEBUG    | ui_event.get_url:load_href_save:378 - 跳过不需要的URL: 124/330, https://sd.vv50.de/users/123573607...
2026-04-20 09:01:11.308 | DEBUG    | ui_event.get_url:load_href_save:378 - 跳过不需要的URL: 125/330, https://sd.vv50.de/users/123573607...
2026-04-20 09:01:11.311 | DEBUG    | ui_event.get_url:load_href_save:389 - 跳过已存在的URL: 126/330, https://sd.vv50.de/artworks/140816157...
2026-04-20 09:01:11.313 | DEBUG    | ui_event.get_url:load_href_save:389 - 跳过已存在的URL: 127/330, https://sd.vv50.de/artworks/140816157...
2026-04-20 09:01:11.315 | DEBUG    | ui_event.get_url:load_href_save:378 - 跳过不需要的URL: 128/330, https://sd.vv50.de/users/121987514...
2026-04-20 09:01:11.316 | DEBUG    | ui_event.get_url:load_href_save:378 - 跳过不需要的URL: 129/330, https://sd.vv50.de/users/121987514...
2026-04-20 09:01:11.319 | DEBUG    | ui_event.get_url:load_href_save:389 - 跳过已存在的URL: 130/330, https://sd.vv50.de/artworks/140789911...
2026-04-20 09:01:11.322 | DEBUG    | ui_event.get_url:load_href_save:389 - 跳过已存在的URL: 131/330, https://sd.vv50.de/artworks/140789911...
2026-04-20 09:01:11.324 | DEBUG    | ui_event.get_url:load_href_save:378 - 跳过不需要的URL: 132/330, https://sd.vv50.de/users/123573607...
2026-04-20 09:01:11.326 | DEBUG    | ui_event.get_url:load_href_save:378 - 跳过不需要的URL: 133/330, https://sd.vv50.de/users/123573607...
2026-04-20 09:01:11.332 | DEBUG    | ui_event.get_url:load_href_save:389 - 跳过已存在的URL: 134/330, https://sd.vv50.de/artworks/140731605...
2026-04-20 09:01:11.336 | DEBUG    | ui_event.get_url:load_href_save:389 - 跳过已存在的URL: 135/330, https://sd.vv50.de/artworks/140731605...
2026-04-20 09:01:11.337 | DEBUG    | ui_event.get_url:load_href_save:378 - 跳过不需要的URL: 136/330, https://sd.vv50.de/users/122873134...
2026-04-20 09:01:11.338 | DEBUG    | ui_event.get_url:load_href_save:378 - 跳过不需要的URL: 137/330, https://sd.vv50.de/users/122873134...
2026-04-20 09:01:11.341 | DEBUG    | ui_event.get_url:load_href_save:389 - 跳过已存在的URL: 138/330, https://sd.vv50.de/artworks/140531545...
2026-04-20 09:01:11.346 | DEBUG    | ui_event.get_url:load_href_save:389 - 跳过已存在的URL: 139/330, https://sd.vv50.de/artworks/140531545...
2026-04-20 09:01:11.348 | DEBUG    | ui_event.get_url:load_href_save:378 - 跳过不需要的URL: 140/330, https://sd.vv50.de/users/41232028...
2026-04-20 09:01:11.349 | DEBUG    | ui_event.get_url:load_href_save:378 - 跳过不需要的URL: 141/330, https://sd.vv50.de/users/41232028...
2026-04-20 09:01:11.351 | DEBUG    | ui_event.get_url:load_href_save:389 - 跳过已存在的URL: 142/330, https://sd.vv50.de/artworks/140531231...
2026-04-20 09:01:11.354 | DEBUG    | ui_event.get_url:load_href_save:389 - 跳过已存在的URL: 143/330, https://sd.vv50.de/artworks/140531231...
2026-04-20 09:01:11.355 | DEBUG    | ui_event.get_url:load_href_save:378 - 跳过不需要的URL: 144/330, https://sd.vv50.de/users/41232028...
2026-04-20 09:01:11.358 | DEBUG    | ui_event.get_url:load_href_save:378 - 跳过不需要的URL: 145/330, https://sd.vv50.de/users/41232028...
2026-04-20 09:01:11.361 | DEBUG    | ui_event.get_url:load_href_save:389 - 跳过已存在的URL: 146/330, https://sd.vv50.de/artworks/140462800...
2026-04-20 09:01:11.363 | DEBUG    | ui_event.get_url:load_href_save:389 - 跳过已存在的URL: 147/330, https://sd.vv50.de/artworks/140462800...
2026-04-20 09:01:11.365 | DEBUG    | ui_event.get_url:load_href_save:378 - 跳过不需要的URL: 148/330, https://sd.vv50.de/users/41232028...
2026-04-20 09:01:11.366 | DEBUG    | ui_event.get_url:load_href_save:378 - 跳过不需要的URL: 149/330, https://sd.vv50.de/users/41232028...
2026-04-20 09:01:11.368 | DEBUG    | ui_event.get_url:load_href_save:389 - 跳过已存在的URL: 150/330, https://sd.vv50.de/artworks/140462017...
2026-04-20 09:01:11.371 | DEBUG    | ui_event.get_url:load_href_save:389 - 跳过已存在的URL: 151/330, https://sd.vv50.de/artworks/140462017...
2026-04-20 09:01:11.372 | DEBUG    | ui_event.get_url:load_href_save:378 - 跳过不需要的URL: 152/330, https://sd.vv50.de/users/41232028...
2026-04-20 09:01:11.373 | DEBUG    | ui_event.get_url:load_href_save:378 - 跳过不需要的URL: 153/330, https://sd.vv50.de/users/41232028...
2026-04-20 09:01:11.375 | DEBUG    | ui_event.get_url:load_href_save:389 - 跳过已存在的URL: 154/330, https://sd.vv50.de/artworks/140426407...
2026-04-20 09:01:11.378 | DEBUG    | ui_event.get_url:load_href_save:389 - 跳过已存在的URL: 155/330, https://sd.vv50.de/artworks/140426407...
2026-04-20 09:01:11.379 | DEBUG    | ui_event.get_url:load_href_save:378 - 跳过不需要的URL: 156/330, https://sd.vv50.de/users/41232028...
2026-04-20 09:01:11.380 | DEBUG    | ui_event.get_url:load_href_save:378 - 跳过不需要的URL: 157/330, https://sd.vv50.de/users/41232028...
2026-04-20 09:01:11.382 | DEBUG    | ui_event.get_url:load_href_save:389 - 跳过已存在的URL: 158/330, https://sd.vv50.de/artworks/140348815...
2026-04-20 09:01:11.385 | DEBUG    | ui_event.get_url:load_href_save:389 - 跳过已存在的URL: 159/330, https://sd.vv50.de/artworks/140348815...
2026-04-20 09:01:11.386 | DEBUG    | ui_event.get_url:load_href_save:378 - 跳过不需要的URL: 160/330, https://sd.vv50.de/users/24070760...
2026-04-20 09:01:11.387 | DEBUG    | ui_event.get_url:load_href_save:378 - 跳过不需要的URL: 161/330, https://sd.vv50.de/users/24070760...
2026-04-20 09:01:11.389 | DEBUG    | ui_event.get_url:load_href_save:389 - 跳过已存在的URL: 162/330, https://sd.vv50.de/artworks/140314601...
2026-04-20 09:01:11.393 | DEBUG    | ui_event.get_url:load_href_save:389 - 跳过已存在的URL: 163/330, https://sd.vv50.de/artworks/140314601...
2026-04-20 09:01:11.394 | DEBUG    | ui_event.get_url:load_href_save:378 - 跳过不需要的URL: 164/330, https://sd.vv50.de/users/121607651...
2026-04-20 09:01:11.395 | DEBUG    | ui_event.get_url:load_href_save:378 - 跳过不需要的URL: 165/330, https://sd.vv50.de/users/121607651...
2026-04-20 09:01:11.398 | DEBUG    | ui_event.get_url:load_href_save:389 - 跳过已存在的URL: 166/330, https://sd.vv50.de/artworks/140216555...
2026-04-20 09:01:11.400 | DEBUG    | ui_event.get_url:load_href_save:389 - 跳过已存在的URL: 167/330, https://sd.vv50.de/artworks/140216555...
2026-04-20 09:01:11.401 | DEBUG    | ui_event.get_url:load_href_save:378 - 跳过不需要的URL: 168/330, https://sd.vv50.de/users/24070760...
2026-04-20 09:01:11.402 | DEBUG    | ui_event.get_url:load_href_save:378 - 跳过不需要的URL: 169/330, https://sd.vv50.de/users/24070760...
2026-04-20 09:01:11.404 | DEBUG    | ui_event.get_url:load_href_save:389 - 跳过已存在的URL: 170/330, https://sd.vv50.de/artworks/139954799...
2026-04-20 09:01:11.407 | DEBUG    | ui_event.get_url:load_href_save:389 - 跳过已存在的URL: 171/330, https://sd.vv50.de/artworks/139954799...
2026-04-20 09:01:11.408 | DEBUG    | ui_event.get_url:load_href_save:378 - 跳过不需要的URL: 172/330, https://sd.vv50.de/users/61238438...
2026-04-20 09:01:11.409 | DEBUG    | ui_event.get_url:load_href_save:378 - 跳过不需要的URL: 173/330, https://sd.vv50.de/users/61238438...
2026-04-20 09:01:11.411 | DEBUG    | ui_event.get_url:load_href_save:389 - 跳过已存在的URL: 174/330, https://sd.vv50.de/artworks/139906128...
2026-04-20 09:01:11.414 | DEBUG    | ui_event.get_url:load_href_save:389 - 跳过已存在的URL: 175/330, https://sd.vv50.de/artworks/139906128...
2026-04-20 09:01:11.415 | DEBUG    | ui_event.get_url:load_href_save:378 - 跳过不需要的URL: 176/330, https://sd.vv50.de/users/9147277...
2026-04-20 09:01:11.416 | DEBUG    | ui_event.get_url:load_href_save:378 - 跳过不需要的URL: 177/330, https://sd.vv50.de/users/9147277...
2026-04-20 09:01:11.419 | DEBUG    | ui_event.get_url:load_href_save:389 - 跳过已存在的URL: 178/330, https://sd.vv50.de/artworks/139722460...
2026-04-20 09:01:11.421 | DEBUG    | ui_event.get_url:load_href_save:389 - 跳过已存在的URL: 179/330, https://sd.vv50.de/artworks/139722460...
2026-04-20 09:01:11.423 | DEBUG    | ui_event.get_url:load_href_save:378 - 跳过不需要的URL: 180/330, https://sd.vv50.de/users/25092371...
2026-04-20 09:01:11.424 | DEBUG    | ui_event.get_url:load_href_save:378 - 跳过不需要的URL: 181/330, https://sd.vv50.de/users/25092371...
2026-04-20 09:01:11.426 | DEBUG    | ui_event.get_url:load_href_save:389 - 跳过已存在的URL: 182/330, https://sd.vv50.de/artworks/139640463...
2026-04-20 09:01:11.429 | DEBUG    | ui_event.get_url:load_href_save:389 - 跳过已存在的URL: 183/330, https://sd.vv50.de/artworks/139640463...
2026-04-20 09:01:11.430 | DEBUG    | ui_event.get_url:load_href_save:378 - 跳过不需要的URL: 184/330, https://sd.vv50.de/users/24070760...
2026-04-20 09:01:11.431 | DEBUG    | ui_event.get_url:load_href_save:378 - 跳过不需要的URL: 185/330, https://sd.vv50.de/users/24070760...
2026-04-20 09:01:11.433 | DEBUG    | ui_event.get_url:load_href_save:389 - 跳过已存在的URL: 186/330, https://sd.vv50.de/artworks/139450572...
2026-04-20 09:01:11.436 | DEBUG    | ui_event.get_url:load_href_save:389 - 跳过已存在的URL: 187/330, https://sd.vv50.de/artworks/139450572...
2026-04-20 09:01:11.437 | DEBUG    | ui_event.get_url:load_href_save:378 - 跳过不需要的URL: 188/330, https://sd.vv50.de/users/41821513...
2026-04-20 09:01:11.438 | DEBUG    | ui_event.get_url:load_href_save:378 - 跳过不需要的URL: 189/330, https://sd.vv50.de/users/41821513...
2026-04-20 09:01:11.440 | DEBUG    | ui_event.get_url:load_href_save:389 - 跳过已存在的URL: 190/330, https://sd.vv50.de/artworks/139450434...
2026-04-20 09:01:11.442 | DEBUG    | ui_event.get_url:load_href_save:389 - 跳过已存在的URL: 191/330, https://sd.vv50.de/artworks/139450434...
2026-04-20 09:01:11.444 | DEBUG    | ui_event.get_url:load_href_save:378 - 跳过不需要的URL: 192/330, https://sd.vv50.de/users/41821513...
2026-04-20 09:01:11.445 | DEBUG    | ui_event.get_url:load_href_save:378 - 跳过不需要的URL: 193/330, https://sd.vv50.de/users/41821513...
2026-04-20 09:01:11.447 | DEBUG    | ui_event.get_url:load_href_save:389 - 跳过已存在的URL: 194/330, https://sd.vv50.de/artworks/139120730...
2026-04-20 09:01:11.449 | DEBUG    | ui_event.get_url:load_href_save:389 - 跳过已存在的URL: 195/330, https://sd.vv50.de/artworks/139120730...
2026-04-20 09:01:11.450 | DEBUG    | ui_event.get_url:load_href_save:378 - 跳过不需要的URL: 196/330, https://sd.vv50.de/users/36401900...
2026-04-20 09:01:11.451 | DEBUG    | ui_event.get_url:load_href_save:378 - 跳过不需要的URL: 197/330, https://sd.vv50.de/users/36401900...
2026-04-20 09:01:11.453 | DEBUG    | ui_event.get_url:load_href_save:389 - 跳过已存在的URL: 198/330, https://sd.vv50.de/artworks/138301775...
2026-04-20 09:01:11.455 | DEBUG    | ui_event.get_url:load_href_save:389 - 跳过已存在的URL: 199/330, https://sd.vv50.de/artworks/138301775...
2026-04-20 09:01:11.456 | DEBUG    | ui_event.get_url:load_href_save:378 - 跳过不需要的URL: 200/330, https://sd.vv50.de/users/121607651...
2026-04-20 09:01:11.457 | DEBUG    | ui_event.get_url:load_href_save:378 - 跳过不需要的URL: 201/330, https://sd.vv50.de/users/121607651...
2026-04-20 09:01:11.460 | DEBUG    | ui_event.get_url:load_href_save:389 - 跳过已存在的URL: 202/330, https://sd.vv50.de/artworks/138169888...
2026-04-20 09:01:11.462 | DEBUG    | ui_event.get_url:load_href_save:389 - 跳过已存在的URL: 203/330, https://sd.vv50.de/artworks/138169888...
2026-04-20 09:01:11.463 | DEBUG    | ui_event.get_url:load_href_save:378 - 跳过不需要的URL: 204/330, https://sd.vv50.de/users/119798548...
2026-04-20 09:01:11.464 | DEBUG    | ui_event.get_url:load_href_save:378 - 跳过不需要的URL: 205/330, https://sd.vv50.de/users/119798548...
2026-04-20 09:01:11.467 | DEBUG    | ui_event.get_url:load_href_save:389 - 跳过已存在的URL: 206/330, https://sd.vv50.de/artworks/138154927...
2026-04-20 09:01:11.469 | DEBUG    | ui_event.get_url:load_href_save:389 - 跳过已存在的URL: 207/330, https://sd.vv50.de/artworks/138154927...
2026-04-20 09:01:11.471 | DEBUG    | ui_event.get_url:load_href_save:378 - 跳过不需要的URL: 208/330, https://sd.vv50.de/users/121607651...
2026-04-20 09:01:11.472 | DEBUG    | ui_event.get_url:load_href_save:378 - 跳过不需要的URL: 209/330, https://sd.vv50.de/users/121607651...
2026-04-20 09:01:11.475 | DEBUG    | ui_event.get_url:load_href_save:389 - 跳过已存在的URL: 210/330, https://sd.vv50.de/artworks/137603765...
2026-04-20 09:01:11.477 | DEBUG    | ui_event.get_url:load_href_save:389 - 跳过已存在的URL: 211/330, https://sd.vv50.de/artworks/137603765...
2026-04-20 09:01:11.478 | DEBUG    | ui_event.get_url:load_href_save:378 - 跳过不需要的URL: 212/330, https://sd.vv50.de/users/119798548...
2026-04-20 09:01:11.480 | DEBUG    | ui_event.get_url:load_href_save:378 - 跳过不需要的URL: 213/330, https://sd.vv50.de/users/119798548...
2026-04-20 09:01:11.482 | DEBUG    | ui_event.get_url:load_href_save:389 - 跳过已存在的URL: 214/330, https://sd.vv50.de/artworks/137000255...
2026-04-20 09:01:11.485 | DEBUG    | ui_event.get_url:load_href_save:389 - 跳过已存在的URL: 215/330, https://sd.vv50.de/artworks/137000255...
2026-04-20 09:01:11.486 | DEBUG    | ui_event.get_url:load_href_save:378 - 跳过不需要的URL: 216/330, https://sd.vv50.de/users/115219488...
2026-04-20 09:01:11.487 | DEBUG    | ui_event.get_url:load_href_save:378 - 跳过不需要的URL: 217/330, https://sd.vv50.de/users/115219488...
2026-04-20 09:01:11.489 | DEBUG    | ui_event.get_url:load_href_save:389 - 跳过已存在的URL: 218/330, https://sd.vv50.de/artworks/137000009...
2026-04-20 09:01:11.491 | DEBUG    | ui_event.get_url:load_href_save:389 - 跳过已存在的URL: 219/330, https://sd.vv50.de/artworks/137000009...
2026-04-20 09:01:11.492 | DEBUG    | ui_event.get_url:load_href_save:378 - 跳过不需要的URL: 220/330, https://sd.vv50.de/users/115219488...
2026-04-20 09:01:11.493 | DEBUG    | ui_event.get_url:load_href_save:378 - 跳过不需要的URL: 221/330, https://sd.vv50.de/users/115219488...
2026-04-20 09:01:11.495 | DEBUG    | ui_event.get_url:load_href_save:389 - 跳过已存在的URL: 222/330, https://sd.vv50.de/artworks/136944773...
2026-04-20 09:01:11.497 | DEBUG    | ui_event.get_url:load_href_save:389 - 跳过已存在的URL: 223/330, https://sd.vv50.de/artworks/136944773...
2026-04-20 09:01:11.499 | DEBUG    | ui_event.get_url:load_href_save:378 - 跳过不需要的URL: 224/330, https://sd.vv50.de/users/34458477...
2026-04-20 09:01:11.500 | DEBUG    | ui_event.get_url:load_href_save:378 - 跳过不需要的URL: 225/330, https://sd.vv50.de/users/34458477...
2026-04-20 09:01:11.502 | DEBUG    | ui_event.get_url:load_href_save:389 - 跳过已存在的URL: 226/330, https://sd.vv50.de/artworks/136908649...
2026-04-20 09:01:11.504 | DEBUG    | ui_event.get_url:load_href_save:389 - 跳过已存在的URL: 227/330, https://sd.vv50.de/artworks/136908649...
2026-04-20 09:01:11.505 | DEBUG    | ui_event.get_url:load_href_save:378 - 跳过不需要的URL: 228/330, https://sd.vv50.de/users/120836460...
2026-04-20 09:01:11.506 | DEBUG    | ui_event.get_url:load_href_save:378 - 跳过不需要的URL: 229/330, https://sd.vv50.de/users/120836460...
2026-04-20 09:01:11.509 | DEBUG    | ui_event.get_url:load_href_save:389 - 跳过已存在的URL: 230/330, https://sd.vv50.de/artworks/136817729...
2026-04-20 09:01:11.511 | DEBUG    | ui_event.get_url:load_href_save:389 - 跳过已存在的URL: 231/330, https://sd.vv50.de/artworks/136817729...
2026-04-20 09:01:11.512 | DEBUG    | ui_event.get_url:load_href_save:378 - 跳过不需要的URL: 232/330, https://sd.vv50.de/users/24070760...
2026-04-20 09:01:11.513 | DEBUG    | ui_event.get_url:load_href_save:378 - 跳过不需要的URL: 233/330, https://sd.vv50.de/users/24070760...
2026-04-20 09:01:11.515 | DEBUG    | ui_event.get_url:load_href_save:389 - 跳过已存在的URL: 234/330, https://sd.vv50.de/artworks/136498860...
2026-04-20 09:01:11.517 | DEBUG    | ui_event.get_url:load_href_save:389 - 跳过已存在的URL: 235/330, https://sd.vv50.de/artworks/136498860...
2026-04-20 09:01:11.518 | DEBUG    | ui_event.get_url:load_href_save:378 - 跳过不需要的URL: 236/330, https://sd.vv50.de/users/120836460...
2026-04-20 09:01:11.520 | DEBUG    | ui_event.get_url:load_href_save:378 - 跳过不需要的URL: 237/330, https://sd.vv50.de/users/120836460...
2026-04-20 09:01:11.522 | DEBUG    | ui_event.get_url:load_href_save:389 - 跳过已存在的URL: 238/330, https://sd.vv50.de/artworks/136318191...
2026-04-20 09:01:11.524 | DEBUG    | ui_event.get_url:load_href_save:389 - 跳过已存在的URL: 239/330, https://sd.vv50.de/artworks/136318191...
2026-04-20 09:01:11.525 | DEBUG    | ui_event.get_url:load_href_save:378 - 跳过不需要的URL: 240/330, https://sd.vv50.de/users/109396479...
2026-04-20 09:01:11.526 | DEBUG    | ui_event.get_url:load_href_save:378 - 跳过不需要的URL: 241/330, https://sd.vv50.de/users/109396479...
2026-04-20 09:01:11.528 | DEBUG    | ui_event.get_url:load_href_save:389 - 跳过已存在的URL: 242/330, https://sd.vv50.de/artworks/135877271...
2026-04-20 09:01:11.532 | DEBUG    | ui_event.get_url:load_href_save:389 - 跳过已存在的URL: 243/330, https://sd.vv50.de/artworks/135877271...
2026-04-20 09:01:11.534 | DEBUG    | ui_event.get_url:load_href_save:378 - 跳过不需要的URL: 244/330, https://sd.vv50.de/users/24070760...
2026-04-20 09:01:11.535 | DEBUG    | ui_event.get_url:load_href_save:378 - 跳过不需要的URL: 245/330, https://sd.vv50.de/users/24070760...
2026-04-20 09:01:11.537 | DEBUG    | ui_event.get_url:load_href_save:389 - 跳过已存在的URL: 246/330, https://sd.vv50.de/artworks/135742619...
2026-04-20 09:01:11.539 | DEBUG    | ui_event.get_url:load_href_save:389 - 跳过已存在的URL: 247/330, https://sd.vv50.de/artworks/135742619...
2026-04-20 09:01:11.540 | DEBUG    | ui_event.get_url:load_href_save:378 - 跳过不需要的URL: 248/330, https://sd.vv50.de/users/41052505...
2026-04-20 09:01:11.541 | DEBUG    | ui_event.get_url:load_href_save:378 - 跳过不需要的URL: 249/330, https://sd.vv50.de/users/41052505...
2026-04-20 09:01:11.543 | DEBUG    | ui_event.get_url:load_href_save:389 - 跳过已存在的URL: 250/330, https://sd.vv50.de/artworks/135668866...
2026-04-20 09:01:11.546 | DEBUG    | ui_event.get_url:load_href_save:389 - 跳过已存在的URL: 251/330, https://sd.vv50.de/artworks/135668866...
2026-04-20 09:01:11.548 | DEBUG    | ui_event.get_url:load_href_save:378 - 跳过不需要的URL: 252/330, https://sd.vv50.de/users/41052505...
2026-04-20 09:01:11.549 | DEBUG    | ui_event.get_url:load_href_save:378 - 跳过不需要的URL: 253/330, https://sd.vv50.de/users/41052505...
2026-04-20 09:01:11.551 | DEBUG    | ui_event.get_url:load_href_save:389 - 跳过已存在的URL: 254/330, https://sd.vv50.de/artworks/135649860...
2026-04-20 09:01:11.553 | DEBUG    | ui_event.get_url:load_href_save:389 - 跳过已存在的URL: 255/330, https://sd.vv50.de/artworks/135649860...
2026-04-20 09:01:11.554 | DEBUG    | ui_event.get_url:load_href_save:378 - 跳过不需要的URL: 256/330, https://sd.vv50.de/users/2136232...
2026-04-20 09:01:11.555 | DEBUG    | ui_event.get_url:load_href_save:378 - 跳过不需要的URL: 257/330, https://sd.vv50.de/users/2136232...
2026-04-20 09:01:11.557 | DEBUG    | ui_event.get_url:load_href_save:389 - 跳过已存在的URL: 258/330, https://sd.vv50.de/artworks/135603411...
2026-04-20 09:01:11.559 | DEBUG    | ui_event.get_url:load_href_save:389 - 跳过已存在的URL: 259/330, https://sd.vv50.de/artworks/135603411...
2026-04-20 09:01:11.560 | DEBUG    | ui_event.get_url:load_href_save:378 - 跳过不需要的URL: 260/330, https://sd.vv50.de/users/119798548...
2026-04-20 09:01:11.562 | DEBUG    | ui_event.get_url:load_href_save:378 - 跳过不需要的URL: 261/330, https://sd.vv50.de/users/119798548...
2026-04-20 09:01:11.564 | DEBUG    | ui_event.get_url:load_href_save:389 - 跳过已存在的URL: 262/330, https://sd.vv50.de/artworks/135366245...
2026-04-20 09:01:11.566 | DEBUG    | ui_event.get_url:load_href_save:389 - 跳过已存在的URL: 263/330, https://sd.vv50.de/artworks/135366245...
2026-04-20 09:01:11.567 | DEBUG    | ui_event.get_url:load_href_save:378 - 跳过不需要的URL: 264/330, https://sd.vv50.de/users/119798548...
2026-04-20 09:01:11.568 | DEBUG    | ui_event.get_url:load_href_save:378 - 跳过不需要的URL: 265/330, https://sd.vv50.de/users/119798548...
2026-04-20 09:01:11.571 | DEBUG    | ui_event.get_url:load_href_save:389 - 跳过已存在的URL: 266/330, https://sd.vv50.de/artworks/135348897...
2026-04-20 09:01:11.573 | DEBUG    | ui_event.get_url:load_href_save:389 - 跳过已存在的URL: 267/330, https://sd.vv50.de/artworks/135348897...
2026-04-20 09:01:11.574 | DEBUG    | ui_event.get_url:load_href_save:378 - 跳过不需要的URL: 268/330, https://sd.vv50.de/users/119798548...
2026-04-20 09:01:11.575 | DEBUG    | ui_event.get_url:load_href_save:378 - 跳过不需要的URL: 269/330, https://sd.vv50.de/users/119798548...
2026-04-20 09:01:11.577 | DEBUG    | ui_event.get_url:load_href_save:389 - 跳过已存在的URL: 270/330, https://sd.vv50.de/artworks/133766041...
2026-04-20 09:01:11.580 | DEBUG    | ui_event.get_url:load_href_save:389 - 跳过已存在的URL: 271/330, https://sd.vv50.de/artworks/133766041...
2026-04-20 09:01:11.581 | DEBUG    | ui_event.get_url:load_href_save:378 - 跳过不需要的URL: 272/330, https://sd.vv50.de/users/72103658...
2026-04-20 09:01:11.582 | DEBUG    | ui_event.get_url:load_href_save:378 - 跳过不需要的URL: 273/330, https://sd.vv50.de/users/72103658...
2026-04-20 09:01:11.584 | DEBUG    | ui_event.get_url:load_href_save:389 - 跳过已存在的URL: 274/330, https://sd.vv50.de/artworks/133664176...
2026-04-20 09:01:11.586 | DEBUG    | ui_event.get_url:load_href_save:389 - 跳过已存在的URL: 275/330, https://sd.vv50.de/artworks/133664176...
2026-04-20 09:01:11.587 | DEBUG    | ui_event.get_url:load_href_save:378 - 跳过不需要的URL: 276/330, https://sd.vv50.de/users/72103658...
2026-04-20 09:01:11.588 | DEBUG    | ui_event.get_url:load_href_save:378 - 跳过不需要的URL: 277/330, https://sd.vv50.de/users/72103658...
2026-04-20 09:01:11.591 | DEBUG    | ui_event.get_url:load_href_save:389 - 跳过已存在的URL: 278/330, https://sd.vv50.de/artworks/133517255...
2026-04-20 09:01:11.593 | DEBUG    | ui_event.get_url:load_href_save:389 - 跳过已存在的URL: 279/330, https://sd.vv50.de/artworks/133517255...
2026-04-20 09:01:11.594 | DEBUG    | ui_event.get_url:load_href_save:378 - 跳过不需要的URL: 280/330, https://sd.vv50.de/users/24070760...
2026-04-20 09:01:11.596 | DEBUG    | ui_event.get_url:load_href_save:378 - 跳过不需要的URL: 281/330, https://sd.vv50.de/users/24070760...
2026-04-20 09:01:11.598 | DEBUG    | ui_event.get_url:load_href_save:389 - 跳过已存在的URL: 282/330, https://sd.vv50.de/artworks/133512786...
2026-04-20 09:01:11.600 | DEBUG    | ui_event.get_url:load_href_save:389 - 跳过已存在的URL: 283/330, https://sd.vv50.de/artworks/133512786...
2026-04-20 09:01:11.602 | DEBUG    | ui_event.get_url:load_href_save:378 - 跳过不需要的URL: 284/330, https://sd.vv50.de/users/117404656...
2026-04-20 09:01:11.603 | DEBUG    | ui_event.get_url:load_href_save:378 - 跳过不需要的URL: 285/330, https://sd.vv50.de/users/117404656...
2026-04-20 09:01:11.605 | DEBUG    | ui_event.get_url:load_href_save:389 - 跳过已存在的URL: 286/330, https://sd.vv50.de/artworks/133020539...
2026-04-20 09:01:11.607 | DEBUG    | ui_event.get_url:load_href_save:389 - 跳过已存在的URL: 287/330, https://sd.vv50.de/artworks/133020539...
2026-04-20 09:01:11.609 | DEBUG    | ui_event.get_url:load_href_save:378 - 跳过不需要的URL: 288/330, https://sd.vv50.de/users/24070760...
2026-04-20 09:01:11.610 | DEBUG    | ui_event.get_url:load_href_save:378 - 跳过不需要的URL: 289/330, https://sd.vv50.de/users/24070760...
2026-04-20 09:01:11.612 | DEBUG    | ui_event.get_url:load_href_save:389 - 跳过已存在的URL: 290/330, https://sd.vv50.de/artworks/132573712...
2026-04-20 09:01:11.614 | DEBUG    | ui_event.get_url:load_href_save:389 - 跳过已存在的URL: 291/330, https://sd.vv50.de/artworks/132573712...
2026-04-20 09:01:11.615 | DEBUG    | ui_event.get_url:load_href_save:378 - 跳过不需要的URL: 292/330, https://sd.vv50.de/users/41012018...
2026-04-20 09:01:11.616 | DEBUG    | ui_event.get_url:load_href_save:378 - 跳过不需要的URL: 293/330, https://sd.vv50.de/users/41012018...
2026-04-20 09:01:11.619 | DEBUG    | ui_event.get_url:load_href_save:389 - 跳过已存在的URL: 294/330, https://sd.vv50.de/artworks/132508229...
2026-04-20 09:01:11.621 | DEBUG    | ui_event.get_url:load_href_save:389 - 跳过已存在的URL: 295/330, https://sd.vv50.de/artworks/132508229...
2026-04-20 09:01:11.622 | DEBUG    | ui_event.get_url:load_href_save:378 - 跳过不需要的URL: 296/330, https://sd.vv50.de/users/11455615...
2026-04-20 09:01:11.623 | DEBUG    | ui_event.get_url:load_href_save:378 - 跳过不需要的URL: 297/330, https://sd.vv50.de/users/11455615...
2026-04-20 09:01:11.625 | DEBUG    | ui_event.get_url:load_href_save:389 - 跳过已存在的URL: 298/330, https://sd.vv50.de/artworks/132354022...
2026-04-20 09:01:11.627 | DEBUG    | ui_event.get_url:load_href_save:389 - 跳过已存在的URL: 299/330, https://sd.vv50.de/artworks/132354022...
2026-04-20 09:01:11.629 | DEBUG    | ui_event.get_url:load_href_save:378 - 跳过不需要的URL: 300/330, https://sd.vv50.de/users/20662384...
2026-04-20 09:01:11.630 | DEBUG    | ui_event.get_url:load_href_save:378 - 跳过不需要的URL: 301/330, https://sd.vv50.de/users/20662384...
2026-04-20 09:01:11.632 | DEBUG    | ui_event.get_url:load_href_save:389 - 跳过已存在的URL: 302/330, https://sd.vv50.de/artworks/132285299...
2026-04-20 09:01:11.634 | DEBUG    | ui_event.get_url:load_href_save:389 - 跳过已存在的URL: 303/330, https://sd.vv50.de/artworks/132285299...
2026-04-20 09:01:11.635 | DEBUG    | ui_event.get_url:load_href_save:378 - 跳过不需要的URL: 304/330, https://sd.vv50.de/users/25092371...
2026-04-20 09:01:11.636 | DEBUG    | ui_event.get_url:load_href_save:378 - 跳过不需要的URL: 305/330, https://sd.vv50.de/users/25092371...
2026-04-20 09:01:11.638 | DEBUG    | ui_event.get_url:load_href_save:389 - 跳过已存在的URL: 306/330, https://sd.vv50.de/artworks/132060998...
2026-04-20 09:01:11.641 | DEBUG    | ui_event.get_url:load_href_save:389 - 跳过已存在的URL: 307/330, https://sd.vv50.de/artworks/132060998...
2026-04-20 09:01:11.642 | DEBUG    | ui_event.get_url:load_href_save:378 - 跳过不需要的URL: 308/330, https://sd.vv50.de/users/57578749...
2026-04-20 09:01:11.643 | DEBUG    | ui_event.get_url:load_href_save:378 - 跳过不需要的URL: 309/330, https://sd.vv50.de/users/57578749...
2026-04-20 09:01:11.645 | DEBUG    | ui_event.get_url:load_href_save:389 - 跳过已存在的URL: 310/330, https://sd.vv50.de/artworks/131907303...
2026-04-20 09:01:11.647 | DEBUG    | ui_event.get_url:load_href_save:389 - 跳过已存在的URL: 311/330, https://sd.vv50.de/artworks/131907303...
2026-04-20 09:01:11.649 | DEBUG    | ui_event.get_url:load_href_save:378 - 跳过不需要的URL: 312/330, https://sd.vv50.de/users/111538122...
2026-04-20 09:01:11.650 | DEBUG    | ui_event.get_url:load_href_save:378 - 跳过不需要的URL: 313/330, https://sd.vv50.de/users/111538122...
2026-04-20 09:01:11.652 | DEBUG    | ui_event.get_url:load_href_save:389 - 跳过已存在的URL: 314/330, https://sd.vv50.de/artworks/131426630...
2026-04-20 09:01:11.654 | DEBUG    | ui_event.get_url:load_href_save:389 - 跳过已存在的URL: 315/330, https://sd.vv50.de/artworks/131426630...
2026-04-20 09:01:11.655 | DEBUG    | ui_event.get_url:load_href_save:378 - 跳过不需要的URL: 316/330, https://sd.vv50.de/users/37459466...
2026-04-20 09:01:11.656 | DEBUG    | ui_event.get_url:load_href_save:378 - 跳过不需要的URL: 317/330, https://sd.vv50.de/users/37459466...
2026-04-20 09:01:11.658 | DEBUG    | ui_event.get_url:load_href_save:389 - 跳过已存在的URL: 318/330, https://sd.vv50.de/artworks/131295548...
2026-04-20 09:01:11.661 | DEBUG    | ui_event.get_url:load_href_save:389 - 跳过已存在的URL: 319/330, https://sd.vv50.de/artworks/131295548...
2026-04-20 09:01:11.662 | DEBUG    | ui_event.get_url:load_href_save:378 - 跳过不需要的URL: 320/330, https://sd.vv50.de/users/17565578...
2026-04-20 09:01:11.663 | DEBUG    | ui_event.get_url:load_href_save:378 - 跳过不需要的URL: 321/330, https://sd.vv50.de/users/17565578...
2026-04-20 09:01:11.664 | DEBUG    | ui_event.get_url:load_href_save:378 - 跳过不需要的URL: 322/330, https://sd.vv50.de/search?q=%E8%8E%89%E8%8E%89%E5%A8%85%C2%B7%E9%98%BF%E7%90%B3&s_mode=tag&type=artw...
2026-04-20 09:01:11.665 | DEBUG    | ui_event.get_url:load_href_save:378 - 跳过不需要的URL: 323/330, https://sd.vv50.de/search?q=%E8%8E%89%E8%8E%89%E5%A8%85%C2%B7%E9%98%BF%E7%90%B3&s_mode=tag&type=artw...
2026-04-20 09:01:11.666 | DEBUG    | ui_event.get_url:load_href_save:378 - 跳过不需要的URL: 324/330, https://sd.vv50.de/search?q=%E8%8E%89%E8%8E%89%E5%A8%85%C2%B7%E9%98%BF%E7%90%B3&s_mode=tag&type=artw...
2026-04-20 09:01:11.668 | DEBUG    | ui_event.get_url:load_href_save:378 - 跳过不需要的URL: 325/330, https://sd.vv50.de/search?q=%E8%8E%89%E8%8E%89%E5%A8%85%C2%B7%E9%98%BF%E7%90%B3&s_mode=tag&type=artw...
2026-04-20 09:01:11.669 | DEBUG    | ui_event.get_url:load_href_save:378 - 跳过不需要的URL: 326/330, https://sd.vv50.de/search?q=%E8%8E%89%E8%8E%89%E5%A8%85%C2%B7%E9%98%BF%E7%90%B3&s_mode=tag&type=artw...
2026-04-20 09:01:11.670 | DEBUG    | ui_event.get_url:load_href_save:378 - 跳过不需要的URL: 327/330, https://sd.vv50.de/search?q=%E8%8E%89%E8%8E%89%E5%A8%85%C2%B7%E9%98%BF%E7%90%B3&s_mode=tag&type=artw...
2026-04-20 09:01:11.671 | DEBUG    | ui_event.get_url:load_href_save:378 - 跳过不需要的URL: 328/330, https://sd.vv50.de/search?q=%E8%8E%89%E8%8E%89%E5%A8%85%C2%B7%E9%98%BF%E7%90%B3&s_mode=tag&type=artw...
2026-04-20 09:01:11.672 | DEBUG    | ui_event.get_url:load_href_save:378 - 跳过不需要的URL: 329/330, https://sd.vv50.de/search?q=%E3%83%AA%E3%83%AA%E3%82%A2%E3%83%BB%E3%82%A2%E3%83%BC%E3%83%AA%E3%83%B3...
2026-04-20 09:01:11.673 | DEBUG    | ui_event.get_url:load_href_save:378 - 跳过不需要的URL: 330/330, https://sd.vv50.de/search?q=%E3%83%AA%E3%83%AA%E3%82%A2%E3%83%BB%E3%82%A2%E3%83%AA%E3%83%BC%E3%83%B3...
2026-04-20 09:01:11.673 | INFO     | ui_event.get_url:load_href_save:408 - 成功处理 0 个链接
2026-04-20 09:01:11.673 | WARNING  | utils.file_utils:url_list_save:96 - 没有图片URL,不保存到文件
2026-04-20 09:01:11.673 | WARNING  | ui_event.get_url:load_href_save:417 - URL保存失败，image_urls长度: 0, existing_urls长度: 120
2026-04-20 09:01:11.673 | WARNING  | ui_event.get_url:spider_artworks_url:321 - Skipping spider loop
2026-04-20 09:01:11.673 | SUCCESS  | ui_event.get_url:spider_artworks_url:331 - Spider completed successfully
2026-04-20 09:01:11.673 | WARNING  | ui_event.get_url:spider_artworks_url:339 - Closing Chrome
2026-04-20 09:01:11.886 | INFO     | ui_event.get_url:spider_artworks_url:343 - Chrome closed successfully
2026-04-20 09:01:11.887 | WARNING  | file.file_process:record_end_spider_image_keyword:186 - New keyword! txt not saved
2026-04-20 09:01:32.732 | DEBUG    | view.log_process:start_spider_single_image:60 - You input keyword is: 青雀
2026-04-20 09:01:32.733 | INFO     | view.log_process:start_spider_single_image:69 - Spider img thread starting...
2026-04-20 09:01:32.740 | INFO     | utils.spider_param:configure_browser_options:249 - 当前user-agent: Mozilla/5.0 (Macintosh; Intel Mac OS X 10_15_7) AppleWebKit/537.36 (KHTML, like Gecko) Chrome/89.0.4389.82 Safari/537.36
2026-04-20 09:01:32.740 | DEBUG    | utils.spider_param:configure_browser_options:257 - 使用Darwin浏览器
2026-04-20 09:01:32.740 | INFO     | utils.spider_param:chrome_options:462 - 启用无痕模式
2026-04-20 09:01:54.232 | WARNING  | utils.spider_param:get_driver_service:322 - 设置 ChromeDriver 执行权限失败: [Errno 1] Operation not permitted: '/Users/caozhaoqi/.wdm/drivers/chromedriver/mac64/147.0.7727.57/chromedriver-mac-arm64.zip'
2026-04-20 09:01:54.233 | INFO     | utils.spider_param:get_driver_service:327 - 使用已安装的 ChromeDriver: /Users/caozhaoqi/.wdm/drivers/chromedriver/mac64/145.0.7632.117/chromedriver-mac-arm64/chromedriver
2026-04-20 09:01:54.235 | INFO     | utils.spider_param:create_driver:346 - 使用Safari浏览器
2026-04-20 09:01:55.096 | INFO     | utils.spider_param:initialize_driver:284 - 驱动初始化成功: None, None
2026-04-20 09:01:55.098 | DEBUG    | utils.spider_param:spider_param_config:398 - 启用R18模式
2026-04-20 09:01:55.098 | DEBUG    | utils.spider_param:spider_param_config:401 - 替换图片域名: True
2026-04-20 09:01:55.098 | WARNING  | utils.spider_param:is_keyword_num:88 - 关键词不包含分隔符',': 青雀
2026-04-20 09:01:55.098 | INFO     | utils.spider_param:spider_param_config:415 - 配置完成，URL: https://sd.vv50.de/tags/青雀/artworks?mode=r18&
2026-04-20 09:01:55.102 | WARNING  | utils.keyword_utils:exists_keyword_finish_txt:60 - 读取文件失败: [Errno 2] No such file or directory: '/Users/caozhaoqi/PycharmProjects/anime_role_detect/spider_image_system/data/download_finished_txt.txt'
2026-04-20 09:01:55.103 | WARNING  | ui_event.get_url:spider_artworks_url:223 - Continuing from page 3 for 青雀
2026-04-20 09:01:55.103 | INFO     | ui_event.get_url:spider_artworks_url:234 - 正在访问 URL: https://sd.vv50.de/tags/青雀/artworks?mode=r18&p=3&s_mode=s_tag
2026-04-20 09:02:01.803 | INFO     | ui_event.get_url:spider_artworks_url:236 - Chrome startup took 6.70s
2026-04-20 09:02:01.854 | INFO     | ui_event.get_url:spider_artworks_url:238 - 当前页面标题: 青雀
2026-04-20 09:02:05.181 | INFO     | ui_event.get_url:load_href_save:366 - 找到 348 个链接元素
2026-04-20 09:02:05.196 | DEBUG    | ui_event.get_url:load_href_save:378 - 跳过不需要的URL: 1/348, https://sd.vv50.de/...
2026-04-20 09:02:05.218 | DEBUG    | ui_event.get_url:load_href_save:378 - 跳过不需要的URL: 2/348, https://sd.vv50.de/...
2026-04-20 09:02:05.349 | DEBUG    | ui_event.get_url:load_href_save:378 - 跳过不需要的URL: 3/348, https://sd.vv50.de/messages.php...
2026-04-20 09:02:05.364 | DEBUG    | ui_event.get_url:load_href_save:378 - 跳过不需要的URL: 4/348, https://sd.vv50.de/notify_all.php...
2026-04-20 09:02:05.365 | DEBUG    | ui_event.get_url:load_href_save:378 - 跳过不需要的URL: 5/348, https://sd.vv50.de/users/97621307...
2026-04-20 09:02:05.367 | DEBUG    | ui_event.get_url:load_href_save:378 - 跳过不需要的URL: 6/348, https://sd.vv50.de/premium/lead/lp?g=anchor&i=side_menu_top&p=normal...
2026-04-20 09:02:05.368 | DEBUG    | ui_event.get_url:load_href_save:378 - 跳过不需要的URL: 7/348, https://sd.vv50.de/users/97621307/following...
2026-04-20 09:02:05.370 | DEBUG    | ui_event.get_url:load_href_save:378 - 跳过不需要的URL: 8/348, https://sd.vv50.de/users/97621307/followers...
2026-04-20 09:02:05.371 | DEBUG    | ui_event.get_url:load_href_save:378 - 跳过不需要的URL: 9/348, https://sd.vv50.de/info.php...
2026-04-20 09:02:05.412 | DEBUG    | ui_event.get_url:load_href_save:378 - 跳过不需要的URL: 10/348, https://sd.vv50.de/info.php?id=13611...
2026-04-20 09:02:05.417 | DEBUG    | ui_event.get_url:load_href_save:378 - 跳过不需要的URL: 11/348, https://sd.vv50.de/...
2026-04-20 09:02:05.420 | DEBUG    | ui_event.get_url:load_href_save:378 - 跳过不需要的URL: 12/348, https://sd.vv50.de/bookmark_new_illust.php...
2026-04-20 09:02:05.422 | DEBUG    | ui_event.get_url:load_href_save:378 - 跳过不需要的URL: 13/348, https://sd.vv50.de/discovery...
2026-04-20 09:02:05.424 | DEBUG    | ui_event.get_url:load_href_save:378 - 跳过不需要的URL: 14/348, https://sd.vv50.de/stacc...
2026-04-20 09:02:05.426 | DEBUG    | ui_event.get_url:load_href_save:378 - 跳过不需要的URL: 15/348, https://sd.vv50.de/ranking.php...
2026-04-20 09:02:05.428 | DEBUG    | ui_event.get_url:load_href_save:378 - 跳过不需要的URL: 16/348, https://sd.vv50.de/new_illust.php...
2026-04-20 09:02:05.430 | DEBUG    | ui_event.get_url:load_href_save:378 - 跳过不需要的URL: 17/348, https://sd.vv50.de/request...
2026-04-20 09:02:05.432 | DEBUG    | ui_event.get_url:load_href_save:378 - 跳过不需要的URL: 18/348, https://sd.vv50.de/collection...
2026-04-20 09:02:05.434 | DEBUG    | ui_event.get_url:load_href_save:378 - 跳过不需要的URL: 19/348, https://sd.vv50.de/dashboard...
2026-04-20 09:02:05.436 | DEBUG    | ui_event.get_url:load_href_save:378 - 跳过不需要的URL: 20/348, https://sd.vv50.de/dashboard/works...
2026-04-20 09:02:05.438 | DEBUG    | ui_event.get_url:load_href_save:378 - 跳过不需要的URL: 21/348, https://sd.vv50.de/manage/requests...
2026-04-20 09:02:05.439 | DEBUG    | ui_event.get_url:load_href_save:378 - 跳过不需要的URL: 22/348, https://sd.vv50.de/howto...
2026-04-20 09:02:05.442 | DEBUG    | ui_event.get_url:load_href_save:378 - 跳过不需要的URL: 23/348, https://sd.vv50.de/idea...
2026-04-20 09:02:05.472 | DEBUG    | ui_event.get_url:load_href_save:378 - 跳过不需要的URL: 24/348, https://sd.vv50.de/bookmark.php...
2026-04-20 09:02:05.475 | DEBUG    | ui_event.get_url:load_href_save:378 - 跳过不需要的URL: 25/348, https://sd.vv50.de/history.php...
2026-04-20 09:02:05.478 | DEBUG    | ui_event.get_url:load_href_save:378 - 跳过不需要的URL: 26/348, https://sd.vv50.de/novel/marker_all.php...
2026-04-20 09:02:05.480 | DEBUG    | ui_event.get_url:load_href_save:378 - 跳过不需要的URL: 27/348, https://sd.vv50.de/contest/...
2026-04-20 09:02:05.482 | DEBUG    | ui_event.get_url:load_href_save:378 - 跳过不需要的URL: 28/348, https://sd.vv50.de/group/group_list.php?id=97621307...
2026-04-20 09:02:05.484 | DEBUG    | ui_event.get_url:load_href_save:378 - 跳过不需要的URL: 29/348, https://sd.vv50.de/group/...
2026-04-20 09:02:05.485 | DEBUG    | ui_event.get_url:load_href_save:378 - 跳过不需要的URL: 30/348, https://sd.vv50.de/event.php...
2026-04-20 09:02:05.487 | DEBUG    | ui_event.get_url:load_href_save:378 - 跳过不需要的URL: 31/348, https://sd.vv50.de/user_event.php...
2026-04-20 09:02:05.489 | DEBUG    | ui_event.get_url:load_href_save:378 - 跳过不需要的URL: 32/348, https://sd.vv50.de/manage/request/sales/2026...
2026-04-20 09:02:05.491 | DEBUG    | ui_event.get_url:load_href_save:378 - 跳过不需要的URL: 33/348, https://sd.vv50.de/settings#premium_noads...
2026-04-20 09:02:05.504 | DEBUG    | ui_event.get_url:load_href_save:378 - 跳过不需要的URL: 34/348, https://sd.vv50.de/settings/viewing/mute...
2026-04-20 09:02:05.507 | DEBUG    | ui_event.get_url:load_href_save:378 - 跳过不需要的URL: 35/348, https://sd.vv50.de/settings...
2026-04-20 09:02:05.510 | DEBUG    | ui_event.get_url:load_href_save:378 - 跳过不需要的URL: 36/348, https://www.pixiv.help/hc/...
2026-04-20 09:02:05.512 | DEBUG    | ui_event.get_url:load_href_save:378 - 跳过不需要的URL: 37/348, https://sd.vv50.de/popular.php?mode=r18...
2026-04-20 09:02:05.517 | DEBUG    | ui_event.get_url:load_href_save:378 - 跳过不需要的URL: 38/348, https://sd.vv50.de/logout.php?return_to=%2F...
2026-04-20 09:02:05.519 | DEBUG    | ui_event.get_url:load_href_save:378 - 跳过不需要的URL: 39/348, https://sd.vv50.de/...
2026-04-20 09:02:05.521 | DEBUG    | ui_event.get_url:load_href_save:378 - 跳过不需要的URL: 40/348, https://sketch.pixiv.net/?utm_source=pixiv&utm_medium=header&utm_campaign=service_grid_menu...
2026-04-20 09:02:05.523 | DEBUG    | ui_event.get_url:load_href_save:378 - 跳过不需要的URL: 41/348, https://fanbox.cc/?utm_source=pixiv&utm_medium=header&utm_campaign=service_grid_menu...
2026-04-20 09:02:05.525 | DEBUG    | ui_event.get_url:load_href_save:378 - 跳过不需要的URL: 42/348, https://print.fanbox.cc/?utm_source=pixiv&utm_medium=header&utm_campaign=service_grid_menu...
2026-04-20 09:02:05.527 | DEBUG    | ui_event.get_url:load_href_save:378 - 跳过不需要的URL: 43/348, https://comic.pixiv.net/?utm_source=pixiv&utm_medium=header&utm_campaign=service_grid_menu...
2026-04-20 09:02:05.529 | DEBUG    | ui_event.get_url:load_href_save:378 - 跳过不需要的URL: 44/348, https://dic.pixiv.net/...
2026-04-20 09:02:05.531 | DEBUG    | ui_event.get_url:load_href_save:378 - 跳过不需要的URL: 45/348, https://booth.pm/?utm_source=pixiv&utm_medium=header&utm_campaign=service_grid_menu...
2026-04-20 09:02:05.534 | DEBUG    | ui_event.get_url:load_href_save:378 - 跳过不需要的URL: 46/348, https://factory.pixiv.net/?utm_source=pixiv&utm_medium=header&utm_campaign=service_grid_menu...
2026-04-20 09:02:05.536 | DEBUG    | ui_event.get_url:load_href_save:378 - 跳过不需要的URL: 47/348, https://www.pixivision.net/?utm_source=pixiv&utm_medium=header&utm_campaign=service_grid_menu...
2026-04-20 09:02:05.538 | DEBUG    | ui_event.get_url:load_href_save:378 - 跳过不需要的URL: 48/348, https://sensei.pixiv.net/?utm_source=pixiv&utm_medium=header&utm_campaign=service_grid_menu...
2026-04-20 09:02:05.540 | DEBUG    | ui_event.get_url:load_href_save:378 - 跳过不需要的URL: 49/348, https://vroid.pixiv.net/?utm_source=pixiv&utm_medium=header&utm_campaign=service_grid_menu...
2026-04-20 09:02:05.542 | DEBUG    | ui_event.get_url:load_href_save:378 - 跳过不需要的URL: 50/348, https://pastela.app/?utm_source=pixiv&utm_medium=header&utm_campaign=service_grid_menu...
2026-04-20 09:02:05.576 | DEBUG    | ui_event.get_url:load_href_save:378 - 跳过不需要的URL: 51/348, https://policies.pixiv.net/en.html#terms...
2026-04-20 09:02:05.579 | DEBUG    | ui_event.get_url:load_href_save:378 - 跳过不需要的URL: 52/348, https://policies.pixiv.net/en/privacy_policy.html...
2026-04-20 09:02:05.583 | DEBUG    | ui_event.get_url:load_href_save:378 - 跳过不需要的URL: 53/348, https://policies.pixiv.net/en.html#notation...
2026-04-20 09:02:05.586 | DEBUG    | ui_event.get_url:load_href_save:378 - 跳过不需要的URL: 54/348, https://sd.vv50.de/...
2026-04-20 09:02:05.604 | DEBUG    | ui_event.get_url:load_href_save:378 - 跳过不需要的URL: 55/348, https://sd.vv50.de/premium/lead/lp?g=anchor&i=site_header_omni_bar...
2026-04-20 09:02:05.650 | DEBUG    | ui_event.get_url:load_href_save:378 - 跳过不需要的URL: 56/348, https://sd.vv50.de/tags/%E9%9D%92%E9%9B%80/artworks?mode=r18...
2026-04-20 09:02:05.653 | DEBUG    | ui_event.get_url:load_href_save:378 - 跳过不需要的URL: 57/348, https://sd.vv50.de/search?q=%E7%AC%A6%E7%8E%84&s_mode=tag&type=artwork&mode=r18...
2026-04-20 09:02:05.655 | DEBUG    | ui_event.get_url:load_href_save:378 - 跳过不需要的URL: 58/348, https://sd.vv50.de/search?q=%E7%B4%A0%E8%A3%B3&s_mode=tag&type=artwork&mode=r18...
2026-04-20 09:02:05.657 | DEBUG    | ui_event.get_url:load_href_save:378 - 跳过不需要的URL: 59/348, https://sd.vv50.de/search?q=%E6%A1%82%E4%B9%83%E8%8A%AC&s_mode=tag&type=artwork&mode=r18...
2026-04-20 09:02:05.659 | DEBUG    | ui_event.get_url:load_href_save:378 - 跳过不需要的URL: 60/348, https://sd.vv50.de/search?q=%E4%BA%91%E7%92%83&s_mode=tag&type=artwork&mode=r18...
2026-04-20 09:02:05.661 | DEBUG    | ui_event.get_url:load_href_save:378 - 跳过不需要的URL: 61/348, https://sd.vv50.de/search?q=%E3%82%A2%E3%82%B9%E3%82%BF%E3%83%BC%28%E3%82%B9%E3%82%BF%E3%83%BC%E3%83...
2026-04-20 09:02:05.663 | DEBUG    | ui_event.get_url:load_href_save:378 - 跳过不需要的URL: 62/348, https://sd.vv50.de/search?q=%E3%83%95%E3%82%A9%E3%83%95%E3%82%A9&s_mode=tag&type=artwork&mode=r18...
2026-04-20 09:02:09.900 | WARNING  | urllib3.connectionpool:urlopen:868 - Retrying (Retry(total=2, connect=None, read=None, redirect=None, status=None)) after connection broken by 'NewConnectionError("HTTPConnection(host='localhost', port=62612): Failed to establish a new connection: [Errno 61] Connection refused")': /session/1F632528-B14A-41B0-ABA6-1E70B32FC838/execute/sync
2026-04-20 09:02:09.901 | WARNING  | urllib3.connectionpool:urlopen:868 - Retrying (Retry(total=1, connect=None, read=None, redirect=None, status=None)) after connection broken by 'NewConnectionError("HTTPConnection(host='localhost', port=62612): Failed to establish a new connection: [Errno 61] Connection refused")': /session/1F632528-B14A-41B0-ABA6-1E70B32FC838/execute/sync
2026-04-20 09:02:09.903 | WARNING  | urllib3.connectionpool:urlopen:868 - Retrying (Retry(total=0, connect=None, read=None, redirect=None, status=None)) after connection broken by 'NewConnectionError("HTTPConnection(host='localhost', port=62612): Failed to establish a new connection: [Errno 61] Connection refused")': /session/1F632528-B14A-41B0-ABA6-1E70B32FC838/execute/sync
2026-04-20 09:02:09.904 | WARNING  | ui_event.get_url:load_href_save:405 - 处理链接时出错: MaxRetryError, 跳过
2026-04-20 09:02:09.905 | WARNING  | urllib3.connectionpool:urlopen:868 - Retrying (Retry(total=2, connect=None, read=None, redirect=None, status=None)) after connection broken by 'NewConnectionError("HTTPConnection(host='localhost', port=62612): Failed to establish a new connection: [Errno 61] Connection refused")': /session/1F632528-B14A-41B0-ABA6-1E70B32FC838/execute/sync
2026-04-20 09:02:09.905 | WARNING  | urllib3.connectionpool:urlopen:868 - Retrying (Retry(total=1, connect=None, read=None, redirect=None, status=None)) after connection broken by 'NewConnectionError("HTTPConnection(host='localhost', port=62612): Failed to establish a new connection: [Errno 61] Connection refused")': /session/1F632528-B14A-41B0-ABA6-1E70B32FC838/execute/sync
2026-04-20 09:02:09.906 | WARNING  | urllib3.connectionpool:urlopen:868 - Retrying (Retry(total=0, connect=None, read=None, redirect=None, status=None)) after connection broken by 'NewConnectionError("HTTPConnection(host='localhost', port=62612): Failed to establish a new connection: [Errno 61] Connection refused")': /session/1F632528-B14A-41B0-ABA6-1E70B32FC838/execute/sync
2026-04-20 09:02:09.906 | WARNING  | ui_event.get_url:load_href_save:405 - 处理链接时出错: MaxRetryError, 跳过
2026-04-20 09:02:09.907 | WARNING  | urllib3.connectionpool:urlopen:868 - Retrying (Retry(total=2, connect=None, read=None, redirect=None, status=None)) after connection broken by 'NewConnectionError("HTTPConnection(host='localhost', port=62612): Failed to establish a new connection: [Errno 61] Connection refused")': /session/1F632528-B14A-41B0-ABA6-1E70B32FC838/execute/sync
2026-04-20 09:02:09.908 | WARNING  | urllib3.connectionpool:urlopen:868 - Retrying (Retry(total=1, connect=None, read=None, redirect=None, status=None)) after connection broken by 'NewConnectionError("HTTPConnection(host='localhost', port=62612): Failed to establish a new connection: [Errno 61] Connection refused")': /session/1F632528-B14A-41B0-ABA6-1E70B32FC838/execute/sync
2026-04-20 09:02:09.908 | WARNING  | urllib3.connectionpool:urlopen:868 - Retrying (Retry(total=0, connect=None, read=None, redirect=None, status=None)) after connection broken by 'NewConnectionError("HTTPConnection(host='localhost', port=62612): Failed to establish a new connection: [Errno 61] Connection refused")': /session/1F632528-B14A-41B0-ABA6-1E70B32FC838/execute/sync
2026-04-20 09:02:09.909 | WARNING  | ui_event.get_url:load_href_save:405 - 处理链接时出错: MaxRetryError, 跳过
2026-04-20 09:02:09.910 | WARNING  | urllib3.connectionpool:urlopen:868 - Retrying (Retry(total=2, connect=None, read=None, redirect=None, status=None)) after connection broken by 'NewConnectionError("HTTPConnection(host='localhost', port=62612): Failed to establish a new connection: [Errno 61] Connection refused")': /session/1F632528-B14A-41B0-ABA6-1E70B32FC838/execute/sync
2026-04-20 09:02:09.910 | WARNING  | urllib3.connectionpool:urlopen:868 - Retrying (Retry(total=1, connect=None, read=None, redirect=None, status=None)) after connection broken by 'NewConnectionError("HTTPConnection(host='localhost', port=62612): Failed to establish a new connection: [Errno 61] Connection refused")': /session/1F632528-B14A-41B0-ABA6-1E70B32FC838/execute/sync
2026-04-20 09:02:09.911 | WARNING  | urllib3.connectionpool:urlopen:868 - Retrying (Retry(total=0, connect=None, read=None, redirect=None, status=None)) after connection broken by 'NewConnectionError("HTTPConnection(host='localhost', port=62612): Failed to establish a new connection: [Errno 61] Connection refused")': /session/1F632528-B14A-41B0-ABA6-1E70B32FC838/execute/sync
2026-04-20 09:02:09.911 | WARNING  | ui_event.get_url:load_href_save:405 - 处理链接时出错: MaxRetryError, 跳过
2026-04-20 09:02:09.912 | WARNING  | urllib3.connectionpool:urlopen:868 - Retrying (Retry(total=2, connect=None, read=None, redirect=None, status=None)) after connection broken by 'NewConnectionError("HTTPConnection(host='localhost', port=62612): Failed to establish a new connection: [Errno 61] Connection refused")': /session/1F632528-B14A-41B0-ABA6-1E70B32FC838/execute/sync
2026-04-20 09:02:09.914 | WARNING  | urllib3.connectionpool:urlopen:868 - Retrying (Retry(total=1, connect=None, read=None, redirect=None, status=None)) after connection broken by 'NewConnectionError("HTTPConnection(host='localhost', port=62612): Failed to establish a new connection: [Errno 61] Connection refused")': /session/1F632528-B14A-41B0-ABA6-1E70B32FC838/execute/sync
2026-04-20 09:02:09.914 | WARNING  | urllib3.connectionpool:urlopen:868 - Retrying (Retry(total=0, connect=None, read=None, redirect=None, status=None)) after connection broken by 'NewConnectionError("HTTPConnection(host='localhost', port=62612): Failed to establish a new connection: [Errno 61] Connection refused")': /session/1F632528-B14A-41B0-ABA6-1E70B32FC838/execute/sync
2026-04-20 09:02:09.916 | WARNING  | ui_event.get_url:load_href_save:405 - 处理链接时出错: MaxRetryError, 跳过
2026-04-20 09:02:09.918 | WARNING  | urllib3.connectionpool:urlopen:868 - Retrying (Retry(total=2, connect=None, read=None, redirect=None, status=None)) after connection broken by 'NewConnectionError("HTTPConnection(host='localhost', port=62612): Failed to establish a new connection: [Errno 61] Connection refused")': /session/1F632528-B14A-41B0-ABA6-1E70B32FC838/execute/sync
2026-04-20 09:02:09.919 | WARNING  | urllib3.connectionpool:urlopen:868 - Retrying (Retry(total=1, connect=None, read=None, redirect=None, status=None)) after connection broken by 'NewConnectionError("HTTPConnection(host='localhost', port=62612): Failed to establish a new connection: [Errno 61] Connection refused")': /session/1F632528-B14A-41B0-ABA6-1E70B32FC838/execute/sync
2026-04-20 09:02:09.920 | WARNING  | urllib3.connectionpool:urlopen:868 - Retrying (Retry(total=0, connect=None, read=None, redirect=None, status=None)) after connection broken by 'NewConnectionError("HTTPConnection(host='localhost', port=62612): Failed to establish a new connection: [Errno 61] Connection refused")': /session/1F632528-B14A-41B0-ABA6-1E70B32FC838/execute/sync
2026-04-20 09:02:09.921 | WARNING  | ui_event.get_url:load_href_save:405 - 处理链接时出错: MaxRetryError, 跳过
2026-04-20 09:02:09.922 | WARNING  | urllib3.connectionpool:urlopen:868 - Retrying (Retry(total=2, connect=None, read=None, redirect=None, status=None)) after connection broken by 'NewConnectionError("HTTPConnection(host='localhost', port=62612): Failed to establish a new connection: [Errno 61] Connection refused")': /session/1F632528-B14A-41B0-ABA6-1E70B32FC838/execute/sync
2026-04-20 09:02:09.922 | WARNING  | urllib3.connectionpool:urlopen:868 - Retrying (Retry(total=1, connect=None, read=None, redirect=None, status=None)) after connection broken by 'NewConnectionError("HTTPConnection(host='localhost', port=62612): Failed to establish a new connection: [Errno 61] Connection refused")': /session/1F632528-B14A-41B0-ABA6-1E70B32FC838/execute/sync
2026-04-20 09:02:09.923 | WARNING  | urllib3.connectionpool:urlopen:868 - Retrying (Retry(total=0, connect=None, read=None, redirect=None, status=None)) after connection broken by 'NewConnectionError("HTTPConnection(host='localhost', port=62612): Failed to establish a new connection: [Errno 61] Connection refused")': /session/1F632528-B14A-41B0-ABA6-1E70B32FC838/execute/sync
2026-04-20 09:02:09.923 | WARNING  | ui_event.get_url:load_href_save:405 - 处理链接时出错: MaxRetryError, 跳过
2026-04-20 09:02:09.924 | WARNING  | urllib3.connectionpool:urlopen:868 - Retrying (Retry(total=2, connect=None, read=None, redirect=None, status=None)) after connection broken by 'NewConnectionError("HTTPConnection(host='localhost', port=62612): Failed to establish a new connection: [Errno 61] Connection refused")': /session/1F632528-B14A-41B0-ABA6-1E70B32FC838/execute/sync
2026-04-20 09:02:09.924 | WARNING  | urllib3.connectionpool:urlopen:868 - Retrying (Retry(total=1, connect=None, read=None, redirect=None, status=None)) after connection broken by 'NewConnectionError("HTTPConnection(host='localhost', port=62612): Failed to establish a new connection: [Errno 61] Connection refused")': /session/1F632528-B14A-41B0-ABA6-1E70B32FC838/execute/sync
2026-04-20 09:02:09.925 | WARNING  | urllib3.connectionpool:urlopen:868 - Retrying (Retry(total=0, connect=None, read=None, redirect=None, status=None)) after connection broken by 'NewConnectionError("HTTPConnection(host='localhost', port=62612): Failed to establish a new connection: [Errno 61] Connection refused")': /session/1F632528-B14A-41B0-ABA6-1E70B32FC838/execute/sync
2026-04-20 09:02:09.925 | WARNING  | ui_event.get_url:load_href_save:405 - 处理链接时出错: MaxRetryError, 跳过
2026-04-20 09:02:09.926 | WARNING  | urllib3.connectionpool:urlopen:868 - Retrying (Retry(total=2, connect=None, read=None, redirect=None, status=None)) after connection broken by 'NewConnectionError("HTTPConnection(host='localhost', port=62612): Failed to establish a new connection: [Errno 61] Connection refused")': /session/1F632528-B14A-41B0-ABA6-1E70B32FC838/execute/sync
2026-04-20 09:02:09.926 | WARNING  | urllib3.connectionpool:urlopen:868 - Retrying (Retry(total=1, connect=None, read=None, redirect=None, status=None)) after connection broken by 'NewConnectionError("HTTPConnection(host='localhost', port=62612): Failed to establish a new connection: [Errno 61] Connection refused")': /session/1F632528-B14A-41B0-ABA6-1E70B32FC838/execute/sync
2026-04-20 09:02:09.927 | WARNING  | urllib3.connectionpool:urlopen:868 - Retrying (Retry(total=0, connect=None, read=None, redirect=None, status=None)) after connection broken by 'NewConnectionError("HTTPConnection(host='localhost', port=62612): Failed to establish a new connection: [Errno 61] Connection refused")': /session/1F632528-B14A-41B0-ABA6-1E70B32FC838/execute/sync
2026-04-20 09:02:09.927 | WARNING  | ui_event.get_url:load_href_save:405 - 处理链接时出错: MaxRetryError, 跳过
2026-04-20 09:02:09.927 | WARNING  | urllib3.connectionpool:urlopen:868 - Retrying (Retry(total=2, connect=None, read=None, redirect=None, status=None)) after connection broken by 'NewConnectionError("HTTPConnection(host='localhost', port=62612): Failed to establish a new connection: [Errno 61] Connection refused")': /session/1F632528-B14A-41B0-ABA6-1E70B32FC838/execute/sync
2026-04-20 09:02:09.928 | WARNING  | urllib3.connectionpool:urlopen:868 - Retrying (Retry(total=1, connect=None, read=None, redirect=None, status=None)) after connection broken by 'NewConnectionError("HTTPConnection(host='localhost', port=62612): Failed to establish a new connection: [Errno 61] Connection refused")': /session/1F632528-B14A-41B0-ABA6-1E70B32FC838/execute/sync
2026-04-20 09:02:09.928 | WARNING  | urllib3.connectionpool:urlopen:868 - Retrying (Retry(total=0, connect=None, read=None, redirect=None, status=None)) after connection broken by 'NewConnectionError("HTTPConnection(host='localhost', port=62612): Failed to establish a new connection: [Errno 61] Connection refused")': /session/1F632528-B14A-41B0-ABA6-1E70B32FC838/execute/sync
2026-04-20 09:02:09.929 | WARNING  | ui_event.get_url:load_href_save:405 - 处理链接时出错: MaxRetryError, 跳过
2026-04-20 09:02:09.929 | WARNING  | urllib3.connectionpool:urlopen:868 - Retrying (Retry(total=2, connect=None, read=None, redirect=None, status=None)) after connection broken by 'NewConnectionError("HTTPConnection(host='localhost', port=62612): Failed to establish a new connection: [Errno 61] Connection refused")': /session/1F632528-B14A-41B0-ABA6-1E70B32FC838/execute/sync
2026-04-20 09:02:09.930 | WARNING  | urllib3.connectionpool:urlopen:868 - Retrying (Retry(total=1, connect=None, read=None, redirect=None, status=None)) after connection broken by 'NewConnectionError("HTTPConnection(host='localhost', port=62612): Failed to establish a new connection: [Errno 61] Connection refused")': /session/1F632528-B14A-41B0-ABA6-1E70B32FC838/execute/sync
2026-04-20 09:02:09.930 | WARNING  | urllib3.connectionpool:urlopen:868 - Retrying (Retry(total=0, connect=None, read=None, redirect=None, status=None)) after connection broken by 'NewConnectionError("HTTPConnection(host='localhost', port=62612): Failed to establish a new connection: [Errno 61] Connection refused")': /session/1F632528-B14A-41B0-ABA6-1E70B32FC838/execute/sync
2026-04-20 09:02:09.931 | WARNING  | ui_event.get_url:load_href_save:405 - 处理链接时出错: MaxRetryError, 跳过
2026-04-20 09:02:09.931 | WARNING  | urllib3.connectionpool:urlopen:868 - Retrying (Retry(total=2, connect=None, read=None, redirect=None, status=None)) after connection broken by 'NewConnectionError("HTTPConnection(host='localhost', port=62612): Failed to establish a new connection: [Errno 61] Connection refused")': /session/1F632528-B14A-41B0-ABA6-1E70B32FC838/execute/sync
2026-04-20 09:02:09.931 | WARNING  | urllib3.connectionpool:urlopen:868 - Retrying (Retry(total=1, connect=None, read=None, redirect=None, status=None)) after connection broken by 'NewConnectionError("HTTPConnection(host='localhost', port=62612): Failed to establish a new connection: [Errno 61] Connection refused")': /session/1F632528-B14A-41B0-ABA6-1E70B32FC838/execute/sync
2026-04-20 09:02:09.932 | WARNING  | urllib3.connectionpool:urlopen:868 - Retrying (Retry(total=0, connect=None, read=None, redirect=None, status=None)) after connection broken by 'NewConnectionError("HTTPConnection(host='localhost', port=62612): Failed to establish a new connection: [Errno 61] Connection refused")': /session/1F632528-B14A-41B0-ABA6-1E70B32FC838/execute/sync
2026-04-20 09:02:09.932 | WARNING  | ui_event.get_url:load_href_save:405 - 处理链接时出错: MaxRetryError, 跳过
2026-04-20 09:02:09.933 | WARNING  | urllib3.connectionpool:urlopen:868 - Retrying (Retry(total=2, connect=None, read=None, redirect=None, status=None)) after connection broken by 'NewConnectionError("HTTPConnection(host='localhost', port=62612): Failed to establish a new connection: [Errno 61] Connection refused")': /session/1F632528-B14A-41B0-ABA6-1E70B32FC838/execute/sync
2026-04-20 09:02:09.933 | WARNING  | urllib3.connectionpool:urlopen:868 - Retrying (Retry(total=1, connect=None, read=None, redirect=None, status=None)) after connection broken by 'NewConnectionError("HTTPConnection(host='localhost', port=62612): Failed to establish a new connection: [Errno 61] Connection refused")': /session/1F632528-B14A-41B0-ABA6-1E70B32FC838/execute/sync
2026-04-20 09:02:09.933 | WARNING  | urllib3.connectionpool:urlopen:868 - Retrying (Retry(total=0, connect=None, read=None, redirect=None, status=None)) after connection broken by 'NewConnectionError("HTTPConnection(host='localhost', port=62612): Failed to establish a new connection: [Errno 61] Connection refused")': /session/1F632528-B14A-41B0-ABA6-1E70B32FC838/execute/sync
2026-04-20 09:02:09.934 | WARNING  | ui_event.get_url:load_href_save:405 - 处理链接时出错: MaxRetryError, 跳过
2026-04-20 09:02:09.934 | WARNING  | urllib3.connectionpool:urlopen:868 - Retrying (Retry(total=2, connect=None, read=None, redirect=None, status=None)) after connection broken by 'NewConnectionError("HTTPConnection(host='localhost', port=62612): Failed to establish a new connection: [Errno 61] Connection refused")': /session/1F632528-B14A-41B0-ABA6-1E70B32FC838/execute/sync
2026-04-20 09:02:09.935 | WARNING  | urllib3.connectionpool:urlopen:868 - Retrying (Retry(total=1, connect=None, read=None, redirect=None, status=None)) after connection broken by 'NewConnectionError("HTTPConnection(host='localhost', port=62612): Failed to establish a new connection: [Errno 61] Connection refused")': /session/1F632528-B14A-41B0-ABA6-1E70B32FC838/execute/sync
2026-04-20 09:02:09.935 | WARNING  | urllib3.connectionpool:urlopen:868 - Retrying (Retry(total=0, connect=None, read=None, redirect=None, status=None)) after connection broken by 'NewConnectionError("HTTPConnection(host='localhost', port=62612): Failed to establish a new connection: [Errno 61] Connection refused")': /session/1F632528-B14A-41B0-ABA6-1E70B32FC838/execute/sync
2026-04-20 09:02:09.936 | WARNING  | ui_event.get_url:load_href_save:405 - 处理链接时出错: MaxRetryError, 跳过
2026-04-20 09:02:09.936 | WARNING  | urllib3.connectionpool:urlopen:868 - Retrying (Retry(total=2, connect=None, read=None, redirect=None, status=None)) after connection broken by 'NewConnectionError("HTTPConnection(host='localhost', port=62612): Failed to establish a new connection: [Errno 61] Connection refused")': /session/1F632528-B14A-41B0-ABA6-1E70B32FC838/execute/sync
2026-04-20 09:02:09.937 | WARNING  | urllib3.connectionpool:urlopen:868 - Retrying (Retry(total=1, connect=None, read=None, redirect=None, status=None)) after connection broken by 'NewConnectionError("HTTPConnection(host='localhost', port=62612): Failed to establish a new connection: [Errno 61] Connection refused")': /session/1F632528-B14A-41B0-ABA6-1E70B32FC838/execute/sync
2026-04-20 09:02:09.937 | WARNING  | urllib3.connectionpool:urlopen:868 - Retrying (Retry(total=0, connect=None, read=None, redirect=None, status=None)) after connection broken by 'NewConnectionError("HTTPConnection(host='localhost', port=62612): Failed to establish a new connection: [Errno 61] Connection refused")': /session/1F632528-B14A-41B0-ABA6-1E70B32FC838/execute/sync
2026-04-20 09:02:09.937 | WARNING  | ui_event.get_url:load_href_save:405 - 处理链接时出错: MaxRetryError, 跳过
2026-04-20 09:02:09.938 | WARNING  | urllib3.connectionpool:urlopen:868 - Retrying (Retry(total=2, connect=None, read=None, redirect=None, status=None)) after connection broken by 'NewConnectionError("HTTPConnection(host='localhost', port=62612): Failed to establish a new connection: [Errno 61] Connection refused")': /session/1F632528-B14A-41B0-ABA6-1E70B32FC838/execute/sync
2026-04-20 09:02:09.938 | WARNING  | urllib3.connectionpool:urlopen:868 - Retrying (Retry(total=1, connect=None, read=None, redirect=None, status=None)) after connection broken by 'NewConnectionError("HTTPConnection(host='localhost', port=62612): Failed to establish a new connection: [Errno 61] Connection refused")': /session/1F632528-B14A-41B0-ABA6-1E70B32FC838/execute/sync
2026-04-20 09:02:09.939 | WARNING  | urllib3.connectionpool:urlopen:868 - Retrying (Retry(total=0, connect=None, read=None, redirect=None, status=None)) after connection broken by 'NewConnectionError("HTTPConnection(host='localhost', port=62612): Failed to establish a new connection: [Errno 61] Connection refused")': /session/1F632528-B14A-41B0-ABA6-1E70B32FC838/execute/sync
2026-04-20 09:02:09.939 | WARNING  | ui_event.get_url:load_href_save:405 - 处理链接时出错: MaxRetryError, 跳过
2026-04-20 09:02:09.940 | WARNING  | urllib3.connectionpool:urlopen:868 - Retrying (Retry(total=2, connect=None, read=None, redirect=None, status=None)) after connection broken by 'NewConnectionError("HTTPConnection(host='localhost', port=62612): Failed to establish a new connection: [Errno 61] Connection refused")': /session/1F632528-B14A-41B0-ABA6-1E70B32FC838/execute/sync
2026-04-20 09:02:09.940 | WARNING  | urllib3.connectionpool:urlopen:868 - Retrying (Retry(total=1, connect=None, read=None, redirect=None, status=None)) after connection broken by 'NewConnectionError("HTTPConnection(host='localhost', port=62612): Failed to establish a new connection: [Errno 61] Connection refused")': /session/1F632528-B14A-41B0-ABA6-1E70B32FC838/execute/sync
2026-04-20 09:02:09.941 | WARNING  | urllib3.connectionpool:urlopen:868 - Retrying (Retry(total=0, connect=None, read=None, redirect=None, status=None)) after connection broken by 'NewConnectionError("HTTPConnection(host='localhost', port=62612): Failed to establish a new connection: [Errno 61] Connection refused")': /session/1F632528-B14A-41B0-ABA6-1E70B32FC838/execute/sync
2026-04-20 09:02:09.941 | WARNING  | ui_event.get_url:load_href_save:405 - 处理链接时出错: MaxRetryError, 跳过
2026-04-20 09:02:09.942 | WARNING  | urllib3.connectionpool:urlopen:868 - Retrying (Retry(total=2, connect=None, read=None, redirect=None, status=None)) after connection broken by 'NewConnectionError("HTTPConnection(host='localhost', port=62612): Failed to establish a new connection: [Errno 61] Connection refused")': /session/1F632528-B14A-41B0-ABA6-1E70B32FC838/execute/sync
2026-04-20 09:02:09.942 | WARNING  | urllib3.connectionpool:urlopen:868 - Retrying (Retry(total=1, connect=None, read=None, redirect=None, status=None)) after connection broken by 'NewConnectionError("HTTPConnection(host='localhost', port=62612): Failed to establish a new connection: [Errno 61] Connection refused")': /session/1F632528-B14A-41B0-ABA6-1E70B32FC838/execute/sync
2026-04-20 09:02:09.943 | WARNING  | urllib3.connectionpool:urlopen:868 - Retrying (Retry(total=0, connect=None, read=None, redirect=None, status=None)) after connection broken by 'NewConnectionError("HTTPConnection(host='localhost', port=62612): Failed to establish a new connection: [Errno 61] Connection refused")': /session/1F632528-B14A-41B0-ABA6-1E70B32FC838/execute/sync
2026-04-20 09:02:09.943 | WARNING  | ui_event.get_url:load_href_save:405 - 处理链接时出错: MaxRetryError, 跳过
2026-04-20 09:02:09.944 | WARNING  | urllib3.connectionpool:urlopen:868 - Retrying (Retry(total=2, connect=None, read=None, redirect=None, status=None)) after connection broken by 'NewConnectionError("HTTPConnection(host='localhost', port=62612): Failed to establish a new connection: [Errno 61] Connection refused")': /session/1F632528-B14A-41B0-ABA6-1E70B32FC838/execute/sync
2026-04-20 09:02:09.944 | WARNING  | urllib3.connectionpool:urlopen:868 - Retrying (Retry(total=1, connect=None, read=None, redirect=None, status=None)) after connection broken by 'NewConnectionError("HTTPConnection(host='localhost', port=62612): Failed to establish a new connection: [Errno 61] Connection refused")': /session/1F632528-B14A-41B0-ABA6-1E70B32FC838/execute/sync
2026-04-20 09:02:09.945 | WARNING  | urllib3.connectionpool:urlopen:868 - Retrying (Retry(total=0, connect=None, read=None, redirect=None, status=None)) after connection broken by 'NewConnectionError("HTTPConnection(host='localhost', port=62612): Failed to establish a new connection: [Errno 61] Connection refused")': /session/1F632528-B14A-41B0-ABA6-1E70B32FC838/execute/sync
2026-04-20 09:02:09.945 | WARNING  | ui_event.get_url:load_href_save:405 - 处理链接时出错: MaxRetryError, 跳过
2026-04-20 09:02:09.945 | WARNING  | urllib3.connectionpool:urlopen:868 - Retrying (Retry(total=2, connect=None, read=None, redirect=None, status=None)) after connection broken by 'NewConnectionError("HTTPConnection(host='localhost', port=62612): Failed to establish a new connection: [Errno 61] Connection refused")': /session/1F632528-B14A-41B0-ABA6-1E70B32FC838/execute/sync
2026-04-20 09:02:09.946 | WARNING  | urllib3.connectionpool:urlopen:868 - Retrying (Retry(total=1, connect=None, read=None, redirect=None, status=None)) after connection broken by 'NewConnectionError("HTTPConnection(host='localhost', port=62612): Failed to establish a new connection: [Errno 61] Connection refused")': /session/1F632528-B14A-41B0-ABA6-1E70B32FC838/execute/sync
2026-04-20 09:02:09.946 | WARNING  | urllib3.connectionpool:urlopen:868 - Retrying (Retry(total=0, connect=None, read=None, redirect=None, status=None)) after connection broken by 'NewConnectionError("HTTPConnection(host='localhost', port=62612): Failed to establish a new connection: [Errno 61] Connection refused")': /session/1F632528-B14A-41B0-ABA6-1E70B32FC838/execute/sync
2026-04-20 09:02:09.947 | WARNING  | ui_event.get_url:load_href_save:405 - 处理链接时出错: MaxRetryError, 跳过
2026-04-20 09:02:09.948 | WARNING  | urllib3.connectionpool:urlopen:868 - Retrying (Retry(total=2, connect=None, read=None, redirect=None, status=None)) after connection broken by 'NewConnectionError("HTTPConnection(host='localhost', port=62612): Failed to establish a new connection: [Errno 61] Connection refused")': /session/1F632528-B14A-41B0-ABA6-1E70B32FC838/execute/sync
2026-04-20 09:02:09.948 | WARNING  | urllib3.connectionpool:urlopen:868 - Retrying (Retry(total=1, connect=None, read=None, redirect=None, status=None)) after connection broken by 'NewConnectionError("HTTPConnection(host='localhost', port=62612): Failed to establish a new connection: [Errno 61] Connection refused")': /session/1F632528-B14A-41B0-ABA6-1E70B32FC838/execute/sync
2026-04-20 09:02:09.948 | WARNING  | urllib3.connectionpool:urlopen:868 - Retrying (Retry(total=0, connect=None, read=None, redirect=None, status=None)) after connection broken by 'NewConnectionError("HTTPConnection(host='localhost', port=62612): Failed to establish a new connection: [Errno 61] Connection refused")': /session/1F632528-B14A-41B0-ABA6-1E70B32FC838/execute/sync
2026-04-20 09:02:09.949 | WARNING  | ui_event.get_url:load_href_save:405 - 处理链接时出错: MaxRetryError, 跳过
2026-04-20 09:02:09.949 | WARNING  | urllib3.connectionpool:urlopen:868 - Retrying (Retry(total=2, connect=None, read=None, redirect=None, status=None)) after connection broken by 'NewConnectionError("HTTPConnection(host='localhost', port=62612): Failed to establish a new connection: [Errno 61] Connection refused")': /session/1F632528-B14A-41B0-ABA6-1E70B32FC838/execute/sync
2026-04-20 09:02:09.950 | WARNING  | urllib3.connectionpool:urlopen:868 - Retrying (Retry(total=1, connect=None, read=None, redirect=None, status=None)) after connection broken by 'NewConnectionError("HTTPConnection(host='localhost', port=62612): Failed to establish a new connection: [Errno 61] Connection refused")': /session/1F632528-B14A-41B0-ABA6-1E70B32FC838/execute/sync
2026-04-20 09:02:09.950 | WARNING  | urllib3.connectionpool:urlopen:868 - Retrying (Retry(total=0, connect=None, read=None, redirect=None, status=None)) after connection broken by 'NewConnectionError("HTTPConnection(host='localhost', port=62612): Failed to establish a new connection: [Errno 61] Connection refused")': /session/1F632528-B14A-41B0-ABA6-1E70B32FC838/execute/sync
2026-04-20 09:02:09.951 | WARNING  | ui_event.get_url:load_href_save:405 - 处理链接时出错: MaxRetryError, 跳过
2026-04-20 09:02:09.951 | WARNING  | urllib3.connectionpool:urlopen:868 - Retrying (Retry(total=2, connect=None, read=None, redirect=None, status=None)) after connection broken by 'NewConnectionError("HTTPConnection(host='localhost', port=62612): Failed to establish a new connection: [Errno 61] Connection refused")': /session/1F632528-B14A-41B0-ABA6-1E70B32FC838/execute/sync
2026-04-20 09:02:09.952 | WARNING  | urllib3.connectionpool:urlopen:868 - Retrying (Retry(total=1, connect=None, read=None, redirect=None, status=None)) after connection broken by 'NewConnectionError("HTTPConnection(host='localhost', port=62612): Failed to establish a new connection: [Errno 61] Connection refused")': /session/1F632528-B14A-41B0-ABA6-1E70B32FC838/execute/sync
2026-04-20 09:02:09.952 | WARNING  | urllib3.connectionpool:urlopen:868 - Retrying (Retry(total=0, connect=None, read=None, redirect=None, status=None)) after connection broken by 'NewConnectionError("HTTPConnection(host='localhost', port=62612): Failed to establish a new connection: [Errno 61] Connection refused")': /session/1F632528-B14A-41B0-ABA6-1E70B32FC838/execute/sync
2026-04-20 09:02:09.952 | WARNING  | ui_event.get_url:load_href_save:405 - 处理链接时出错: MaxRetryError, 跳过
2026-04-20 09:02:09.953 | WARNING  | urllib3.connectionpool:urlopen:868 - Retrying (Retry(total=2, connect=None, read=None, redirect=None, status=None)) after connection broken by 'NewConnectionError("HTTPConnection(host='localhost', port=62612): Failed to establish a new connection: [Errno 61] Connection refused")': /session/1F632528-B14A-41B0-ABA6-1E70B32FC838/execute/sync
2026-04-20 09:02:09.953 | WARNING  | urllib3.connectionpool:urlopen:868 - Retrying (Retry(total=1, connect=None, read=None, redirect=None, status=None)) after connection broken by 'NewConnectionError("HTTPConnection(host='localhost', port=62612): Failed to establish a new connection: [Errno 61] Connection refused")': /session/1F632528-B14A-41B0-ABA6-1E70B32FC838/execute/sync
2026-04-20 09:02:09.954 | WARNING  | urllib3.connectionpool:urlopen:868 - Retrying (Retry(total=0, connect=None, read=None, redirect=None, status=None)) after connection broken by 'NewConnectionError("HTTPConnection(host='localhost', port=62612): Failed to establish a new connection: [Errno 61] Connection refused")': /session/1F632528-B14A-41B0-ABA6-1E70B32FC838/execute/sync
2026-04-20 09:02:09.954 | WARNING  | ui_event.get_url:load_href_save:405 - 处理链接时出错: MaxRetryError, 跳过
2026-04-20 09:02:09.955 | WARNING  | urllib3.connectionpool:urlopen:868 - Retrying (Retry(total=2, connect=None, read=None, redirect=None, status=None)) after connection broken by 'NewConnectionError("HTTPConnection(host='localhost', port=62612): Failed to establish a new connection: [Errno 61] Connection refused")': /session/1F632528-B14A-41B0-ABA6-1E70B32FC838/execute/sync
2026-04-20 09:02:09.955 | WARNING  | urllib3.connectionpool:urlopen:868 - Retrying (Retry(total=1, connect=None, read=None, redirect=None, status=None)) after connection broken by 'NewConnectionError("HTTPConnection(host='localhost', port=62612): Failed to establish a new connection: [Errno 61] Connection refused")': /session/1F632528-B14A-41B0-ABA6-1E70B32FC838/execute/sync
2026-04-20 09:02:09.956 | WARNING  | urllib3.connectionpool:urlopen:868 - Retrying (Retry(total=0, connect=None, read=None, redirect=None, status=None)) after connection broken by 'NewConnectionError("HTTPConnection(host='localhost', port=62612): Failed to establish a new connection: [Errno 61] Connection refused")': /session/1F632528-B14A-41B0-ABA6-1E70B32FC838/execute/sync
2026-04-20 09:02:09.956 | WARNING  | ui_event.get_url:load_href_save:405 - 处理链接时出错: MaxRetryError, 跳过
2026-04-20 09:02:09.957 | WARNING  | urllib3.connectionpool:urlopen:868 - Retrying (Retry(total=2, connect=None, read=None, redirect=None, status=None)) after connection broken by 'NewConnectionError("HTTPConnection(host='localhost', port=62612): Failed to establish a new connection: [Errno 61] Connection refused")': /session/1F632528-B14A-41B0-ABA6-1E70B32FC838/execute/sync
2026-04-20 09:02:09.957 | WARNING  | urllib3.connectionpool:urlopen:868 - Retrying (Retry(total=1, connect=None, read=None, redirect=None, status=None)) after connection broken by 'NewConnectionError("HTTPConnection(host='localhost', port=62612): Failed to establish a new connection: [Errno 61] Connection refused")': /session/1F632528-B14A-41B0-ABA6-1E70B32FC838/execute/sync
2026-04-20 09:02:09.958 | WARNING  | urllib3.connectionpool:urlopen:868 - Retrying (Retry(total=0, connect=None, read=None, redirect=None, status=None)) after connection broken by 'NewConnectionError("HTTPConnection(host='localhost', port=62612): Failed to establish a new connection: [Errno 61] Connection refused")': /session/1F632528-B14A-41B0-ABA6-1E70B32FC838/execute/sync
2026-04-20 09:02:09.958 | WARNING  | ui_event.get_url:load_href_save:405 - 处理链接时出错: MaxRetryError, 跳过
2026-04-20 09:02:09.959 | WARNING  | urllib3.connectionpool:urlopen:868 - Retrying (Retry(total=2, connect=None, read=None, redirect=None, status=None)) after connection broken by 'NewConnectionError("HTTPConnection(host='localhost', port=62612): Failed to establish a new connection: [Errno 61] Connection refused")': /session/1F632528-B14A-41B0-ABA6-1E70B32FC838/execute/sync
2026-04-20 09:02:09.959 | WARNING  | urllib3.connectionpool:urlopen:868 - Retrying (Retry(total=1, connect=None, read=None, redirect=None, status=None)) after connection broken by 'NewConnectionError("HTTPConnection(host='localhost', port=62612): Failed to establish a new connection: [Errno 61] Connection refused")': /session/1F632528-B14A-41B0-ABA6-1E70B32FC838/execute/sync
2026-04-20 09:02:09.960 | WARNING  | urllib3.connectionpool:urlopen:868 - Retrying (Retry(total=0, connect=None, read=None, redirect=None, status=None)) after connection broken by 'NewConnectionError("HTTPConnection(host='localhost', port=62612): Failed to establish a new connection: [Errno 61] Connection refused")': /session/1F632528-B14A-41B0-ABA6-1E70B32FC838/execute/sync
2026-04-20 09:02:09.960 | WARNING  | ui_event.get_url:load_href_save:405 - 处理链接时出错: MaxRetryError, 跳过
2026-04-20 09:02:09.961 | WARNING  | urllib3.connectionpool:urlopen:868 - Retrying (Retry(total=2, connect=None, read=None, redirect=None, status=None)) after connection broken by 'NewConnectionError("HTTPConnection(host='localhost', port=62612): Failed to establish a new connection: [Errno 61] Connection refused")': /session/1F632528-B14A-41B0-ABA6-1E70B32FC838/execute/sync
2026-04-20 09:02:09.961 | WARNING  | urllib3.connectionpool:urlopen:868 - Retrying (Retry(total=1, connect=None, read=None, redirect=None, status=None)) after connection broken by 'NewConnectionError("HTTPConnection(host='localhost', port=62612): Failed to establish a new connection: [Errno 61] Connection refused")': /session/1F632528-B14A-41B0-ABA6-1E70B32FC838/execute/sync
2026-04-20 09:02:09.962 | WARNING  | urllib3.connectionpool:urlopen:868 - Retrying (Retry(total=0, connect=None, read=None, redirect=None, status=None)) after connection broken by 'NewConnectionError("HTTPConnection(host='localhost', port=62612): Failed to establish a new connection: [Errno 61] Connection refused")': /session/1F632528-B14A-41B0-ABA6-1E70B32FC838/execute/sync
2026-04-20 09:02:09.962 | WARNING  | ui_event.get_url:load_href_save:405 - 处理链接时出错: MaxRetryError, 跳过
2026-04-20 09:02:09.963 | WARNING  | urllib3.connectionpool:urlopen:868 - Retrying (Retry(total=2, connect=None, read=None, redirect=None, status=None)) after connection broken by 'NewConnectionError("HTTPConnection(host='localhost', port=62612): Failed to establish a new connection: [Errno 61] Connection refused")': /session/1F632528-B14A-41B0-ABA6-1E70B32FC838/execute/sync
2026-04-20 09:02:09.963 | WARNING  | urllib3.connectionpool:urlopen:868 - Retrying (Retry(total=1, connect=None, read=None, redirect=None, status=None)) after connection broken by 'NewConnectionError("HTTPConnection(host='localhost', port=62612): Failed to establish a new connection: [Errno 61] Connection refused")': /session/1F632528-B14A-41B0-ABA6-1E70B32FC838/execute/sync
2026-04-20 09:02:09.963 | WARNING  | urllib3.connectionpool:urlopen:868 - Retrying (Retry(total=0, connect=None, read=None, redirect=None, status=None)) after connection broken by 'NewConnectionError("HTTPConnection(host='localhost', port=62612): Failed to establish a new connection: [Errno 61] Connection refused")': /session/1F632528-B14A-41B0-ABA6-1E70B32FC838/execute/sync
2026-04-20 09:02:09.964 | WARNING  | ui_event.get_url:load_href_save:405 - 处理链接时出错: MaxRetryError, 跳过
2026-04-20 09:02:09.964 | WARNING  | urllib3.connectionpool:urlopen:868 - Retrying (Retry(total=2, connect=None, read=None, redirect=None, status=None)) after connection broken by 'NewConnectionError("HTTPConnection(host='localhost', port=62612): Failed to establish a new connection: [Errno 61] Connection refused")': /session/1F632528-B14A-41B0-ABA6-1E70B32FC838/execute/sync
2026-04-20 09:02:09.965 | WARNING  | urllib3.connectionpool:urlopen:868 - Retrying (Retry(total=1, connect=None, read=None, redirect=None, status=None)) after connection broken by 'NewConnectionError("HTTPConnection(host='localhost', port=62612): Failed to establish a new connection: [Errno 61] Connection refused")': /session/1F632528-B14A-41B0-ABA6-1E70B32FC838/execute/sync
2026-04-20 09:02:09.965 | WARNING  | urllib3.connectionpool:urlopen:868 - Retrying (Retry(total=0, connect=None, read=None, redirect=None, status=None)) after connection broken by 'NewConnectionError("HTTPConnection(host='localhost', port=62612): Failed to establish a new connection: [Errno 61] Connection refused")': /session/1F632528-B14A-41B0-ABA6-1E70B32FC838/execute/sync
2026-04-20 09:02:09.966 | WARNING  | ui_event.get_url:load_href_save:405 - 处理链接时出错: MaxRetryError, 跳过
2026-04-20 09:02:09.966 | WARNING  | urllib3.connectionpool:urlopen:868 - Retrying (Retry(total=2, connect=None, read=None, redirect=None, status=None)) after connection broken by 'NewConnectionError("HTTPConnection(host='localhost', port=62612): Failed to establish a new connection: [Errno 61] Connection refused")': /session/1F632528-B14A-41B0-ABA6-1E70B32FC838/execute/sync
2026-04-20 09:02:09.967 | WARNING  | urllib3.connectionpool:urlopen:868 - Retrying (Retry(total=1, connect=None, read=None, redirect=None, status=None)) after connection broken by 'NewConnectionError("HTTPConnection(host='localhost', port=62612): Failed to establish a new connection: [Errno 61] Connection refused")': /session/1F632528-B14A-41B0-ABA6-1E70B32FC838/execute/sync
2026-04-20 09:02:09.967 | WARNING  | urllib3.connectionpool:urlopen:868 - Retrying (Retry(total=0, connect=None, read=None, redirect=None, status=None)) after connection broken by 'NewConnectionError("HTTPConnection(host='localhost', port=62612): Failed to establish a new connection: [Errno 61] Connection refused")': /session/1F632528-B14A-41B0-ABA6-1E70B32FC838/execute/sync
2026-04-20 09:02:09.967 | WARNING  | ui_event.get_url:load_href_save:405 - 处理链接时出错: MaxRetryError, 跳过
2026-04-20 09:02:09.968 | WARNING  | urllib3.connectionpool:urlopen:868 - Retrying (Retry(total=2, connect=None, read=None, redirect=None, status=None)) after connection broken by 'NewConnectionError("HTTPConnection(host='localhost', port=62612): Failed to establish a new connection: [Errno 61] Connection refused")': /session/1F632528-B14A-41B0-ABA6-1E70B32FC838/execute/sync
2026-04-20 09:02:09.968 | WARNING  | urllib3.connectionpool:urlopen:868 - Retrying (Retry(total=1, connect=None, read=None, redirect=None, status=None)) after connection broken by 'NewConnectionError("HTTPConnection(host='localhost', port=62612): Failed to establish a new connection: [Errno 61] Connection refused")': /session/1F632528-B14A-41B0-ABA6-1E70B32FC838/execute/sync
2026-04-20 09:02:09.969 | WARNING  | urllib3.connectionpool:urlopen:868 - Retrying (Retry(total=0, connect=None, read=None, redirect=None, status=None)) after connection broken by 'NewConnectionError("HTTPConnection(host='localhost', port=62612): Failed to establish a new connection: [Errno 61] Connection refused")': /session/1F632528-B14A-41B0-ABA6-1E70B32FC838/execute/sync
2026-04-20 09:02:09.969 | WARNING  | ui_event.get_url:load_href_save:405 - 处理链接时出错: MaxRetryError, 跳过
2026-04-20 09:02:09.970 | SUCCESS  | __main__:start_api_server:98 - Web API started successfully!
2026-04-20 09:02:09.970 | WARNING  | urllib3.connectionpool:urlopen:868 - Retrying (Retry(total=2, connect=None, read=None, redirect=None, status=None)) after connection broken by 'NewConnectionError("HTTPConnection(host='localhost', port=62612): Failed to establish a new connection: [Errno 61] Connection refused")': /session/1F632528-B14A-41B0-ABA6-1E70B32FC838/execute/sync
2026-04-20 09:02:09.971 | WARNING  | urllib3.connectionpool:urlopen:868 - Retrying (Retry(total=1, connect=None, read=None, redirect=None, status=None)) after connection broken by 'NewConnectionError("HTTPConnection(host='localhost', port=62612): Failed to establish a new connection: [Errno 61] Connection refused")': /session/1F632528-B14A-41B0-ABA6-1E70B32FC838/execute/sync
2026-04-20 09:02:09.971 | WARNING  | urllib3.connectionpool:urlopen:868 - Retrying (Retry(total=0, connect=None, read=None, redirect=None, status=None)) after connection broken by 'NewConnectionError("HTTPConnection(host='localhost', port=62612): Failed to establish a new connection: [Errno 61] Connection refused")': /session/1F632528-B14A-41B0-ABA6-1E70B32FC838/execute/sync
2026-04-20 09:02:09.972 | WARNING  | ui_event.get_url:load_href_save:405 - 处理链接时出错: MaxRetryError, 跳过
2026-04-20 09:02:09.972 | WARNING  | urllib3.connectionpool:urlopen:868 - Retrying (Retry(total=2, connect=None, read=None, redirect=None, status=None)) after connection broken by 'NewConnectionError("HTTPConnection(host='localhost', port=62612): Failed to establish a new connection: [Errno 61] Connection refused")': /session/1F632528-B14A-41B0-ABA6-1E70B32FC838/execute/sync
2026-04-20 09:02:09.973 | WARNING  | urllib3.connectionpool:urlopen:868 - Retrying (Retry(total=1, connect=None, read=None, redirect=None, status=None)) after connection broken by 'NewConnectionError("HTTPConnection(host='localhost', port=62612): Failed to establish a new connection: [Errno 61] Connection refused")': /session/1F632528-B14A-41B0-ABA6-1E70B32FC838/execute/sync
2026-04-20 09:02:09.973 | WARNING  | urllib3.connectionpool:urlopen:868 - Retrying (Retry(total=0, connect=None, read=None, redirect=None, status=None)) after connection broken by 'NewConnectionError("HTTPConnection(host='localhost', port=62612): Failed to establish a new connection: [Errno 61] Connection refused")': /session/1F632528-B14A-41B0-ABA6-1E70B32FC838/execute/sync
2026-04-20 09:02:09.973 | WARNING  | ui_event.get_url:load_href_save:405 - 处理链接时出错: MaxRetryError, 跳过
2026-04-20 09:02:09.974 | WARNING  | urllib3.connectionpool:urlopen:868 - Retrying (Retry(total=2, connect=None, read=None, redirect=None, status=None)) after connection broken by 'NewConnectionError("HTTPConnection(host='localhost', port=62612): Failed to establish a new connection: [Errno 61] Connection refused")': /session/1F632528-B14A-41B0-ABA6-1E70B32FC838/execute/sync
2026-04-20 09:02:09.974 | WARNING  | urllib3.connectionpool:urlopen:868 - Retrying (Retry(total=1, connect=None, read=None, redirect=None, status=None)) after connection broken by 'NewConnectionError("HTTPConnection(host='localhost', port=62612): Failed to establish a new connection: [Errno 61] Connection refused")': /session/1F632528-B14A-41B0-ABA6-1E70B32FC838/execute/sync
2026-04-20 09:02:09.975 | WARNING  | urllib3.connectionpool:urlopen:868 - Retrying (Retry(total=0, connect=None, read=None, redirect=None, status=None)) after connection broken by 'NewConnectionError("HTTPConnection(host='localhost', port=62612): Failed to establish a new connection: [Errno 61] Connection refused")': /session/1F632528-B14A-41B0-ABA6-1E70B32FC838/execute/sync
2026-04-20 09:02:09.975 | WARNING  | ui_event.get_url:load_href_save:405 - 处理链接时出错: MaxRetryError, 跳过
2026-04-20 09:02:09.976 | WARNING  | urllib3.connectionpool:urlopen:868 - Retrying (Retry(total=2, connect=None, read=None, redirect=None, status=None)) after connection broken by 'NewConnectionError("HTTPConnection(host='localhost', port=62612): Failed to establish a new connection: [Errno 61] Connection refused")': /session/1F632528-B14A-41B0-ABA6-1E70B32FC838/execute/sync
2026-04-20 09:02:09.976 | WARNING  | urllib3.connectionpool:urlopen:868 - Retrying (Retry(total=1, connect=None, read=None, redirect=None, status=None)) after connection broken by 'NewConnectionError("HTTPConnection(host='localhost', port=62612): Failed to establish a new connection: [Errno 61] Connection refused")': /session/1F632528-B14A-41B0-ABA6-1E70B32FC838/execute/sync
2026-04-20 09:02:09.977 | WARNING  | urllib3.connectionpool:urlopen:868 - Retrying (Retry(total=0, connect=None, read=None, redirect=None, status=None)) after connection broken by 'NewConnectionError("HTTPConnection(host='localhost', port=62612): Failed to establish a new connection: [Errno 61] Connection refused")': /session/1F632528-B14A-41B0-ABA6-1E70B32FC838/execute/sync
2026-04-20 09:02:09.977 | WARNING  | ui_event.get_url:load_href_save:405 - 处理链接时出错: MaxRetryError, 跳过
2026-04-20 09:02:09.978 | WARNING  | urllib3.connectionpool:urlopen:868 - Retrying (Retry(total=2, connect=None, read=None, redirect=None, status=None)) after connection broken by 'NewConnectionError("HTTPConnection(host='localhost', port=62612): Failed to establish a new connection: [Errno 61] Connection refused")': /session/1F632528-B14A-41B0-ABA6-1E70B32FC838/execute/sync
2026-04-20 09:02:09.978 | WARNING  | urllib3.connectionpool:urlopen:868 - Retrying (Retry(total=1, connect=None, read=None, redirect=None, status=None)) after connection broken by 'NewConnectionError("HTTPConnection(host='localhost', port=62612): Failed to establish a new connection: [Errno 61] Connection refused")': /session/1F632528-B14A-41B0-ABA6-1E70B32FC838/execute/sync
2026-04-20 09:02:09.978 | WARNING  | urllib3.connectionpool:urlopen:868 - Retrying (Retry(total=0, connect=None, read=None, redirect=None, status=None)) after connection broken by 'NewConnectionError("HTTPConnection(host='localhost', port=62612): Failed to establish a new connection: [Errno 61] Connection refused")': /session/1F632528-B14A-41B0-ABA6-1E70B32FC838/execute/sync
2026-04-20 09:02:09.979 | WARNING  | ui_event.get_url:load_href_save:405 - 处理链接时出错: MaxRetryError, 跳过
2026-04-20 09:02:09.979 | WARNING  | urllib3.connectionpool:urlopen:868 - Retrying (Retry(total=2, connect=None, read=None, redirect=None, status=None)) after connection broken by 'NewConnectionError("HTTPConnection(host='localhost', port=62612): Failed to establish a new connection: [Errno 61] Connection refused")': /session/1F632528-B14A-41B0-ABA6-1E70B32FC838/execute/sync
2026-04-20 09:02:09.980 | WARNING  | urllib3.connectionpool:urlopen:868 - Retrying (Retry(total=1, connect=None, read=None, redirect=None, status=None)) after connection broken by 'NewConnectionError("HTTPConnection(host='localhost', port=62612): Failed to establish a new connection: [Errno 61] Connection refused")': /session/1F632528-B14A-41B0-ABA6-1E70B32FC838/execute/sync
2026-04-20 09:02:09.980 | WARNING  | urllib3.connectionpool:urlopen:868 - Retrying (Retry(total=0, connect=None, read=None, redirect=None, status=None)) after connection broken by 'NewConnectionError("HTTPConnection(host='localhost', port=62612): Failed to establish a new connection: [Errno 61] Connection refused")': /session/1F632528-B14A-41B0-ABA6-1E70B32FC838/execute/sync
2026-04-20 09:02:09.981 | WARNING  | ui_event.get_url:load_href_save:405 - 处理链接时出错: MaxRetryError, 跳过
2026-04-20 09:02:09.981 | WARNING  | urllib3.connectionpool:urlopen:868 - Retrying (Retry(total=2, connect=None, read=None, redirect=None, status=None)) after connection broken by 'NewConnectionError("HTTPConnection(host='localhost', port=62612): Failed to establish a new connection: [Errno 61] Connection refused")': /session/1F632528-B14A-41B0-ABA6-1E70B32FC838/execute/sync
2026-04-20 09:02:09.982 | WARNING  | urllib3.connectionpool:urlopen:868 - Retrying (Retry(total=1, connect=None, read=None, redirect=None, status=None)) after connection broken by 'NewConnectionError("HTTPConnection(host='localhost', port=62612): Failed to establish a new connection: [Errno 61] Connection refused")': /session/1F632528-B14A-41B0-ABA6-1E70B32FC838/execute/sync
2026-04-20 09:02:09.982 | WARNING  | urllib3.connectionpool:urlopen:868 - Retrying (Retry(total=0, connect=None, read=None, redirect=None, status=None)) after connection broken by 'NewConnectionError("HTTPConnection(host='localhost', port=62612): Failed to establish a new connection: [Errno 61] Connection refused")': /session/1F632528-B14A-41B0-ABA6-1E70B32FC838/execute/sync
2026-04-20 09:02:09.983 | WARNING  | ui_event.get_url:load_href_save:405 - 处理链接时出错: MaxRetryError, 跳过
2026-04-20 09:02:09.983 | WARNING  | urllib3.connectionpool:urlopen:868 - Retrying (Retry(total=2, connect=None, read=None, redirect=None, status=None)) after connection broken by 'NewConnectionError("HTTPConnection(host='localhost', port=62612): Failed to establish a new connection: [Errno 61] Connection refused")': /session/1F632528-B14A-41B0-ABA6-1E70B32FC838/execute/sync
2026-04-20 09:02:09.983 | WARNING  | urllib3.connectionpool:urlopen:868 - Retrying (Retry(total=1, connect=None, read=None, redirect=None, status=None)) after connection broken by 'NewConnectionError("HTTPConnection(host='localhost', port=62612): Failed to establish a new connection: [Errno 61] Connection refused")': /session/1F632528-B14A-41B0-ABA6-1E70B32FC838/execute/sync
2026-04-20 09:02:09.984 | WARNING  | urllib3.connectionpool:urlopen:868 - Retrying (Retry(total=0, connect=None, read=None, redirect=None, status=None)) after connection broken by 'NewConnectionError("HTTPConnection(host='localhost', port=62612): Failed to establish a new connection: [Errno 61] Connection refused")': /session/1F632528-B14A-41B0-ABA6-1E70B32FC838/execute/sync
2026-04-20 09:02:09.984 | WARNING  | ui_event.get_url:load_href_save:405 - 处理链接时出错: MaxRetryError, 跳过
2026-04-20 09:02:09.985 | WARNING  | urllib3.connectionpool:urlopen:868 - Retrying (Retry(total=2, connect=None, read=None, redirect=None, status=None)) after connection broken by 'NewConnectionError("HTTPConnection(host='localhost', port=62612): Failed to establish a new connection: [Errno 61] Connection refused")': /session/1F632528-B14A-41B0-ABA6-1E70B32FC838/execute/sync
2026-04-20 09:02:09.985 | WARNING  | urllib3.connectionpool:urlopen:868 - Retrying (Retry(total=1, connect=None, read=None, redirect=None, status=None)) after connection broken by 'NewConnectionError("HTTPConnection(host='localhost', port=62612): Failed to establish a new connection: [Errno 61] Connection refused")': /session/1F632528-B14A-41B0-ABA6-1E70B32FC838/execute/sync
2026-04-20 09:02:09.986 | WARNING  | urllib3.connectionpool:urlopen:868 - Retrying (Retry(total=0, connect=None, read=None, redirect=None, status=None)) after connection broken by 'NewConnectionError("HTTPConnection(host='localhost', port=62612): Failed to establish a new connection: [Errno 61] Connection refused")': /session/1F632528-B14A-41B0-ABA6-1E70B32FC838/execute/sync
2026-04-20 09:02:09.986 | WARNING  | ui_event.get_url:load_href_save:405 - 处理链接时出错: MaxRetryError, 跳过
2026-04-20 09:02:09.986 | WARNING  | urllib3.connectionpool:urlopen:868 - Retrying (Retry(total=2, connect=None, read=None, redirect=None, status=None)) after connection broken by 'NewConnectionError("HTTPConnection(host='localhost', port=62612): Failed to establish a new connection: [Errno 61] Connection refused")': /session/1F632528-B14A-41B0-ABA6-1E70B32FC838/execute/sync
2026-04-20 09:02:09.987 | WARNING  | urllib3.connectionpool:urlopen:868 - Retrying (Retry(total=1, connect=None, read=None, redirect=None, status=None)) after connection broken by 'NewConnectionError("HTTPConnection(host='localhost', port=62612): Failed to establish a new connection: [Errno 61] Connection refused")': /session/1F632528-B14A-41B0-ABA6-1E70B32FC838/execute/sync
2026-04-20 09:02:09.987 | WARNING  | urllib3.connectionpool:urlopen:868 - Retrying (Retry(total=0, connect=None, read=None, redirect=None, status=None)) after connection broken by 'NewConnectionError("HTTPConnection(host='localhost', port=62612): Failed to establish a new connection: [Errno 61] Connection refused")': /session/1F632528-B14A-41B0-ABA6-1E70B32FC838/execute/sync
2026-04-20 09:02:09.987 | WARNING  | ui_event.get_url:load_href_save:405 - 处理链接时出错: MaxRetryError, 跳过
2026-04-20 09:02:09.988 | WARNING  | urllib3.connectionpool:urlopen:868 - Retrying (Retry(total=2, connect=None, read=None, redirect=None, status=None)) after connection broken by 'NewConnectionError("HTTPConnection(host='localhost', port=62612): Failed to establish a new connection: [Errno 61] Connection refused")': /session/1F632528-B14A-41B0-ABA6-1E70B32FC838/execute/sync
2026-04-20 09:02:09.989 | WARNING  | urllib3.connectionpool:urlopen:868 - Retrying (Retry(total=1, connect=None, read=None, redirect=None, status=None)) after connection broken by 'NewConnectionError("HTTPConnection(host='localhost', port=62612): Failed to establish a new connection: [Errno 61] Connection refused")': /session/1F632528-B14A-41B0-ABA6-1E70B32FC838/execute/sync
2026-04-20 09:02:09.989 | WARNING  | urllib3.connectionpool:urlopen:868 - Retrying (Retry(total=0, connect=None, read=None, redirect=None, status=None)) after connection broken by 'NewConnectionError("HTTPConnection(host='localhost', port=62612): Failed to establish a new connection: [Errno 61] Connection refused")': /session/1F632528-B14A-41B0-ABA6-1E70B32FC838/execute/sync
2026-04-20 09:02:09.989 | WARNING  | ui_event.get_url:load_href_save:405 - 处理链接时出错: MaxRetryError, 跳过
2026-04-20 09:02:09.990 | WARNING  | urllib3.connectionpool:urlopen:868 - Retrying (Retry(total=2, connect=None, read=None, redirect=None, status=None)) after connection broken by 'NewConnectionError("HTTPConnection(host='localhost', port=62612): Failed to establish a new connection: [Errno 61] Connection refused")': /session/1F632528-B14A-41B0-ABA6-1E70B32FC838/execute/sync
2026-04-20 09:02:09.990 | WARNING  | urllib3.connectionpool:urlopen:868 - Retrying (Retry(total=1, connect=None, read=None, redirect=None, status=None)) after connection broken by 'NewConnectionError("HTTPConnection(host='localhost', port=62612): Failed to establish a new connection: [Errno 61] Connection refused")': /session/1F632528-B14A-41B0-ABA6-1E70B32FC838/execute/sync
2026-04-20 09:02:09.991 | WARNING  | urllib3.connectionpool:urlopen:868 - Retrying (Retry(total=0, connect=None, read=None, redirect=None, status=None)) after connection broken by 'NewConnectionError("HTTPConnection(host='localhost', port=62612): Failed to establish a new connection: [Errno 61] Connection refused")': /session/1F632528-B14A-41B0-ABA6-1E70B32FC838/execute/sync
2026-04-20 09:02:09.991 | WARNING  | ui_event.get_url:load_href_save:405 - 处理链接时出错: MaxRetryError, 跳过
2026-04-20 09:02:09.992 | WARNING  | urllib3.connectionpool:urlopen:868 - Retrying (Retry(total=2, connect=None, read=None, redirect=None, status=None)) after connection broken by 'NewConnectionError("HTTPConnection(host='localhost', port=62612): Failed to establish a new connection: [Errno 61] Connection refused")': /session/1F632528-B14A-41B0-ABA6-1E70B32FC838/execute/sync
2026-04-20 09:02:09.992 | WARNING  | urllib3.connectionpool:urlopen:868 - Retrying (Retry(total=1, connect=None, read=None, redirect=None, status=None)) after connection broken by 'NewConnectionError("HTTPConnection(host='localhost', port=62612): Failed to establish a new connection: [Errno 61] Connection refused")': /session/1F632528-B14A-41B0-ABA6-1E70B32FC838/execute/sync
2026-04-20 09:02:09.993 | WARNING  | urllib3.connectionpool:urlopen:868 - Retrying (Retry(total=0, connect=None, read=None, redirect=None, status=None)) after connection broken by 'NewConnectionError("HTTPConnection(host='localhost', port=62612): Failed to establish a new connection: [Errno 61] Connection refused")': /session/1F632528-B14A-41B0-ABA6-1E70B32FC838/execute/sync
2026-04-20 09:02:09.993 | WARNING  | ui_event.get_url:load_href_save:405 - 处理链接时出错: MaxRetryError, 跳过
2026-04-20 09:02:09.994 | WARNING  | urllib3.connectionpool:urlopen:868 - Retrying (Retry(total=2, connect=None, read=None, redirect=None, status=None)) after connection broken by 'NewConnectionError("HTTPConnection(host='localhost', port=62612): Failed to establish a new connection: [Errno 61] Connection refused")': /session/1F632528-B14A-41B0-ABA6-1E70B32FC838/execute/sync
2026-04-20 09:02:09.994 | WARNING  | urllib3.connectionpool:urlopen:868 - Retrying (Retry(total=1, connect=None, read=None, redirect=None, status=None)) after connection broken by 'NewConnectionError("HTTPConnection(host='localhost', port=62612): Failed to establish a new connection: [Errno 61] Connection refused")': /session/1F632528-B14A-41B0-ABA6-1E70B32FC838/execute/sync
2026-04-20 09:02:09.995 | WARNING  | urllib3.connectionpool:urlopen:868 - Retrying (Retry(total=0, connect=None, read=None, redirect=None, status=None)) after connection broken by 'NewConnectionError("HTTPConnection(host='localhost', port=62612): Failed to establish a new connection: [Errno 61] Connection refused")': /session/1F632528-B14A-41B0-ABA6-1E70B32FC838/execute/sync
2026-04-20 09:02:09.995 | WARNING  | ui_event.get_url:load_href_save:405 - 处理链接时出错: MaxRetryError, 跳过
2026-04-20 09:02:09.995 | WARNING  | urllib3.connectionpool:urlopen:868 - Retrying (Retry(total=2, connect=None, read=None, redirect=None, status=None)) after connection broken by 'NewConnectionError("HTTPConnection(host='localhost', port=62612): Failed to establish a new connection: [Errno 61] Connection refused")': /session/1F632528-B14A-41B0-ABA6-1E70B32FC838/execute/sync
2026-04-20 09:02:09.996 | WARNING  | urllib3.connectionpool:urlopen:868 - Retrying (Retry(total=1, connect=None, read=None, redirect=None, status=None)) after connection broken by 'NewConnectionError("HTTPConnection(host='localhost', port=62612): Failed to establish a new connection: [Errno 61] Connection refused")': /session/1F632528-B14A-41B0-ABA6-1E70B32FC838/execute/sync
2026-04-20 09:02:09.996 | WARNING  | urllib3.connectionpool:urlopen:868 - Retrying (Retry(total=0, connect=None, read=None, redirect=None, status=None)) after connection broken by 'NewConnectionError("HTTPConnection(host='localhost', port=62612): Failed to establish a new connection: [Errno 61] Connection refused")': /session/1F632528-B14A-41B0-ABA6-1E70B32FC838/execute/sync
2026-04-20 09:02:09.997 | WARNING  | ui_event.get_url:load_href_save:405 - 处理链接时出错: MaxRetryError, 跳过
2026-04-20 09:02:09.997 | WARNING  | urllib3.connectionpool:urlopen:868 - Retrying (Retry(total=2, connect=None, read=None, redirect=None, status=None)) after connection broken by 'NewConnectionError("HTTPConnection(host='localhost', port=62612): Failed to establish a new connection: [Errno 61] Connection refused")': /session/1F632528-B14A-41B0-ABA6-1E70B32FC838/execute/sync
2026-04-20 09:02:09.997 | WARNING  | urllib3.connectionpool:urlopen:868 - Retrying (Retry(total=1, connect=None, read=None, redirect=None, status=None)) after connection broken by 'NewConnectionError("HTTPConnection(host='localhost', port=62612): Failed to establish a new connection: [Errno 61] Connection refused")': /session/1F632528-B14A-41B0-ABA6-1E70B32FC838/execute/sync
2026-04-20 09:02:09.998 | WARNING  | urllib3.connectionpool:urlopen:868 - Retrying (Retry(total=0, connect=None, read=None, redirect=None, status=None)) after connection broken by 'NewConnectionError("HTTPConnection(host='localhost', port=62612): Failed to establish a new connection: [Errno 61] Connection refused")': /session/1F632528-B14A-41B0-ABA6-1E70B32FC838/execute/sync
2026-04-20 09:02:09.998 | WARNING  | ui_event.get_url:load_href_save:405 - 处理链接时出错: MaxRetryError, 跳过
2026-04-20 09:02:09.999 | WARNING  | urllib3.connectionpool:urlopen:868 - Retrying (Retry(total=2, connect=None, read=None, redirect=None, status=None)) after connection broken by 'NewConnectionError("HTTPConnection(host='localhost', port=62612): Failed to establish a new connection: [Errno 61] Connection refused")': /session/1F632528-B14A-41B0-ABA6-1E70B32FC838/execute/sync
2026-04-20 09:02:09.999 | WARNING  | urllib3.connectionpool:urlopen:868 - Retrying (Retry(total=1, connect=None, read=None, redirect=None, status=None)) after connection broken by 'NewConnectionError("HTTPConnection(host='localhost', port=62612): Failed to establish a new connection: [Errno 61] Connection refused")': /session/1F632528-B14A-41B0-ABA6-1E70B32FC838/execute/sync
2026-04-20 09:02:09.999 | WARNING  | urllib3.connectionpool:urlopen:868 - Retrying (Retry(total=0, connect=None, read=None, redirect=None, status=None)) after connection broken by 'NewConnectionError("HTTPConnection(host='localhost', port=62612): Failed to establish a new connection: [Errno 61] Connection refused")': /session/1F632528-B14A-41B0-ABA6-1E70B32FC838/execute/sync
2026-04-20 09:02:10.000 | WARNING  | ui_event.get_url:load_href_save:405 - 处理链接时出错: MaxRetryError, 跳过
2026-04-20 09:02:10.000 | WARNING  | urllib3.connectionpool:urlopen:868 - Retrying (Retry(total=2, connect=None, read=None, redirect=None, status=None)) after connection broken by 'NewConnectionError("HTTPConnection(host='localhost', port=62612): Failed to establish a new connection: [Errno 61] Connection refused")': /session/1F632528-B14A-41B0-ABA6-1E70B32FC838/execute/sync
2026-04-20 09:02:10.001 | WARNING  | urllib3.connectionpool:urlopen:868 - Retrying (Retry(total=1, connect=None, read=None, redirect=None, status=None)) after connection broken by 'NewConnectionError("HTTPConnection(host='localhost', port=62612): Failed to establish a new connection: [Errno 61] Connection refused")': /session/1F632528-B14A-41B0-ABA6-1E70B32FC838/execute/sync
2026-04-20 09:02:10.001 | WARNING  | urllib3.connectionpool:urlopen:868 - Retrying (Retry(total=0, connect=None, read=None, redirect=None, status=None)) after connection broken by 'NewConnectionError("HTTPConnection(host='localhost', port=62612): Failed to establish a new connection: [Errno 61] Connection refused")': /session/1F632528-B14A-41B0-ABA6-1E70B32FC838/execute/sync
2026-04-20 09:02:10.002 | WARNING  | ui_event.get_url:load_href_save:405 - 处理链接时出错: MaxRetryError, 跳过
2026-04-20 09:02:10.002 | WARNING  | urllib3.connectionpool:urlopen:868 - Retrying (Retry(total=2, connect=None, read=None, redirect=None, status=None)) after connection broken by 'NewConnectionError("HTTPConnection(host='localhost', port=62612): Failed to establish a new connection: [Errno 61] Connection refused")': /session/1F632528-B14A-41B0-ABA6-1E70B32FC838/execute/sync
2026-04-20 09:02:10.003 | WARNING  | urllib3.connectionpool:urlopen:868 - Retrying (Retry(total=1, connect=None, read=None, redirect=None, status=None)) after connection broken by 'NewConnectionError("HTTPConnection(host='localhost', port=62612): Failed to establish a new connection: [Errno 61] Connection refused")': /session/1F632528-B14A-41B0-ABA6-1E70B32FC838/execute/sync
2026-04-20 09:02:10.003 | WARNING  | urllib3.connectionpool:urlopen:868 - Retrying (Retry(total=0, connect=None, read=None, redirect=None, status=None)) after connection broken by 'NewConnectionError("HTTPConnection(host='localhost', port=62612): Failed to establish a new connection: [Errno 61] Connection refused")': /session/1F632528-B14A-41B0-ABA6-1E70B32FC838/execute/sync
2026-04-20 09:02:10.003 | WARNING  | ui_event.get_url:load_href_save:405 - 处理链接时出错: MaxRetryError, 跳过
2026-04-20 09:02:10.004 | WARNING  | urllib3.connectionpool:urlopen:868 - Retrying (Retry(total=2, connect=None, read=None, redirect=None, status=None)) after connection broken by 'NewConnectionError("HTTPConnection(host='localhost', port=62612): Failed to establish a new connection: [Errno 61] Connection refused")': /session/1F632528-B14A-41B0-ABA6-1E70B32FC838/execute/sync
2026-04-20 09:02:10.004 | WARNING  | urllib3.connectionpool:urlopen:868 - Retrying (Retry(total=1, connect=None, read=None, redirect=None, status=None)) after connection broken by 'NewConnectionError("HTTPConnection(host='localhost', port=62612): Failed to establish a new connection: [Errno 61] Connection refused")': /session/1F632528-B14A-41B0-ABA6-1E70B32FC838/execute/sync
2026-04-20 09:02:10.005 | WARNING  | urllib3.connectionpool:urlopen:868 - Retrying (Retry(total=0, connect=None, read=None, redirect=None, status=None)) after connection broken by 'NewConnectionError("HTTPConnection(host='localhost', port=62612): Failed to establish a new connection: [Errno 61] Connection refused")': /session/1F632528-B14A-41B0-ABA6-1E70B32FC838/execute/sync
2026-04-20 09:02:10.005 | WARNING  | ui_event.get_url:load_href_save:405 - 处理链接时出错: MaxRetryError, 跳过
2026-04-20 09:02:10.006 | WARNING  | urllib3.connectionpool:urlopen:868 - Retrying (Retry(total=2, connect=None, read=None, redirect=None, status=None)) after connection broken by 'NewConnectionError("HTTPConnection(host='localhost', port=62612): Failed to establish a new connection: [Errno 61] Connection refused")': /session/1F632528-B14A-41B0-ABA6-1E70B32FC838/execute/sync
2026-04-20 09:02:10.006 | WARNING  | urllib3.connectionpool:urlopen:868 - Retrying (Retry(total=1, connect=None, read=None, redirect=None, status=None)) after connection broken by 'NewConnectionError("HTTPConnection(host='localhost', port=62612): Failed to establish a new connection: [Errno 61] Connection refused")': /session/1F632528-B14A-41B0-ABA6-1E70B32FC838/execute/sync
2026-04-20 09:02:10.007 | WARNING  | urllib3.connectionpool:urlopen:868 - Retrying (Retry(total=0, connect=None, read=None, redirect=None, status=None)) after connection broken by 'NewConnectionError("HTTPConnection(host='localhost', port=62612): Failed to establish a new connection: [Errno 61] Connection refused")': /session/1F632528-B14A-41B0-ABA6-1E70B32FC838/execute/sync
2026-04-20 09:02:10.007 | WARNING  | ui_event.get_url:load_href_save:405 - 处理链接时出错: MaxRetryError, 跳过
2026-04-20 09:02:10.008 | WARNING  | urllib3.connectionpool:urlopen:868 - Retrying (Retry(total=2, connect=None, read=None, redirect=None, status=None)) after connection broken by 'NewConnectionError("HTTPConnection(host='localhost', port=62612): Failed to establish a new connection: [Errno 61] Connection refused")': /session/1F632528-B14A-41B0-ABA6-1E70B32FC838/execute/sync
2026-04-20 09:02:10.008 | WARNING  | urllib3.connectionpool:urlopen:868 - Retrying (Retry(total=1, connect=None, read=None, redirect=None, status=None)) after connection broken by 'NewConnectionError("HTTPConnection(host='localhost', port=62612): Failed to establish a new connection: [Errno 61] Connection refused")': /session/1F632528-B14A-41B0-ABA6-1E70B32FC838/execute/sync
2026-04-20 09:02:10.008 | WARNING  | urllib3.connectionpool:urlopen:868 - Retrying (Retry(total=0, connect=None, read=None, redirect=None, status=None)) after connection broken by 'NewConnectionError("HTTPConnection(host='localhost', port=62612): Failed to establish a new connection: [Errno 61] Connection refused")': /session/1F632528-B14A-41B0-ABA6-1E70B32FC838/execute/sync
2026-04-20 09:02:10.009 | WARNING  | ui_event.get_url:load_href_save:405 - 处理链接时出错: MaxRetryError, 跳过
2026-04-20 09:02:10.009 | WARNING  | urllib3.connectionpool:urlopen:868 - Retrying (Retry(total=2, connect=None, read=None, redirect=None, status=None)) after connection broken by 'NewConnectionError("HTTPConnection(host='localhost', port=62612): Failed to establish a new connection: [Errno 61] Connection refused")': /session/1F632528-B14A-41B0-ABA6-1E70B32FC838/execute/sync
2026-04-20 09:02:10.010 | WARNING  | urllib3.connectionpool:urlopen:868 - Retrying (Retry(total=1, connect=None, read=None, redirect=None, status=None)) after connection broken by 'NewConnectionError("HTTPConnection(host='localhost', port=62612): Failed to establish a new connection: [Errno 61] Connection refused")': /session/1F632528-B14A-41B0-ABA6-1E70B32FC838/execute/sync
2026-04-20 09:02:10.010 | WARNING  | urllib3.connectionpool:urlopen:868 - Retrying (Retry(total=0, connect=None, read=None, redirect=None, status=None)) after connection broken by 'NewConnectionError("HTTPConnection(host='localhost', port=62612): Failed to establish a new connection: [Errno 61] Connection refused")': /session/1F632528-B14A-41B0-ABA6-1E70B32FC838/execute/sync
2026-04-20 09:02:10.011 | WARNING  | ui_event.get_url:load_href_save:405 - 处理链接时出错: MaxRetryError, 跳过
2026-04-20 09:02:10.011 | WARNING  | urllib3.connectionpool:urlopen:868 - Retrying (Retry(total=2, connect=None, read=None, redirect=None, status=None)) after connection broken by 'NewConnectionError("HTTPConnection(host='localhost', port=62612): Failed to establish a new connection: [Errno 61] Connection refused")': /session/1F632528-B14A-41B0-ABA6-1E70B32FC838/execute/sync
2026-04-20 09:02:10.011 | WARNING  | urllib3.connectionpool:urlopen:868 - Retrying (Retry(total=1, connect=None, read=None, redirect=None, status=None)) after connection broken by 'NewConnectionError("HTTPConnection(host='localhost', port=62612): Failed to establish a new connection: [Errno 61] Connection refused")': /session/1F632528-B14A-41B0-ABA6-1E70B32FC838/execute/sync
2026-04-20 09:02:10.012 | WARNING  | urllib3.connectionpool:urlopen:868 - Retrying (Retry(total=0, connect=None, read=None, redirect=None, status=None)) after connection broken by 'NewConnectionError("HTTPConnection(host='localhost', port=62612): Failed to establish a new connection: [Errno 61] Connection refused")': /session/1F632528-B14A-41B0-ABA6-1E70B32FC838/execute/sync
2026-04-20 09:02:10.012 | WARNING  | ui_event.get_url:load_href_save:405 - 处理链接时出错: MaxRetryError, 跳过
2026-04-20 09:02:10.013 | WARNING  | urllib3.connectionpool:urlopen:868 - Retrying (Retry(total=2, connect=None, read=None, redirect=None, status=None)) after connection broken by 'NewConnectionError("HTTPConnection(host='localhost', port=62612): Failed to establish a new connection: [Errno 61] Connection refused")': /session/1F632528-B14A-41B0-ABA6-1E70B32FC838/execute/sync
2026-04-20 09:02:10.013 | WARNING  | urllib3.connectionpool:urlopen:868 - Retrying (Retry(total=1, connect=None, read=None, redirect=None, status=None)) after connection broken by 'NewConnectionError("HTTPConnection(host='localhost', port=62612): Failed to establish a new connection: [Errno 61] Connection refused")': /session/1F632528-B14A-41B0-ABA6-1E70B32FC838/execute/sync
2026-04-20 09:02:10.014 | WARNING  | urllib3.connectionpool:urlopen:868 - Retrying (Retry(total=0, connect=None, read=None, redirect=None, status=None)) after connection broken by 'NewConnectionError("HTTPConnection(host='localhost', port=62612): Failed to establish a new connection: [Errno 61] Connection refused")': /session/1F632528-B14A-41B0-ABA6-1E70B32FC838/execute/sync
2026-04-20 09:02:10.014 | WARNING  | ui_event.get_url:load_href_save:405 - 处理链接时出错: MaxRetryError, 跳过
2026-04-20 09:02:10.014 | WARNING  | urllib3.connectionpool:urlopen:868 - Retrying (Retry(total=2, connect=None, read=None, redirect=None, status=None)) after connection broken by 'NewConnectionError("HTTPConnection(host='localhost', port=62612): Failed to establish a new connection: [Errno 61] Connection refused")': /session/1F632528-B14A-41B0-ABA6-1E70B32FC838/execute/sync
2026-04-20 09:02:10.015 | WARNING  | urllib3.connectionpool:urlopen:868 - Retrying (Retry(total=1, connect=None, read=None, redirect=None, status=None)) after connection broken by 'NewConnectionError("HTTPConnection(host='localhost', port=62612): Failed to establish a new connection: [Errno 61] Connection refused")': /session/1F632528-B14A-41B0-ABA6-1E70B32FC838/execute/sync
2026-04-20 09:02:10.015 | WARNING  | urllib3.connectionpool:urlopen:868 - Retrying (Retry(total=0, connect=None, read=None, redirect=None, status=None)) after connection broken by 'NewConnectionError("HTTPConnection(host='localhost', port=62612): Failed to establish a new connection: [Errno 61] Connection refused")': /session/1F632528-B14A-41B0-ABA6-1E70B32FC838/execute/sync
2026-04-20 09:02:10.016 | WARNING  | ui_event.get_url:load_href_save:405 - 处理链接时出错: MaxRetryError, 跳过
2026-04-20 09:02:10.016 | WARNING  | urllib3.connectionpool:urlopen:868 - Retrying (Retry(total=2, connect=None, read=None, redirect=None, status=None)) after connection broken by 'NewConnectionError("HTTPConnection(host='localhost', port=62612): Failed to establish a new connection: [Errno 61] Connection refused")': /session/1F632528-B14A-41B0-ABA6-1E70B32FC838/execute/sync
2026-04-20 09:02:10.017 | WARNING  | urllib3.connectionpool:urlopen:868 - Retrying (Retry(total=1, connect=None, read=None, redirect=None, status=None)) after connection broken by 'NewConnectionError("HTTPConnection(host='localhost', port=62612): Failed to establish a new connection: [Errno 61] Connection refused")': /session/1F632528-B14A-41B0-ABA6-1E70B32FC838/execute/sync
2026-04-20 09:02:10.017 | WARNING  | urllib3.connectionpool:urlopen:868 - Retrying (Retry(total=0, connect=None, read=None, redirect=None, status=None)) after connection broken by 'NewConnectionError("HTTPConnection(host='localhost', port=62612): Failed to establish a new connection: [Errno 61] Connection refused")': /session/1F632528-B14A-41B0-ABA6-1E70B32FC838/execute/sync
2026-04-20 09:02:10.017 | WARNING  | ui_event.get_url:load_href_save:405 - 处理链接时出错: MaxRetryError, 跳过
2026-04-20 09:02:10.018 | WARNING  | urllib3.connectionpool:urlopen:868 - Retrying (Retry(total=2, connect=None, read=None, redirect=None, status=None)) after connection broken by 'NewConnectionError("HTTPConnection(host='localhost', port=62612): Failed to establish a new connection: [Errno 61] Connection refused")': /session/1F632528-B14A-41B0-ABA6-1E70B32FC838/execute/sync
2026-04-20 09:02:10.018 | WARNING  | urllib3.connectionpool:urlopen:868 - Retrying (Retry(total=1, connect=None, read=None, redirect=None, status=None)) after connection broken by 'NewConnectionError("HTTPConnection(host='localhost', port=62612): Failed to establish a new connection: [Errno 61] Connection refused")': /session/1F632528-B14A-41B0-ABA6-1E70B32FC838/execute/sync
2026-04-20 09:02:10.019 | WARNING  | urllib3.connectionpool:urlopen:868 - Retrying (Retry(total=0, connect=None, read=None, redirect=None, status=None)) after connection broken by 'NewConnectionError("HTTPConnection(host='localhost', port=62612): Failed to establish a new connection: [Errno 61] Connection refused")': /session/1F632528-B14A-41B0-ABA6-1E70B32FC838/execute/sync
2026-04-20 09:02:10.019 | WARNING  | ui_event.get_url:load_href_save:405 - 处理链接时出错: MaxRetryError, 跳过
2026-04-20 09:02:10.020 | WARNING  | urllib3.connectionpool:urlopen:868 - Retrying (Retry(total=2, connect=None, read=None, redirect=None, status=None)) after connection broken by 'NewConnectionError("HTTPConnection(host='localhost', port=62612): Failed to establish a new connection: [Errno 61] Connection refused")': /session/1F632528-B14A-41B0-ABA6-1E70B32FC838/execute/sync
2026-04-20 09:02:10.020 | WARNING  | urllib3.connectionpool:urlopen:868 - Retrying (Retry(total=1, connect=None, read=None, redirect=None, status=None)) after connection broken by 'NewConnectionError("HTTPConnection(host='localhost', port=62612): Failed to establish a new connection: [Errno 61] Connection refused")': /session/1F632528-B14A-41B0-ABA6-1E70B32FC838/execute/sync
2026-04-20 09:02:10.020 | WARNING  | urllib3.connectionpool:urlopen:868 - Retrying (Retry(total=0, connect=None, read=None, redirect=None, status=None)) after connection broken by 'NewConnectionError("HTTPConnection(host='localhost', port=62612): Failed to establish a new connection: [Errno 61] Connection refused")': /session/1F632528-B14A-41B0-ABA6-1E70B32FC838/execute/sync
2026-04-20 09:02:10.021 | WARNING  | ui_event.get_url:load_href_save:405 - 处理链接时出错: MaxRetryError, 跳过
2026-04-20 09:02:10.021 | WARNING  | urllib3.connectionpool:urlopen:868 - Retrying (Retry(total=2, connect=None, read=None, redirect=None, status=None)) after connection broken by 'NewConnectionError("HTTPConnection(host='localhost', port=62612): Failed to establish a new connection: [Errno 61] Connection refused")': /session/1F632528-B14A-41B0-ABA6-1E70B32FC838/execute/sync
2026-04-20 09:02:10.022 | WARNING  | urllib3.connectionpool:urlopen:868 - Retrying (Retry(total=1, connect=None, read=None, redirect=None, status=None)) after connection broken by 'NewConnectionError("HTTPConnection(host='localhost', port=62612): Failed to establish a new connection: [Errno 61] Connection refused")': /session/1F632528-B14A-41B0-ABA6-1E70B32FC838/execute/sync
2026-04-20 09:02:10.022 | WARNING  | urllib3.connectionpool:urlopen:868 - Retrying (Retry(total=0, connect=None, read=None, redirect=None, status=None)) after connection broken by 'NewConnectionError("HTTPConnection(host='localhost', port=62612): Failed to establish a new connection: [Errno 61] Connection refused")': /session/1F632528-B14A-41B0-ABA6-1E70B32FC838/execute/sync
2026-04-20 09:02:10.023 | WARNING  | ui_event.get_url:load_href_save:405 - 处理链接时出错: MaxRetryError, 跳过
2026-04-20 09:02:10.023 | WARNING  | urllib3.connectionpool:urlopen:868 - Retrying (Retry(total=2, connect=None, read=None, redirect=None, status=None)) after connection broken by 'NewConnectionError("HTTPConnection(host='localhost', port=62612): Failed to establish a new connection: [Errno 61] Connection refused")': /session/1F632528-B14A-41B0-ABA6-1E70B32FC838/execute/sync
2026-04-20 09:02:10.023 | WARNING  | urllib3.connectionpool:urlopen:868 - Retrying (Retry(total=1, connect=None, read=None, redirect=None, status=None)) after connection broken by 'NewConnectionError("HTTPConnection(host='localhost', port=62612): Failed to establish a new connection: [Errno 61] Connection refused")': /session/1F632528-B14A-41B0-ABA6-1E70B32FC838/execute/sync
2026-04-20 09:02:10.024 | WARNING  | urllib3.connectionpool:urlopen:868 - Retrying (Retry(total=0, connect=None, read=None, redirect=None, status=None)) after connection broken by 'NewConnectionError("HTTPConnection(host='localhost', port=62612): Failed to establish a new connection: [Errno 61] Connection refused")': /session/1F632528-B14A-41B0-ABA6-1E70B32FC838/execute/sync
2026-04-20 09:02:10.024 | WARNING  | ui_event.get_url:load_href_save:405 - 处理链接时出错: MaxRetryError, 跳过
2026-04-20 09:02:10.025 | WARNING  | urllib3.connectionpool:urlopen:868 - Retrying (Retry(total=2, connect=None, read=None, redirect=None, status=None)) after connection broken by 'NewConnectionError("HTTPConnection(host='localhost', port=62612): Failed to establish a new connection: [Errno 61] Connection refused")': /session/1F632528-B14A-41B0-ABA6-1E70B32FC838/execute/sync
2026-04-20 09:02:10.025 | WARNING  | urllib3.connectionpool:urlopen:868 - Retrying (Retry(total=1, connect=None, read=None, redirect=None, status=None)) after connection broken by 'NewConnectionError("HTTPConnection(host='localhost', port=62612): Failed to establish a new connection: [Errno 61] Connection refused")': /session/1F632528-B14A-41B0-ABA6-1E70B32FC838/execute/sync
2026-04-20 09:02:10.025 | WARNING  | urllib3.connectionpool:urlopen:868 - Retrying (Retry(total=0, connect=None, read=None, redirect=None, status=None)) after connection broken by 'NewConnectionError("HTTPConnection(host='localhost', port=62612): Failed to establish a new connection: [Errno 61] Connection refused")': /session/1F632528-B14A-41B0-ABA6-1E70B32FC838/execute/sync
2026-04-20 09:02:10.026 | WARNING  | ui_event.get_url:load_href_save:405 - 处理链接时出错: MaxRetryError, 跳过
2026-04-20 09:02:10.026 | WARNING  | urllib3.connectionpool:urlopen:868 - Retrying (Retry(total=2, connect=None, read=None, redirect=None, status=None)) after connection broken by 'NewConnectionError("HTTPConnection(host='localhost', port=62612): Failed to establish a new connection: [Errno 61] Connection refused")': /session/1F632528-B14A-41B0-ABA6-1E70B32FC838/execute/sync
2026-04-20 09:02:10.027 | WARNING  | urllib3.connectionpool:urlopen:868 - Retrying (Retry(total=1, connect=None, read=None, redirect=None, status=None)) after connection broken by 'NewConnectionError("HTTPConnection(host='localhost', port=62612): Failed to establish a new connection: [Errno 61] Connection refused")': /session/1F632528-B14A-41B0-ABA6-1E70B32FC838/execute/sync
2026-04-20 09:02:10.027 | WARNING  | urllib3.connectionpool:urlopen:868 - Retrying (Retry(total=0, connect=None, read=None, redirect=None, status=None)) after connection broken by 'NewConnectionError("HTTPConnection(host='localhost', port=62612): Failed to establish a new connection: [Errno 61] Connection refused")': /session/1F632528-B14A-41B0-ABA6-1E70B32FC838/execute/sync
2026-04-20 09:02:10.028 | WARNING  | ui_event.get_url:load_href_save:405 - 处理链接时出错: MaxRetryError, 跳过
2026-04-20 09:02:10.028 | WARNING  | urllib3.connectionpool:urlopen:868 - Retrying (Retry(total=2, connect=None, read=None, redirect=None, status=None)) after connection broken by 'NewConnectionError("HTTPConnection(host='localhost', port=62612): Failed to establish a new connection: [Errno 61] Connection refused")': /session/1F632528-B14A-41B0-ABA6-1E70B32FC838/execute/sync
2026-04-20 09:02:10.028 | WARNING  | urllib3.connectionpool:urlopen:868 - Retrying (Retry(total=1, connect=None, read=None, redirect=None, status=None)) after connection broken by 'NewConnectionError("HTTPConnection(host='localhost', port=62612): Failed to establish a new connection: [Errno 61] Connection refused")': /session/1F632528-B14A-41B0-ABA6-1E70B32FC838/execute/sync
2026-04-20 09:02:10.029 | WARNING  | urllib3.connectionpool:urlopen:868 - Retrying (Retry(total=0, connect=None, read=None, redirect=None, status=None)) after connection broken by 'NewConnectionError("HTTPConnection(host='localhost', port=62612): Failed to establish a new connection: [Errno 61] Connection refused")': /session/1F632528-B14A-41B0-ABA6-1E70B32FC838/execute/sync
2026-04-20 09:02:10.029 | WARNING  | ui_event.get_url:load_href_save:405 - 处理链接时出错: MaxRetryError, 跳过
2026-04-20 09:02:10.030 | WARNING  | urllib3.connectionpool:urlopen:868 - Retrying (Retry(total=2, connect=None, read=None, redirect=None, status=None)) after connection broken by 'NewConnectionError("HTTPConnection(host='localhost', port=62612): Failed to establish a new connection: [Errno 61] Connection refused")': /session/1F632528-B14A-41B0-ABA6-1E70B32FC838/execute/sync
2026-04-20 09:02:10.030 | WARNING  | urllib3.connectionpool:urlopen:868 - Retrying (Retry(total=1, connect=None, read=None, redirect=None, status=None)) after connection broken by 'NewConnectionError("HTTPConnection(host='localhost', port=62612): Failed to establish a new connection: [Errno 61] Connection refused")': /session/1F632528-B14A-41B0-ABA6-1E70B32FC838/execute/sync
2026-04-20 09:02:10.030 | WARNING  | urllib3.connectionpool:urlopen:868 - Retrying (Retry(total=0, connect=None, read=None, redirect=None, status=None)) after connection broken by 'NewConnectionError("HTTPConnection(host='localhost', port=62612): Failed to establish a new connection: [Errno 61] Connection refused")': /session/1F632528-B14A-41B0-ABA6-1E70B32FC838/execute/sync
2026-04-20 09:02:10.031 | WARNING  | ui_event.get_url:load_href_save:405 - 处理链接时出错: MaxRetryError, 跳过
2026-04-20 09:02:10.031 | WARNING  | urllib3.connectionpool:urlopen:868 - Retrying (Retry(total=2, connect=None, read=None, redirect=None, status=None)) after connection broken by 'NewConnectionError("HTTPConnection(host='localhost', port=62612): Failed to establish a new connection: [Errno 61] Connection refused")': /session/1F632528-B14A-41B0-ABA6-1E70B32FC838/execute/sync
2026-04-20 09:02:10.032 | WARNING  | urllib3.connectionpool:urlopen:868 - Retrying (Retry(total=1, connect=None, read=None, redirect=None, status=None)) after connection broken by 'NewConnectionError("HTTPConnection(host='localhost', port=62612): Failed to establish a new connection: [Errno 61] Connection refused")': /session/1F632528-B14A-41B0-ABA6-1E70B32FC838/execute/sync
2026-04-20 09:02:10.032 | WARNING  | urllib3.connectionpool:urlopen:868 - Retrying (Retry(total=0, connect=None, read=None, redirect=None, status=None)) after connection broken by 'NewConnectionError("HTTPConnection(host='localhost', port=62612): Failed to establish a new connection: [Errno 61] Connection refused")': /session/1F632528-B14A-41B0-ABA6-1E70B32FC838/execute/sync
2026-04-20 09:02:10.035 | WARNING  | ui_event.get_url:load_href_save:405 - 处理链接时出错: MaxRetryError, 跳过
2026-04-20 09:02:10.035 | WARNING  | urllib3.connectionpool:urlopen:868 - Retrying (Retry(total=2, connect=None, read=None, redirect=None, status=None)) after connection broken by 'NewConnectionError("HTTPConnection(host='localhost', port=62612): Failed to establish a new connection: [Errno 61] Connection refused")': /session/1F632528-B14A-41B0-ABA6-1E70B32FC838/execute/sync
2026-04-20 09:02:10.036 | WARNING  | urllib3.connectionpool:urlopen:868 - Retrying (Retry(total=1, connect=None, read=None, redirect=None, status=None)) after connection broken by 'NewConnectionError("HTTPConnection(host='localhost', port=62612): Failed to establish a new connection: [Errno 61] Connection refused")': /session/1F632528-B14A-41B0-ABA6-1E70B32FC838/execute/sync
2026-04-20 09:02:10.036 | WARNING  | urllib3.connectionpool:urlopen:868 - Retrying (Retry(total=0, connect=None, read=None, redirect=None, status=None)) after connection broken by 'NewConnectionError("HTTPConnection(host='localhost', port=62612): Failed to establish a new connection: [Errno 61] Connection refused")': /session/1F632528-B14A-41B0-ABA6-1E70B32FC838/execute/sync
2026-04-20 09:02:10.036 | WARNING  | ui_event.get_url:load_href_save:405 - 处理链接时出错: MaxRetryError, 跳过
2026-04-20 09:02:10.037 | WARNING  | urllib3.connectionpool:urlopen:868 - Retrying (Retry(total=2, connect=None, read=None, redirect=None, status=None)) after connection broken by 'NewConnectionError("HTTPConnection(host='localhost', port=62612): Failed to establish a new connection: [Errno 61] Connection refused")': /session/1F632528-B14A-41B0-ABA6-1E70B32FC838/execute/sync
2026-04-20 09:02:10.037 | WARNING  | urllib3.connectionpool:urlopen:868 - Retrying (Retry(total=1, connect=None, read=None, redirect=None, status=None)) after connection broken by 'NewConnectionError("HTTPConnection(host='localhost', port=62612): Failed to establish a new connection: [Errno 61] Connection refused")': /session/1F632528-B14A-41B0-ABA6-1E70B32FC838/execute/sync
2026-04-20 09:02:10.038 | WARNING  | urllib3.connectionpool:urlopen:868 - Retrying (Retry(total=0, connect=None, read=None, redirect=None, status=None)) after connection broken by 'NewConnectionError("HTTPConnection(host='localhost', port=62612): Failed to establish a new connection: [Errno 61] Connection refused")': /session/1F632528-B14A-41B0-ABA6-1E70B32FC838/execute/sync
2026-04-20 09:02:10.038 | WARNING  | ui_event.get_url:load_href_save:405 - 处理链接时出错: MaxRetryError, 跳过
2026-04-20 09:02:10.039 | WARNING  | urllib3.connectionpool:urlopen:868 - Retrying (Retry(total=2, connect=None, read=None, redirect=None, status=None)) after connection broken by 'NewConnectionError("HTTPConnection(host='localhost', port=62612): Failed to establish a new connection: [Errno 61] Connection refused")': /session/1F632528-B14A-41B0-ABA6-1E70B32FC838/execute/sync
2026-04-20 09:02:10.039 | WARNING  | urllib3.connectionpool:urlopen:868 - Retrying (Retry(total=1, connect=None, read=None, redirect=None, status=None)) after connection broken by 'NewConnectionError("HTTPConnection(host='localhost', port=62612): Failed to establish a new connection: [Errno 61] Connection refused")': /session/1F632528-B14A-41B0-ABA6-1E70B32FC838/execute/sync
2026-04-20 09:02:10.039 | WARNING  | urllib3.connectionpool:urlopen:868 - Retrying (Retry(total=0, connect=None, read=None, redirect=None, status=None)) after connection broken by 'NewConnectionError("HTTPConnection(host='localhost', port=62612): Failed to establish a new connection: [Errno 61] Connection refused")': /session/1F632528-B14A-41B0-ABA6-1E70B32FC838/execute/sync
2026-04-20 09:02:10.040 | WARNING  | ui_event.get_url:load_href_save:405 - 处理链接时出错: MaxRetryError, 跳过
2026-04-20 09:02:10.040 | WARNING  | urllib3.connectionpool:urlopen:868 - Retrying (Retry(total=2, connect=None, read=None, redirect=None, status=None)) after connection broken by 'NewConnectionError("HTTPConnection(host='localhost', port=62612): Failed to establish a new connection: [Errno 61] Connection refused")': /session/1F632528-B14A-41B0-ABA6-1E70B32FC838/execute/sync
2026-04-20 09:02:10.041 | WARNING  | urllib3.connectionpool:urlopen:868 - Retrying (Retry(total=1, connect=None, read=None, redirect=None, status=None)) after connection broken by 'NewConnectionError("HTTPConnection(host='localhost', port=62612): Failed to establish a new connection: [Errno 61] Connection refused")': /session/1F632528-B14A-41B0-ABA6-1E70B32FC838/execute/sync
2026-04-20 09:02:10.041 | WARNING  | urllib3.connectionpool:urlopen:868 - Retrying (Retry(total=0, connect=None, read=None, redirect=None, status=None)) after connection broken by 'NewConnectionError("HTTPConnection(host='localhost', port=62612): Failed to establish a new connection: [Errno 61] Connection refused")': /session/1F632528-B14A-41B0-ABA6-1E70B32FC838/execute/sync
2026-04-20 09:02:10.041 | WARNING  | ui_event.get_url:load_href_save:405 - 处理链接时出错: MaxRetryError, 跳过
2026-04-20 09:02:10.042 | WARNING  | urllib3.connectionpool:urlopen:868 - Retrying (Retry(total=2, connect=None, read=None, redirect=None, status=None)) after connection broken by 'NewConnectionError("HTTPConnection(host='localhost', port=62612): Failed to establish a new connection: [Errno 61] Connection refused")': /session/1F632528-B14A-41B0-ABA6-1E70B32FC838/execute/sync
2026-04-20 09:02:10.042 | WARNING  | urllib3.connectionpool:urlopen:868 - Retrying (Retry(total=1, connect=None, read=None, redirect=None, status=None)) after connection broken by 'NewConnectionError("HTTPConnection(host='localhost', port=62612): Failed to establish a new connection: [Errno 61] Connection refused")': /session/1F632528-B14A-41B0-ABA6-1E70B32FC838/execute/sync
2026-04-20 09:02:10.043 | WARNING  | urllib3.connectionpool:urlopen:868 - Retrying (Retry(total=0, connect=None, read=None, redirect=None, status=None)) after connection broken by 'NewConnectionError("HTTPConnection(host='localhost', port=62612): Failed to establish a new connection: [Errno 61] Connection refused")': /session/1F632528-B14A-41B0-ABA6-1E70B32FC838/execute/sync
2026-04-20 09:02:10.043 | WARNING  | ui_event.get_url:load_href_save:405 - 处理链接时出错: MaxRetryError, 跳过
2026-04-20 09:02:10.044 | WARNING  | urllib3.connectionpool:urlopen:868 - Retrying (Retry(total=2, connect=None, read=None, redirect=None, status=None)) after connection broken by 'NewConnectionError("HTTPConnection(host='localhost', port=62612): Failed to establish a new connection: [Errno 61] Connection refused")': /session/1F632528-B14A-41B0-ABA6-1E70B32FC838/execute/sync
2026-04-20 09:02:10.046 | WARNING  | urllib3.connectionpool:urlopen:868 - Retrying (Retry(total=1, connect=None, read=None, redirect=None, status=None)) after connection broken by 'NewConnectionError("HTTPConnection(host='localhost', port=62612): Failed to establish a new connection: [Errno 61] Connection refused")': /session/1F632528-B14A-41B0-ABA6-1E70B32FC838/execute/sync
2026-04-20 09:02:10.046 | WARNING  | urllib3.connectionpool:urlopen:868 - Retrying (Retry(total=0, connect=None, read=None, redirect=None, status=None)) after connection broken by 'NewConnectionError("HTTPConnection(host='localhost', port=62612): Failed to establish a new connection: [Errno 61] Connection refused")': /session/1F632528-B14A-41B0-ABA6-1E70B32FC838/execute/sync
2026-04-20 09:02:10.046 | WARNING  | ui_event.get_url:load_href_save:405 - 处理链接时出错: MaxRetryError, 跳过
2026-04-20 09:02:10.047 | WARNING  | urllib3.connectionpool:urlopen:868 - Retrying (Retry(total=2, connect=None, read=None, redirect=None, status=None)) after connection broken by 'NewConnectionError("HTTPConnection(host='localhost', port=62612): Failed to establish a new connection: [Errno 61] Connection refused")': /session/1F632528-B14A-41B0-ABA6-1E70B32FC838/execute/sync
2026-04-20 09:02:10.047 | WARNING  | urllib3.connectionpool:urlopen:868 - Retrying (Retry(total=1, connect=None, read=None, redirect=None, status=None)) after connection broken by 'NewConnectionError("HTTPConnection(host='localhost', port=62612): Failed to establish a new connection: [Errno 61] Connection refused")': /session/1F632528-B14A-41B0-ABA6-1E70B32FC838/execute/sync
2026-04-20 09:02:10.048 | WARNING  | urllib3.connectionpool:urlopen:868 - Retrying (Retry(total=0, connect=None, read=None, redirect=None, status=None)) after connection broken by 'NewConnectionError("HTTPConnection(host='localhost', port=62612): Failed to establish a new connection: [Errno 61] Connection refused")': /session/1F632528-B14A-41B0-ABA6-1E70B32FC838/execute/sync
2026-04-20 09:02:10.048 | WARNING  | ui_event.get_url:load_href_save:405 - 处理链接时出错: MaxRetryError, 跳过
2026-04-20 09:02:10.048 | WARNING  | urllib3.connectionpool:urlopen:868 - Retrying (Retry(total=2, connect=None, read=None, redirect=None, status=None)) after connection broken by 'NewConnectionError("HTTPConnection(host='localhost', port=62612): Failed to establish a new connection: [Errno 61] Connection refused")': /session/1F632528-B14A-41B0-ABA6-1E70B32FC838/execute/sync
2026-04-20 09:02:10.049 | WARNING  | urllib3.connectionpool:urlopen:868 - Retrying (Retry(total=1, connect=None, read=None, redirect=None, status=None)) after connection broken by 'NewConnectionError("HTTPConnection(host='localhost', port=62612): Failed to establish a new connection: [Errno 61] Connection refused")': /session/1F632528-B14A-41B0-ABA6-1E70B32FC838/execute/sync
2026-04-20 09:02:10.049 | WARNING  | urllib3.connectionpool:urlopen:868 - Retrying (Retry(total=0, connect=None, read=None, redirect=None, status=None)) after connection broken by 'NewConnectionError("HTTPConnection(host='localhost', port=62612): Failed to establish a new connection: [Errno 61] Connection refused")': /session/1F632528-B14A-41B0-ABA6-1E70B32FC838/execute/sync
2026-04-20 09:02:10.049 | WARNING  | ui_event.get_url:load_href_save:405 - 处理链接时出错: MaxRetryError, 跳过
2026-04-20 09:02:10.050 | WARNING  | urllib3.connectionpool:urlopen:868 - Retrying (Retry(total=2, connect=None, read=None, redirect=None, status=None)) after connection broken by 'NewConnectionError("HTTPConnection(host='localhost', port=62612): Failed to establish a new connection: [Errno 61] Connection refused")': /session/1F632528-B14A-41B0-ABA6-1E70B32FC838/execute/sync
2026-04-20 09:02:10.050 | WARNING  | urllib3.connectionpool:urlopen:868 - Retrying (Retry(total=1, connect=None, read=None, redirect=None, status=None)) after connection broken by 'NewConnectionError("HTTPConnection(host='localhost', port=62612): Failed to establish a new connection: [Errno 61] Connection refused")': /session/1F632528-B14A-41B0-ABA6-1E70B32FC838/execute/sync
2026-04-20 09:02:10.050 | WARNING  | urllib3.connectionpool:urlopen:868 - Retrying (Retry(total=0, connect=None, read=None, redirect=None, status=None)) after connection broken by 'NewConnectionError("HTTPConnection(host='localhost', port=62612): Failed to establish a new connection: [Errno 61] Connection refused")': /session/1F632528-B14A-41B0-ABA6-1E70B32FC838/execute/sync
2026-04-20 09:02:10.051 | WARNING  | ui_event.get_url:load_href_save:405 - 处理链接时出错: MaxRetryError, 跳过
2026-04-20 09:02:10.051 | WARNING  | urllib3.connectionpool:urlopen:868 - Retrying (Retry(total=2, connect=None, read=None, redirect=None, status=None)) after connection broken by 'NewConnectionError("HTTPConnection(host='localhost', port=62612): Failed to establish a new connection: [Errno 61] Connection refused")': /session/1F632528-B14A-41B0-ABA6-1E70B32FC838/execute/sync
2026-04-20 09:02:10.052 | WARNING  | urllib3.connectionpool:urlopen:868 - Retrying (Retry(total=1, connect=None, read=None, redirect=None, status=None)) after connection broken by 'NewConnectionError("HTTPConnection(host='localhost', port=62612): Failed to establish a new connection: [Errno 61] Connection refused")': /session/1F632528-B14A-41B0-ABA6-1E70B32FC838/execute/sync
2026-04-20 09:02:10.052 | WARNING  | urllib3.connectionpool:urlopen:868 - Retrying (Retry(total=0, connect=None, read=None, redirect=None, status=None)) after connection broken by 'NewConnectionError("HTTPConnection(host='localhost', port=62612): Failed to establish a new connection: [Errno 61] Connection refused")': /session/1F632528-B14A-41B0-ABA6-1E70B32FC838/execute/sync
2026-04-20 09:02:10.052 | WARNING  | ui_event.get_url:load_href_save:405 - 处理链接时出错: MaxRetryError, 跳过
2026-04-20 09:02:10.053 | WARNING  | urllib3.connectionpool:urlopen:868 - Retrying (Retry(total=2, connect=None, read=None, redirect=None, status=None)) after connection broken by 'NewConnectionError("HTTPConnection(host='localhost', port=62612): Failed to establish a new connection: [Errno 61] Connection refused")': /session/1F632528-B14A-41B0-ABA6-1E70B32FC838/execute/sync
2026-04-20 09:02:10.053 | WARNING  | urllib3.connectionpool:urlopen:868 - Retrying (Retry(total=1, connect=None, read=None, redirect=None, status=None)) after connection broken by 'NewConnectionError("HTTPConnection(host='localhost', port=62612): Failed to establish a new connection: [Errno 61] Connection refused")': /session/1F632528-B14A-41B0-ABA6-1E70B32FC838/execute/sync
2026-04-20 09:02:10.053 | WARNING  | urllib3.connectionpool:urlopen:868 - Retrying (Retry(total=0, connect=None, read=None, redirect=None, status=None)) after connection broken by 'NewConnectionError("HTTPConnection(host='localhost', port=62612): Failed to establish a new connection: [Errno 61] Connection refused")': /session/1F632528-B14A-41B0-ABA6-1E70B32FC838/execute/sync
2026-04-20 09:02:10.054 | WARNING  | ui_event.get_url:load_href_save:405 - 处理链接时出错: MaxRetryError, 跳过
2026-04-20 09:02:10.054 | WARNING  | urllib3.connectionpool:urlopen:868 - Retrying (Retry(total=2, connect=None, read=None, redirect=None, status=None)) after connection broken by 'NewConnectionError("HTTPConnection(host='localhost', port=62612): Failed to establish a new connection: [Errno 61] Connection refused")': /session/1F632528-B14A-41B0-ABA6-1E70B32FC838/execute/sync
2026-04-20 09:02:10.055 | WARNING  | urllib3.connectionpool:urlopen:868 - Retrying (Retry(total=1, connect=None, read=None, redirect=None, status=None)) after connection broken by 'NewConnectionError("HTTPConnection(host='localhost', port=62612): Failed to establish a new connection: [Errno 61] Connection refused")': /session/1F632528-B14A-41B0-ABA6-1E70B32FC838/execute/sync
2026-04-20 09:02:10.055 | WARNING  | urllib3.connectionpool:urlopen:868 - Retrying (Retry(total=0, connect=None, read=None, redirect=None, status=None)) after connection broken by 'NewConnectionError("HTTPConnection(host='localhost', port=62612): Failed to establish a new connection: [Errno 61] Connection refused")': /session/1F632528-B14A-41B0-ABA6-1E70B32FC838/execute/sync
2026-04-20 09:02:10.055 | WARNING  | ui_event.get_url:load_href_save:405 - 处理链接时出错: MaxRetryError, 跳过
2026-04-20 09:02:10.056 | WARNING  | urllib3.connectionpool:urlopen:868 - Retrying (Retry(total=2, connect=None, read=None, redirect=None, status=None)) after connection broken by 'NewConnectionError("HTTPConnection(host='localhost', port=62612): Failed to establish a new connection: [Errno 61] Connection refused")': /session/1F632528-B14A-41B0-ABA6-1E70B32FC838/execute/sync
2026-04-20 09:02:10.056 | WARNING  | urllib3.connectionpool:urlopen:868 - Retrying (Retry(total=1, connect=None, read=None, redirect=None, status=None)) after connection broken by 'NewConnectionError("HTTPConnection(host='localhost', port=62612): Failed to establish a new connection: [Errno 61] Connection refused")': /session/1F632528-B14A-41B0-ABA6-1E70B32FC838/execute/sync
2026-04-20 09:02:10.057 | WARNING  | urllib3.connectionpool:urlopen:868 - Retrying (Retry(total=0, connect=None, read=None, redirect=None, status=None)) after connection broken by 'NewConnectionError("HTTPConnection(host='localhost', port=62612): Failed to establish a new connection: [Errno 61] Connection refused")': /session/1F632528-B14A-41B0-ABA6-1E70B32FC838/execute/sync
2026-04-20 09:02:10.057 | WARNING  | ui_event.get_url:load_href_save:405 - 处理链接时出错: MaxRetryError, 跳过
2026-04-20 09:02:10.058 | WARNING  | urllib3.connectionpool:urlopen:868 - Retrying (Retry(total=2, connect=None, read=None, redirect=None, status=None)) after connection broken by 'NewConnectionError("HTTPConnection(host='localhost', port=62612): Failed to establish a new connection: [Errno 61] Connection refused")': /session/1F632528-B14A-41B0-ABA6-1E70B32FC838/execute/sync
2026-04-20 09:02:10.058 | WARNING  | urllib3.connectionpool:urlopen:868 - Retrying (Retry(total=1, connect=None, read=None, redirect=None, status=None)) after connection broken by 'NewConnectionError("HTTPConnection(host='localhost', port=62612): Failed to establish a new connection: [Errno 61] Connection refused")': /session/1F632528-B14A-41B0-ABA6-1E70B32FC838/execute/sync
2026-04-20 09:02:10.058 | WARNING  | urllib3.connectionpool:urlopen:868 - Retrying (Retry(total=0, connect=None, read=None, redirect=None, status=None)) after connection broken by 'NewConnectionError("HTTPConnection(host='localhost', port=62612): Failed to establish a new connection: [Errno 61] Connection refused")': /session/1F632528-B14A-41B0-ABA6-1E70B32FC838/execute/sync
2026-04-20 09:02:10.059 | WARNING  | ui_event.get_url:load_href_save:405 - 处理链接时出错: MaxRetryError, 跳过
2026-04-20 09:02:10.059 | WARNING  | urllib3.connectionpool:urlopen:868 - Retrying (Retry(total=2, connect=None, read=None, redirect=None, status=None)) after connection broken by 'NewConnectionError("HTTPConnection(host='localhost', port=62612): Failed to establish a new connection: [Errno 61] Connection refused")': /session/1F632528-B14A-41B0-ABA6-1E70B32FC838/execute/sync
2026-04-20 09:02:10.060 | WARNING  | urllib3.connectionpool:urlopen:868 - Retrying (Retry(total=1, connect=None, read=None, redirect=None, status=None)) after connection broken by 'NewConnectionError("HTTPConnection(host='localhost', port=62612): Failed to establish a new connection: [Errno 61] Connection refused")': /session/1F632528-B14A-41B0-ABA6-1E70B32FC838/execute/sync
2026-04-20 09:02:10.060 | WARNING  | urllib3.connectionpool:urlopen:868 - Retrying (Retry(total=0, connect=None, read=None, redirect=None, status=None)) after connection broken by 'NewConnectionError("HTTPConnection(host='localhost', port=62612): Failed to establish a new connection: [Errno 61] Connection refused")': /session/1F632528-B14A-41B0-ABA6-1E70B32FC838/execute/sync
2026-04-20 09:02:10.061 | WARNING  | ui_event.get_url:load_href_save:405 - 处理链接时出错: MaxRetryError, 跳过
2026-04-20 09:02:10.061 | WARNING  | urllib3.connectionpool:urlopen:868 - Retrying (Retry(total=2, connect=None, read=None, redirect=None, status=None)) after connection broken by 'NewConnectionError("HTTPConnection(host='localhost', port=62612): Failed to establish a new connection: [Errno 61] Connection refused")': /session/1F632528-B14A-41B0-ABA6-1E70B32FC838/execute/sync
2026-04-20 09:02:10.062 | WARNING  | urllib3.connectionpool:urlopen:868 - Retrying (Retry(total=1, connect=None, read=None, redirect=None, status=None)) after connection broken by 'NewConnectionError("HTTPConnection(host='localhost', port=62612): Failed to establish a new connection: [Errno 61] Connection refused")': /session/1F632528-B14A-41B0-ABA6-1E70B32FC838/execute/sync
2026-04-20 09:02:10.062 | WARNING  | urllib3.connectionpool:urlopen:868 - Retrying (Retry(total=0, connect=None, read=None, redirect=None, status=None)) after connection broken by 'NewConnectionError("HTTPConnection(host='localhost', port=62612): Failed to establish a new connection: [Errno 61] Connection refused")': /session/1F632528-B14A-41B0-ABA6-1E70B32FC838/execute/sync
2026-04-20 09:02:10.063 | WARNING  | ui_event.get_url:load_href_save:405 - 处理链接时出错: MaxRetryError, 跳过
2026-04-20 09:02:10.063 | WARNING  | urllib3.connectionpool:urlopen:868 - Retrying (Retry(total=2, connect=None, read=None, redirect=None, status=None)) after connection broken by 'NewConnectionError("HTTPConnection(host='localhost', port=62612): Failed to establish a new connection: [Errno 61] Connection refused")': /session/1F632528-B14A-41B0-ABA6-1E70B32FC838/execute/sync
2026-04-20 09:02:10.064 | WARNING  | urllib3.connectionpool:urlopen:868 - Retrying (Retry(total=1, connect=None, read=None, redirect=None, status=None)) after connection broken by 'NewConnectionError("HTTPConnection(host='localhost', port=62612): Failed to establish a new connection: [Errno 61] Connection refused")': /session/1F632528-B14A-41B0-ABA6-1E70B32FC838/execute/sync
2026-04-20 09:02:10.064 | WARNING  | urllib3.connectionpool:urlopen:868 - Retrying (Retry(total=0, connect=None, read=None, redirect=None, status=None)) after connection broken by 'NewConnectionError("HTTPConnection(host='localhost', port=62612): Failed to establish a new connection: [Errno 61] Connection refused")': /session/1F632528-B14A-41B0-ABA6-1E70B32FC838/execute/sync
2026-04-20 09:02:10.064 | WARNING  | ui_event.get_url:load_href_save:405 - 处理链接时出错: MaxRetryError, 跳过
2026-04-20 09:02:10.065 | WARNING  | urllib3.connectionpool:urlopen:868 - Retrying (Retry(total=2, connect=None, read=None, redirect=None, status=None)) after connection broken by 'NewConnectionError("HTTPConnection(host='localhost', port=62612): Failed to establish a new connection: [Errno 61] Connection refused")': /session/1F632528-B14A-41B0-ABA6-1E70B32FC838/execute/sync
2026-04-20 09:02:10.065 | WARNING  | urllib3.connectionpool:urlopen:868 - Retrying (Retry(total=1, connect=None, read=None, redirect=None, status=None)) after connection broken by 'NewConnectionError("HTTPConnection(host='localhost', port=62612): Failed to establish a new connection: [Errno 61] Connection refused")': /session/1F632528-B14A-41B0-ABA6-1E70B32FC838/execute/sync
2026-04-20 09:02:10.065 | WARNING  | urllib3.connectionpool:urlopen:868 - Retrying (Retry(total=0, connect=None, read=None, redirect=None, status=None)) after connection broken by 'NewConnectionError("HTTPConnection(host='localhost', port=62612): Failed to establish a new connection: [Errno 61] Connection refused")': /session/1F632528-B14A-41B0-ABA6-1E70B32FC838/execute/sync
2026-04-20 09:02:10.066 | WARNING  | ui_event.get_url:load_href_save:405 - 处理链接时出错: MaxRetryError, 跳过
2026-04-20 09:02:10.066 | WARNING  | urllib3.connectionpool:urlopen:868 - Retrying (Retry(total=2, connect=None, read=None, redirect=None, status=None)) after connection broken by 'NewConnectionError("HTTPConnection(host='localhost', port=62612): Failed to establish a new connection: [Errno 61] Connection refused")': /session/1F632528-B14A-41B0-ABA6-1E70B32FC838/execute/sync
2026-04-20 09:02:10.067 | WARNING  | urllib3.connectionpool:urlopen:868 - Retrying (Retry(total=1, connect=None, read=None, redirect=None, status=None)) after connection broken by 'NewConnectionError("HTTPConnection(host='localhost', port=62612): Failed to establish a new connection: [Errno 61] Connection refused")': /session/1F632528-B14A-41B0-ABA6-1E70B32FC838/execute/sync
2026-04-20 09:02:10.067 | WARNING  | urllib3.connectionpool:urlopen:868 - Retrying (Retry(total=0, connect=None, read=None, redirect=None, status=None)) after connection broken by 'NewConnectionError("HTTPConnection(host='localhost', port=62612): Failed to establish a new connection: [Errno 61] Connection refused")': /session/1F632528-B14A-41B0-ABA6-1E70B32FC838/execute/sync
2026-04-20 09:02:10.068 | WARNING  | ui_event.get_url:load_href_save:405 - 处理链接时出错: MaxRetryError, 跳过
2026-04-20 09:02:10.068 | WARNING  | urllib3.connectionpool:urlopen:868 - Retrying (Retry(total=2, connect=None, read=None, redirect=None, status=None)) after connection broken by 'NewConnectionError("HTTPConnection(host='localhost', port=62612): Failed to establish a new connection: [Errno 61] Connection refused")': /session/1F632528-B14A-41B0-ABA6-1E70B32FC838/execute/sync
2026-04-20 09:02:10.068 | WARNING  | urllib3.connectionpool:urlopen:868 - Retrying (Retry(total=1, connect=None, read=None, redirect=None, status=None)) after connection broken by 'NewConnectionError("HTTPConnection(host='localhost', port=62612): Failed to establish a new connection: [Errno 61] Connection refused")': /session/1F632528-B14A-41B0-ABA6-1E70B32FC838/execute/sync
2026-04-20 09:02:10.069 | WARNING  | urllib3.connectionpool:urlopen:868 - Retrying (Retry(total=0, connect=None, read=None, redirect=None, status=None)) after connection broken by 'NewConnectionError("HTTPConnection(host='localhost', port=62612): Failed to establish a new connection: [Errno 61] Connection refused")': /session/1F632528-B14A-41B0-ABA6-1E70B32FC838/execute/sync
2026-04-20 09:02:10.069 | WARNING  | ui_event.get_url:load_href_save:405 - 处理链接时出错: MaxRetryError, 跳过
2026-04-20 09:02:10.069 | WARNING  | urllib3.connectionpool:urlopen:868 - Retrying (Retry(total=2, connect=None, read=None, redirect=None, status=None)) after connection broken by 'NewConnectionError("HTTPConnection(host='localhost', port=62612): Failed to establish a new connection: [Errno 61] Connection refused")': /session/1F632528-B14A-41B0-ABA6-1E70B32FC838/execute/sync
2026-04-20 09:02:10.070 | WARNING  | urllib3.connectionpool:urlopen:868 - Retrying (Retry(total=1, connect=None, read=None, redirect=None, status=None)) after connection broken by 'NewConnectionError("HTTPConnection(host='localhost', port=62612): Failed to establish a new connection: [Errno 61] Connection refused")': /session/1F632528-B14A-41B0-ABA6-1E70B32FC838/execute/sync
2026-04-20 09:02:10.070 | WARNING  | urllib3.connectionpool:urlopen:868 - Retrying (Retry(total=0, connect=None, read=None, redirect=None, status=None)) after connection broken by 'NewConnectionError("HTTPConnection(host='localhost', port=62612): Failed to establish a new connection: [Errno 61] Connection refused")': /session/1F632528-B14A-41B0-ABA6-1E70B32FC838/execute/sync
2026-04-20 09:02:10.071 | WARNING  | ui_event.get_url:load_href_save:405 - 处理链接时出错: MaxRetryError, 跳过
2026-04-20 09:02:10.071 | WARNING  | urllib3.connectionpool:urlopen:868 - Retrying (Retry(total=2, connect=None, read=None, redirect=None, status=None)) after connection broken by 'NewConnectionError("HTTPConnection(host='localhost', port=62612): Failed to establish a new connection: [Errno 61] Connection refused")': /session/1F632528-B14A-41B0-ABA6-1E70B32FC838/execute/sync
2026-04-20 09:02:10.072 | WARNING  | urllib3.connectionpool:urlopen:868 - Retrying (Retry(total=1, connect=None, read=None, redirect=None, status=None)) after connection broken by 'NewConnectionError("HTTPConnection(host='localhost', port=62612): Failed to establish a new connection: [Errno 61] Connection refused")': /session/1F632528-B14A-41B0-ABA6-1E70B32FC838/execute/sync
2026-04-20 09:02:10.072 | WARNING  | urllib3.connectionpool:urlopen:868 - Retrying (Retry(total=0, connect=None, read=None, redirect=None, status=None)) after connection broken by 'NewConnectionError("HTTPConnection(host='localhost', port=62612): Failed to establish a new connection: [Errno 61] Connection refused")': /session/1F632528-B14A-41B0-ABA6-1E70B32FC838/execute/sync
2026-04-20 09:02:10.073 | WARNING  | ui_event.get_url:load_href_save:405 - 处理链接时出错: MaxRetryError, 跳过
2026-04-20 09:02:10.073 | WARNING  | urllib3.connectionpool:urlopen:868 - Retrying (Retry(total=2, connect=None, read=None, redirect=None, status=None)) after connection broken by 'NewConnectionError("HTTPConnection(host='localhost', port=62612): Failed to establish a new connection: [Errno 61] Connection refused")': /session/1F632528-B14A-41B0-ABA6-1E70B32FC838/execute/sync
2026-04-20 09:02:10.074 | WARNING  | urllib3.connectionpool:urlopen:868 - Retrying (Retry(total=1, connect=None, read=None, redirect=None, status=None)) after connection broken by 'NewConnectionError("HTTPConnection(host='localhost', port=62612): Failed to establish a new connection: [Errno 61] Connection refused")': /session/1F632528-B14A-41B0-ABA6-1E70B32FC838/execute/sync
2026-04-20 09:02:10.074 | WARNING  | urllib3.connectionpool:urlopen:868 - Retrying (Retry(total=0, connect=None, read=None, redirect=None, status=None)) after connection broken by 'NewConnectionError("HTTPConnection(host='localhost', port=62612): Failed to establish a new connection: [Errno 61] Connection refused")': /session/1F632528-B14A-41B0-ABA6-1E70B32FC838/execute/sync
2026-04-20 09:02:10.075 | WARNING  | ui_event.get_url:load_href_save:405 - 处理链接时出错: MaxRetryError, 跳过
2026-04-20 09:02:10.075 | WARNING  | urllib3.connectionpool:urlopen:868 - Retrying (Retry(total=2, connect=None, read=None, redirect=None, status=None)) after connection broken by 'NewConnectionError("HTTPConnection(host='localhost', port=62612): Failed to establish a new connection: [Errno 61] Connection refused")': /session/1F632528-B14A-41B0-ABA6-1E70B32FC838/execute/sync
2026-04-20 09:02:10.076 | WARNING  | urllib3.connectionpool:urlopen:868 - Retrying (Retry(total=1, connect=None, read=None, redirect=None, status=None)) after connection broken by 'NewConnectionError("HTTPConnection(host='localhost', port=62612): Failed to establish a new connection: [Errno 61] Connection refused")': /session/1F632528-B14A-41B0-ABA6-1E70B32FC838/execute/sync
2026-04-20 09:02:10.076 | WARNING  | urllib3.connectionpool:urlopen:868 - Retrying (Retry(total=0, connect=None, read=None, redirect=None, status=None)) after connection broken by 'NewConnectionError("HTTPConnection(host='localhost', port=62612): Failed to establish a new connection: [Errno 61] Connection refused")': /session/1F632528-B14A-41B0-ABA6-1E70B32FC838/execute/sync
2026-04-20 09:02:10.077 | WARNING  | ui_event.get_url:load_href_save:405 - 处理链接时出错: MaxRetryError, 跳过
2026-04-20 09:02:10.077 | WARNING  | urllib3.connectionpool:urlopen:868 - Retrying (Retry(total=2, connect=None, read=None, redirect=None, status=None)) after connection broken by 'NewConnectionError("HTTPConnection(host='localhost', port=62612): Failed to establish a new connection: [Errno 61] Connection refused")': /session/1F632528-B14A-41B0-ABA6-1E70B32FC838/execute/sync
2026-04-20 09:02:10.078 | WARNING  | urllib3.connectionpool:urlopen:868 - Retrying (Retry(total=1, connect=None, read=None, redirect=None, status=None)) after connection broken by 'NewConnectionError("HTTPConnection(host='localhost', port=62612): Failed to establish a new connection: [Errno 61] Connection refused")': /session/1F632528-B14A-41B0-ABA6-1E70B32FC838/execute/sync
2026-04-20 09:02:10.078 | WARNING  | urllib3.connectionpool:urlopen:868 - Retrying (Retry(total=0, connect=None, read=None, redirect=None, status=None)) after connection broken by 'NewConnectionError("HTTPConnection(host='localhost', port=62612): Failed to establish a new connection: [Errno 61] Connection refused")': /session/1F632528-B14A-41B0-ABA6-1E70B32FC838/execute/sync
2026-04-20 09:02:10.079 | WARNING  | ui_event.get_url:load_href_save:405 - 处理链接时出错: MaxRetryError, 跳过
2026-04-20 09:02:10.079 | WARNING  | urllib3.connectionpool:urlopen:868 - Retrying (Retry(total=2, connect=None, read=None, redirect=None, status=None)) after connection broken by 'NewConnectionError("HTTPConnection(host='localhost', port=62612): Failed to establish a new connection: [Errno 61] Connection refused")': /session/1F632528-B14A-41B0-ABA6-1E70B32FC838/execute/sync
2026-04-20 09:02:10.080 | WARNING  | urllib3.connectionpool:urlopen:868 - Retrying (Retry(total=1, connect=None, read=None, redirect=None, status=None)) after connection broken by 'NewConnectionError("HTTPConnection(host='localhost', port=62612): Failed to establish a new connection: [Errno 61] Connection refused")': /session/1F632528-B14A-41B0-ABA6-1E70B32FC838/execute/sync
2026-04-20 09:02:10.080 | WARNING  | urllib3.connectionpool:urlopen:868 - Retrying (Retry(total=0, connect=None, read=None, redirect=None, status=None)) after connection broken by 'NewConnectionError("HTTPConnection(host='localhost', port=62612): Failed to establish a new connection: [Errno 61] Connection refused")': /session/1F632528-B14A-41B0-ABA6-1E70B32FC838/execute/sync
2026-04-20 09:02:10.081 | WARNING  | ui_event.get_url:load_href_save:405 - 处理链接时出错: MaxRetryError, 跳过
2026-04-20 09:02:10.081 | WARNING  | urllib3.connectionpool:urlopen:868 - Retrying (Retry(total=2, connect=None, read=None, redirect=None, status=None)) after connection broken by 'NewConnectionError("HTTPConnection(host='localhost', port=62612): Failed to establish a new connection: [Errno 61] Connection refused")': /session/1F632528-B14A-41B0-ABA6-1E70B32FC838/execute/sync
2026-04-20 09:02:10.082 | WARNING  | urllib3.connectionpool:urlopen:868 - Retrying (Retry(total=1, connect=None, read=None, redirect=None, status=None)) after connection broken by 'NewConnectionError("HTTPConnection(host='localhost', port=62612): Failed to establish a new connection: [Errno 61] Connection refused")': /session/1F632528-B14A-41B0-ABA6-1E70B32FC838/execute/sync
2026-04-20 09:02:10.082 | WARNING  | urllib3.connectionpool:urlopen:868 - Retrying (Retry(total=0, connect=None, read=None, redirect=None, status=None)) after connection broken by 'NewConnectionError("HTTPConnection(host='localhost', port=62612): Failed to establish a new connection: [Errno 61] Connection refused")': /session/1F632528-B14A-41B0-ABA6-1E70B32FC838/execute/sync
2026-04-20 09:02:10.083 | WARNING  | ui_event.get_url:load_href_save:405 - 处理链接时出错: MaxRetryError, 跳过
2026-04-20 09:02:10.083 | WARNING  | urllib3.connectionpool:urlopen:868 - Retrying (Retry(total=2, connect=None, read=None, redirect=None, status=None)) after connection broken by 'NewConnectionError("HTTPConnection(host='localhost', port=62612): Failed to establish a new connection: [Errno 61] Connection refused")': /session/1F632528-B14A-41B0-ABA6-1E70B32FC838/execute/sync
2026-04-20 09:02:10.084 | WARNING  | urllib3.connectionpool:urlopen:868 - Retrying (Retry(total=1, connect=None, read=None, redirect=None, status=None)) after connection broken by 'NewConnectionError("HTTPConnection(host='localhost', port=62612): Failed to establish a new connection: [Errno 61] Connection refused")': /session/1F632528-B14A-41B0-ABA6-1E70B32FC838/execute/sync
2026-04-20 09:02:10.084 | WARNING  | urllib3.connectionpool:urlopen:868 - Retrying (Retry(total=0, connect=None, read=None, redirect=None, status=None)) after connection broken by 'NewConnectionError("HTTPConnection(host='localhost', port=62612): Failed to establish a new connection: [Errno 61] Connection refused")': /session/1F632528-B14A-41B0-ABA6-1E70B32FC838/execute/sync
2026-04-20 09:02:10.084 | WARNING  | ui_event.get_url:load_href_save:405 - 处理链接时出错: MaxRetryError, 跳过
2026-04-20 09:02:10.085 | WARNING  | urllib3.connectionpool:urlopen:868 - Retrying (Retry(total=2, connect=None, read=None, redirect=None, status=None)) after connection broken by 'NewConnectionError("HTTPConnection(host='localhost', port=62612): Failed to establish a new connection: [Errno 61] Connection refused")': /session/1F632528-B14A-41B0-ABA6-1E70B32FC838/execute/sync
2026-04-20 09:02:10.085 | WARNING  | urllib3.connectionpool:urlopen:868 - Retrying (Retry(total=1, connect=None, read=None, redirect=None, status=None)) after connection broken by 'NewConnectionError("HTTPConnection(host='localhost', port=62612): Failed to establish a new connection: [Errno 61] Connection refused")': /session/1F632528-B14A-41B0-ABA6-1E70B32FC838/execute/sync
2026-04-20 09:02:10.086 | WARNING  | urllib3.connectionpool:urlopen:868 - Retrying (Retry(total=0, connect=None, read=None, redirect=None, status=None)) after connection broken by 'NewConnectionError("HTTPConnection(host='localhost', port=62612): Failed to establish a new connection: [Errno 61] Connection refused")': /session/1F632528-B14A-41B0-ABA6-1E70B32FC838/execute/sync
2026-04-20 09:02:10.086 | WARNING  | ui_event.get_url:load_href_save:405 - 处理链接时出错: MaxRetryError, 跳过
2026-04-20 09:02:10.087 | WARNING  | urllib3.connectionpool:urlopen:868 - Retrying (Retry(total=2, connect=None, read=None, redirect=None, status=None)) after connection broken by 'NewConnectionError("HTTPConnection(host='localhost', port=62612): Failed to establish a new connection: [Errno 61] Connection refused")': /session/1F632528-B14A-41B0-ABA6-1E70B32FC838/execute/sync
2026-04-20 09:02:10.087 | WARNING  | urllib3.connectionpool:urlopen:868 - Retrying (Retry(total=1, connect=None, read=None, redirect=None, status=None)) after connection broken by 'NewConnectionError("HTTPConnection(host='localhost', port=62612): Failed to establish a new connection: [Errno 61] Connection refused")': /session/1F632528-B14A-41B0-ABA6-1E70B32FC838/execute/sync
2026-04-20 09:02:10.088 | WARNING  | urllib3.connectionpool:urlopen:868 - Retrying (Retry(total=0, connect=None, read=None, redirect=None, status=None)) after connection broken by 'NewConnectionError("HTTPConnection(host='localhost', port=62612): Failed to establish a new connection: [Errno 61] Connection refused")': /session/1F632528-B14A-41B0-ABA6-1E70B32FC838/execute/sync
2026-04-20 09:02:10.088 | WARNING  | ui_event.get_url:load_href_save:405 - 处理链接时出错: MaxRetryError, 跳过
2026-04-20 09:02:10.088 | WARNING  | urllib3.connectionpool:urlopen:868 - Retrying (Retry(total=2, connect=None, read=None, redirect=None, status=None)) after connection broken by 'NewConnectionError("HTTPConnection(host='localhost', port=62612): Failed to establish a new connection: [Errno 61] Connection refused")': /session/1F632528-B14A-41B0-ABA6-1E70B32FC838/execute/sync
2026-04-20 09:02:10.089 | WARNING  | urllib3.connectionpool:urlopen:868 - Retrying (Retry(total=1, connect=None, read=None, redirect=None, status=None)) after connection broken by 'NewConnectionError("HTTPConnection(host='localhost', port=62612): Failed to establish a new connection: [Errno 61] Connection refused")': /session/1F632528-B14A-41B0-ABA6-1E70B32FC838/execute/sync
2026-04-20 09:02:10.089 | WARNING  | urllib3.connectionpool:urlopen:868 - Retrying (Retry(total=0, connect=None, read=None, redirect=None, status=None)) after connection broken by 'NewConnectionError("HTTPConnection(host='localhost', port=62612): Failed to establish a new connection: [Errno 61] Connection refused")': /session/1F632528-B14A-41B0-ABA6-1E70B32FC838/execute/sync
2026-04-20 09:02:10.090 | WARNING  | ui_event.get_url:load_href_save:405 - 处理链接时出错: MaxRetryError, 跳过
2026-04-20 09:02:10.090 | WARNING  | urllib3.connectionpool:urlopen:868 - Retrying (Retry(total=2, connect=None, read=None, redirect=None, status=None)) after connection broken by 'NewConnectionError("HTTPConnection(host='localhost', port=62612): Failed to establish a new connection: [Errno 61] Connection refused")': /session/1F632528-B14A-41B0-ABA6-1E70B32FC838/execute/sync
2026-04-20 09:02:10.091 | WARNING  | urllib3.connectionpool:urlopen:868 - Retrying (Retry(total=1, connect=None, read=None, redirect=None, status=None)) after connection broken by 'NewConnectionError("HTTPConnection(host='localhost', port=62612): Failed to establish a new connection: [Errno 61] Connection refused")': /session/1F632528-B14A-41B0-ABA6-1E70B32FC838/execute/sync
2026-04-20 09:02:10.091 | WARNING  | urllib3.connectionpool:urlopen:868 - Retrying (Retry(total=0, connect=None, read=None, redirect=None, status=None)) after connection broken by 'NewConnectionError("HTTPConnection(host='localhost', port=62612): Failed to establish a new connection: [Errno 61] Connection refused")': /session/1F632528-B14A-41B0-ABA6-1E70B32FC838/execute/sync
2026-04-20 09:02:10.092 | WARNING  | ui_event.get_url:load_href_save:405 - 处理链接时出错: MaxRetryError, 跳过
2026-04-20 09:02:10.092 | WARNING  | urllib3.connectionpool:urlopen:868 - Retrying (Retry(total=2, connect=None, read=None, redirect=None, status=None)) after connection broken by 'NewConnectionError("HTTPConnection(host='localhost', port=62612): Failed to establish a new connection: [Errno 61] Connection refused")': /session/1F632528-B14A-41B0-ABA6-1E70B32FC838/execute/sync
2026-04-20 09:02:10.093 | WARNING  | urllib3.connectionpool:urlopen:868 - Retrying (Retry(total=1, connect=None, read=None, redirect=None, status=None)) after connection broken by 'NewConnectionError("HTTPConnection(host='localhost', port=62612): Failed to establish a new connection: [Errno 61] Connection refused")': /session/1F632528-B14A-41B0-ABA6-1E70B32FC838/execute/sync
2026-04-20 09:02:10.093 | WARNING  | urllib3.connectionpool:urlopen:868 - Retrying (Retry(total=0, connect=None, read=None, redirect=None, status=None)) after connection broken by 'NewConnectionError("HTTPConnection(host='localhost', port=62612): Failed to establish a new connection: [Errno 61] Connection refused")': /session/1F632528-B14A-41B0-ABA6-1E70B32FC838/execute/sync
2026-04-20 09:02:10.093 | WARNING  | ui_event.get_url:load_href_save:405 - 处理链接时出错: MaxRetryError, 跳过
2026-04-20 09:02:10.094 | WARNING  | urllib3.connectionpool:urlopen:868 - Retrying (Retry(total=2, connect=None, read=None, redirect=None, status=None)) after connection broken by 'NewConnectionError("HTTPConnection(host='localhost', port=62612): Failed to establish a new connection: [Errno 61] Connection refused")': /session/1F632528-B14A-41B0-ABA6-1E70B32FC838/execute/sync
2026-04-20 09:02:10.094 | WARNING  | urllib3.connectionpool:urlopen:868 - Retrying (Retry(total=1, connect=None, read=None, redirect=None, status=None)) after connection broken by 'NewConnectionError("HTTPConnection(host='localhost', port=62612): Failed to establish a new connection: [Errno 61] Connection refused")': /session/1F632528-B14A-41B0-ABA6-1E70B32FC838/execute/sync
2026-04-20 09:02:10.095 | WARNING  | urllib3.connectionpool:urlopen:868 - Retrying (Retry(total=0, connect=None, read=None, redirect=None, status=None)) after connection broken by 'NewConnectionError("HTTPConnection(host='localhost', port=62612): Failed to establish a new connection: [Errno 61] Connection refused")': /session/1F632528-B14A-41B0-ABA6-1E70B32FC838/execute/sync
2026-04-20 09:02:10.095 | WARNING  | ui_event.get_url:load_href_save:405 - 处理链接时出错: MaxRetryError, 跳过
2026-04-20 09:02:10.096 | WARNING  | urllib3.connectionpool:urlopen:868 - Retrying (Retry(total=2, connect=None, read=None, redirect=None, status=None)) after connection broken by 'NewConnectionError("HTTPConnection(host='localhost', port=62612): Failed to establish a new connection: [Errno 61] Connection refused")': /session/1F632528-B14A-41B0-ABA6-1E70B32FC838/execute/sync
2026-04-20 09:02:10.096 | WARNING  | urllib3.connectionpool:urlopen:868 - Retrying (Retry(total=1, connect=None, read=None, redirect=None, status=None)) after connection broken by 'NewConnectionError("HTTPConnection(host='localhost', port=62612): Failed to establish a new connection: [Errno 61] Connection refused")': /session/1F632528-B14A-41B0-ABA6-1E70B32FC838/execute/sync
2026-04-20 09:02:10.096 | WARNING  | urllib3.connectionpool:urlopen:868 - Retrying (Retry(total=0, connect=None, read=None, redirect=None, status=None)) after connection broken by 'NewConnectionError("HTTPConnection(host='localhost', port=62612): Failed to establish a new connection: [Errno 61] Connection refused")': /session/1F632528-B14A-41B0-ABA6-1E70B32FC838/execute/sync
2026-04-20 09:02:10.097 | WARNING  | ui_event.get_url:load_href_save:405 - 处理链接时出错: MaxRetryError, 跳过
2026-04-20 09:02:10.097 | WARNING  | urllib3.connectionpool:urlopen:868 - Retrying (Retry(total=2, connect=None, read=None, redirect=None, status=None)) after connection broken by 'NewConnectionError("HTTPConnection(host='localhost', port=62612): Failed to establish a new connection: [Errno 61] Connection refused")': /session/1F632528-B14A-41B0-ABA6-1E70B32FC838/execute/sync
2026-04-20 09:02:10.098 | WARNING  | urllib3.connectionpool:urlopen:868 - Retrying (Retry(total=1, connect=None, read=None, redirect=None, status=None)) after connection broken by 'NewConnectionError("HTTPConnection(host='localhost', port=62612): Failed to establish a new connection: [Errno 61] Connection refused")': /session/1F632528-B14A-41B0-ABA6-1E70B32FC838/execute/sync
2026-04-20 09:02:10.098 | WARNING  | urllib3.connectionpool:urlopen:868 - Retrying (Retry(total=0, connect=None, read=None, redirect=None, status=None)) after connection broken by 'NewConnectionError("HTTPConnection(host='localhost', port=62612): Failed to establish a new connection: [Errno 61] Connection refused")': /session/1F632528-B14A-41B0-ABA6-1E70B32FC838/execute/sync
2026-04-20 09:02:10.099 | WARNING  | ui_event.get_url:load_href_save:405 - 处理链接时出错: MaxRetryError, 跳过
2026-04-20 09:02:10.099 | WARNING  | urllib3.connectionpool:urlopen:868 - Retrying (Retry(total=2, connect=None, read=None, redirect=None, status=None)) after connection broken by 'NewConnectionError("HTTPConnection(host='localhost', port=62612): Failed to establish a new connection: [Errno 61] Connection refused")': /session/1F632528-B14A-41B0-ABA6-1E70B32FC838/execute/sync
2026-04-20 09:02:10.100 | WARNING  | urllib3.connectionpool:urlopen:868 - Retrying (Retry(total=1, connect=None, read=None, redirect=None, status=None)) after connection broken by 'NewConnectionError("HTTPConnection(host='localhost', port=62612): Failed to establish a new connection: [Errno 61] Connection refused")': /session/1F632528-B14A-41B0-ABA6-1E70B32FC838/execute/sync
2026-04-20 09:02:10.100 | WARNING  | urllib3.connectionpool:urlopen:868 - Retrying (Retry(total=0, connect=None, read=None, redirect=None, status=None)) after connection broken by 'NewConnectionError("HTTPConnection(host='localhost', port=62612): Failed to establish a new connection: [Errno 61] Connection refused")': /session/1F632528-B14A-41B0-ABA6-1E70B32FC838/execute/sync
2026-04-20 09:02:10.100 | WARNING  | ui_event.get_url:load_href_save:405 - 处理链接时出错: MaxRetryError, 跳过
2026-04-20 09:02:10.101 | WARNING  | urllib3.connectionpool:urlopen:868 - Retrying (Retry(total=2, connect=None, read=None, redirect=None, status=None)) after connection broken by 'NewConnectionError("HTTPConnection(host='localhost', port=62612): Failed to establish a new connection: [Errno 61] Connection refused")': /session/1F632528-B14A-41B0-ABA6-1E70B32FC838/execute/sync
2026-04-20 09:02:10.101 | WARNING  | urllib3.connectionpool:urlopen:868 - Retrying (Retry(total=1, connect=None, read=None, redirect=None, status=None)) after connection broken by 'NewConnectionError("HTTPConnection(host='localhost', port=62612): Failed to establish a new connection: [Errno 61] Connection refused")': /session/1F632528-B14A-41B0-ABA6-1E70B32FC838/execute/sync
2026-04-20 09:02:10.102 | WARNING  | urllib3.connectionpool:urlopen:868 - Retrying (Retry(total=0, connect=None, read=None, redirect=None, status=None)) after connection broken by 'NewConnectionError("HTTPConnection(host='localhost', port=62612): Failed to establish a new connection: [Errno 61] Connection refused")': /session/1F632528-B14A-41B0-ABA6-1E70B32FC838/execute/sync
2026-04-20 09:02:10.102 | WARNING  | ui_event.get_url:load_href_save:405 - 处理链接时出错: MaxRetryError, 跳过
2026-04-20 09:02:10.103 | WARNING  | urllib3.connectionpool:urlopen:868 - Retrying (Retry(total=2, connect=None, read=None, redirect=None, status=None)) after connection broken by 'NewConnectionError("HTTPConnection(host='localhost', port=62612): Failed to establish a new connection: [Errno 61] Connection refused")': /session/1F632528-B14A-41B0-ABA6-1E70B32FC838/execute/sync
2026-04-20 09:02:10.103 | WARNING  | urllib3.connectionpool:urlopen:868 - Retrying (Retry(total=1, connect=None, read=None, redirect=None, status=None)) after connection broken by 'NewConnectionError("HTTPConnection(host='localhost', port=62612): Failed to establish a new connection: [Errno 61] Connection refused")': /session/1F632528-B14A-41B0-ABA6-1E70B32FC838/execute/sync
2026-04-20 09:02:10.104 | WARNING  | urllib3.connectionpool:urlopen:868 - Retrying (Retry(total=0, connect=None, read=None, redirect=None, status=None)) after connection broken by 'NewConnectionError("HTTPConnection(host='localhost', port=62612): Failed to establish a new connection: [Errno 61] Connection refused")': /session/1F632528-B14A-41B0-ABA6-1E70B32FC838/execute/sync
2026-04-20 09:02:10.104 | WARNING  | ui_event.get_url:load_href_save:405 - 处理链接时出错: MaxRetryError, 跳过
2026-04-20 09:02:10.105 | WARNING  | urllib3.connectionpool:urlopen:868 - Retrying (Retry(total=2, connect=None, read=None, redirect=None, status=None)) after connection broken by 'NewConnectionError("HTTPConnection(host='localhost', port=62612): Failed to establish a new connection: [Errno 61] Connection refused")': /session/1F632528-B14A-41B0-ABA6-1E70B32FC838/execute/sync
2026-04-20 09:02:10.105 | WARNING  | urllib3.connectionpool:urlopen:868 - Retrying (Retry(total=1, connect=None, read=None, redirect=None, status=None)) after connection broken by 'NewConnectionError("HTTPConnection(host='localhost', port=62612): Failed to establish a new connection: [Errno 61] Connection refused")': /session/1F632528-B14A-41B0-ABA6-1E70B32FC838/execute/sync
2026-04-20 09:02:10.106 | WARNING  | urllib3.connectionpool:urlopen:868 - Retrying (Retry(total=0, connect=None, read=None, redirect=None, status=None)) after connection broken by 'NewConnectionError("HTTPConnection(host='localhost', port=62612): Failed to establish a new connection: [Errno 61] Connection refused")': /session/1F632528-B14A-41B0-ABA6-1E70B32FC838/execute/sync
2026-04-20 09:02:10.106 | WARNING  | ui_event.get_url:load_href_save:405 - 处理链接时出错: MaxRetryError, 跳过
2026-04-20 09:02:10.107 | WARNING  | urllib3.connectionpool:urlopen:868 - Retrying (Retry(total=2, connect=None, read=None, redirect=None, status=None)) after connection broken by 'NewConnectionError("HTTPConnection(host='localhost', port=62612): Failed to establish a new connection: [Errno 61] Connection refused")': /session/1F632528-B14A-41B0-ABA6-1E70B32FC838/execute/sync
2026-04-20 09:02:10.107 | WARNING  | urllib3.connectionpool:urlopen:868 - Retrying (Retry(total=1, connect=None, read=None, redirect=None, status=None)) after connection broken by 'NewConnectionError("HTTPConnection(host='localhost', port=62612): Failed to establish a new connection: [Errno 61] Connection refused")': /session/1F632528-B14A-41B0-ABA6-1E70B32FC838/execute/sync
2026-04-20 09:02:10.108 | WARNING  | urllib3.connectionpool:urlopen:868 - Retrying (Retry(total=0, connect=None, read=None, redirect=None, status=None)) after connection broken by 'NewConnectionError("HTTPConnection(host='localhost', port=62612): Failed to establish a new connection: [Errno 61] Connection refused")': /session/1F632528-B14A-41B0-ABA6-1E70B32FC838/execute/sync
2026-04-20 09:02:10.108 | WARNING  | ui_event.get_url:load_href_save:405 - 处理链接时出错: MaxRetryError, 跳过
2026-04-20 09:02:10.109 | WARNING  | urllib3.connectionpool:urlopen:868 - Retrying (Retry(total=2, connect=None, read=None, redirect=None, status=None)) after connection broken by 'NewConnectionError("HTTPConnection(host='localhost', port=62612): Failed to establish a new connection: [Errno 61] Connection refused")': /session/1F632528-B14A-41B0-ABA6-1E70B32FC838/execute/sync
2026-04-20 09:02:10.109 | WARNING  | urllib3.connectionpool:urlopen:868 - Retrying (Retry(total=1, connect=None, read=None, redirect=None, status=None)) after connection broken by 'NewConnectionError("HTTPConnection(host='localhost', port=62612): Failed to establish a new connection: [Errno 61] Connection refused")': /session/1F632528-B14A-41B0-ABA6-1E70B32FC838/execute/sync
2026-04-20 09:02:10.110 | WARNING  | urllib3.connectionpool:urlopen:868 - Retrying (Retry(total=0, connect=None, read=None, redirect=None, status=None)) after connection broken by 'NewConnectionError("HTTPConnection(host='localhost', port=62612): Failed to establish a new connection: [Errno 61] Connection refused")': /session/1F632528-B14A-41B0-ABA6-1E70B32FC838/execute/sync
2026-04-20 09:02:10.110 | WARNING  | ui_event.get_url:load_href_save:405 - 处理链接时出错: MaxRetryError, 跳过
2026-04-20 09:02:10.110 | WARNING  | urllib3.connectionpool:urlopen:868 - Retrying (Retry(total=2, connect=None, read=None, redirect=None, status=None)) after connection broken by 'NewConnectionError("HTTPConnection(host='localhost', port=62612): Failed to establish a new connection: [Errno 61] Connection refused")': /session/1F632528-B14A-41B0-ABA6-1E70B32FC838/execute/sync
2026-04-20 09:02:10.111 | WARNING  | urllib3.connectionpool:urlopen:868 - Retrying (Retry(total=1, connect=None, read=None, redirect=None, status=None)) after connection broken by 'NewConnectionError("HTTPConnection(host='localhost', port=62612): Failed to establish a new connection: [Errno 61] Connection refused")': /session/1F632528-B14A-41B0-ABA6-1E70B32FC838/execute/sync
2026-04-20 09:02:10.111 | WARNING  | urllib3.connectionpool:urlopen:868 - Retrying (Retry(total=0, connect=None, read=None, redirect=None, status=None)) after connection broken by 'NewConnectionError("HTTPConnection(host='localhost', port=62612): Failed to establish a new connection: [Errno 61] Connection refused")': /session/1F632528-B14A-41B0-ABA6-1E70B32FC838/execute/sync
2026-04-20 09:02:10.112 | WARNING  | ui_event.get_url:load_href_save:405 - 处理链接时出错: MaxRetryError, 跳过
2026-04-20 09:02:10.112 | WARNING  | urllib3.connectionpool:urlopen:868 - Retrying (Retry(total=2, connect=None, read=None, redirect=None, status=None)) after connection broken by 'NewConnectionError("HTTPConnection(host='localhost', port=62612): Failed to establish a new connection: [Errno 61] Connection refused")': /session/1F632528-B14A-41B0-ABA6-1E70B32FC838/execute/sync
2026-04-20 09:02:10.112 | WARNING  | urllib3.connectionpool:urlopen:868 - Retrying (Retry(total=1, connect=None, read=None, redirect=None, status=None)) after connection broken by 'NewConnectionError("HTTPConnection(host='localhost', port=62612): Failed to establish a new connection: [Errno 61] Connection refused")': /session/1F632528-B14A-41B0-ABA6-1E70B32FC838/execute/sync
2026-04-20 09:02:10.113 | WARNING  | urllib3.connectionpool:urlopen:868 - Retrying (Retry(total=0, connect=None, read=None, redirect=None, status=None)) after connection broken by 'NewConnectionError("HTTPConnection(host='localhost', port=62612): Failed to establish a new connection: [Errno 61] Connection refused")': /session/1F632528-B14A-41B0-ABA6-1E70B32FC838/execute/sync
2026-04-20 09:02:10.113 | WARNING  | ui_event.get_url:load_href_save:405 - 处理链接时出错: MaxRetryError, 跳过
2026-04-20 09:02:10.114 | WARNING  | urllib3.connectionpool:urlopen:868 - Retrying (Retry(total=2, connect=None, read=None, redirect=None, status=None)) after connection broken by 'NewConnectionError("HTTPConnection(host='localhost', port=62612): Failed to establish a new connection: [Errno 61] Connection refused")': /session/1F632528-B14A-41B0-ABA6-1E70B32FC838/execute/sync
2026-04-20 09:02:10.114 | WARNING  | urllib3.connectionpool:urlopen:868 - Retrying (Retry(total=1, connect=None, read=None, redirect=None, status=None)) after connection broken by 'NewConnectionError("HTTPConnection(host='localhost', port=62612): Failed to establish a new connection: [Errno 61] Connection refused")': /session/1F632528-B14A-41B0-ABA6-1E70B32FC838/execute/sync
2026-04-20 09:02:10.115 | WARNING  | urllib3.connectionpool:urlopen:868 - Retrying (Retry(total=0, connect=None, read=None, redirect=None, status=None)) after connection broken by 'NewConnectionError("HTTPConnection(host='localhost', port=62612): Failed to establish a new connection: [Errno 61] Connection refused")': /session/1F632528-B14A-41B0-ABA6-1E70B32FC838/execute/sync
2026-04-20 09:02:10.115 | WARNING  | ui_event.get_url:load_href_save:405 - 处理链接时出错: MaxRetryError, 跳过
2026-04-20 09:02:10.115 | WARNING  | urllib3.connectionpool:urlopen:868 - Retrying (Retry(total=2, connect=None, read=None, redirect=None, status=None)) after connection broken by 'NewConnectionError("HTTPConnection(host='localhost', port=62612): Failed to establish a new connection: [Errno 61] Connection refused")': /session/1F632528-B14A-41B0-ABA6-1E70B32FC838/execute/sync
2026-04-20 09:02:10.116 | WARNING  | urllib3.connectionpool:urlopen:868 - Retrying (Retry(total=1, connect=None, read=None, redirect=None, status=None)) after connection broken by 'NewConnectionError("HTTPConnection(host='localhost', port=62612): Failed to establish a new connection: [Errno 61] Connection refused")': /session/1F632528-B14A-41B0-ABA6-1E70B32FC838/execute/sync
2026-04-20 09:02:10.116 | WARNING  | urllib3.connectionpool:urlopen:868 - Retrying (Retry(total=0, connect=None, read=None, redirect=None, status=None)) after connection broken by 'NewConnectionError("HTTPConnection(host='localhost', port=62612): Failed to establish a new connection: [Errno 61] Connection refused")': /session/1F632528-B14A-41B0-ABA6-1E70B32FC838/execute/sync
2026-04-20 09:02:10.117 | WARNING  | ui_event.get_url:load_href_save:405 - 处理链接时出错: MaxRetryError, 跳过
2026-04-20 09:02:10.117 | WARNING  | urllib3.connectionpool:urlopen:868 - Retrying (Retry(total=2, connect=None, read=None, redirect=None, status=None)) after connection broken by 'NewConnectionError("HTTPConnection(host='localhost', port=62612): Failed to establish a new connection: [Errno 61] Connection refused")': /session/1F632528-B14A-41B0-ABA6-1E70B32FC838/execute/sync
2026-04-20 09:02:10.118 | WARNING  | urllib3.connectionpool:urlopen:868 - Retrying (Retry(total=1, connect=None, read=None, redirect=None, status=None)) after connection broken by 'NewConnectionError("HTTPConnection(host='localhost', port=62612): Failed to establish a new connection: [Errno 61] Connection refused")': /session/1F632528-B14A-41B0-ABA6-1E70B32FC838/execute/sync
2026-04-20 09:02:10.118 | WARNING  | urllib3.connectionpool:urlopen:868 - Retrying (Retry(total=0, connect=None, read=None, redirect=None, status=None)) after connection broken by 'NewConnectionError("HTTPConnection(host='localhost', port=62612): Failed to establish a new connection: [Errno 61] Connection refused")': /session/1F632528-B14A-41B0-ABA6-1E70B32FC838/execute/sync
2026-04-20 09:02:10.118 | WARNING  | ui_event.get_url:load_href_save:405 - 处理链接时出错: MaxRetryError, 跳过
2026-04-20 09:02:10.119 | WARNING  | urllib3.connectionpool:urlopen:868 - Retrying (Retry(total=2, connect=None, read=None, redirect=None, status=None)) after connection broken by 'NewConnectionError("HTTPConnection(host='localhost', port=62612): Failed to establish a new connection: [Errno 61] Connection refused")': /session/1F632528-B14A-41B0-ABA6-1E70B32FC838/execute/sync
2026-04-20 09:02:10.119 | WARNING  | urllib3.connectionpool:urlopen:868 - Retrying (Retry(total=1, connect=None, read=None, redirect=None, status=None)) after connection broken by 'NewConnectionError("HTTPConnection(host='localhost', port=62612): Failed to establish a new connection: [Errno 61] Connection refused")': /session/1F632528-B14A-41B0-ABA6-1E70B32FC838/execute/sync
2026-04-20 09:02:10.119 | WARNING  | urllib3.connectionpool:urlopen:868 - Retrying (Retry(total=0, connect=None, read=None, redirect=None, status=None)) after connection broken by 'NewConnectionError("HTTPConnection(host='localhost', port=62612): Failed to establish a new connection: [Errno 61] Connection refused")': /session/1F632528-B14A-41B0-ABA6-1E70B32FC838/execute/sync
2026-04-20 09:02:10.120 | WARNING  | ui_event.get_url:load_href_save:405 - 处理链接时出错: MaxRetryError, 跳过
2026-04-20 09:02:10.120 | WARNING  | urllib3.connectionpool:urlopen:868 - Retrying (Retry(total=2, connect=None, read=None, redirect=None, status=None)) after connection broken by 'NewConnectionError("HTTPConnection(host='localhost', port=62612): Failed to establish a new connection: [Errno 61] Connection refused")': /session/1F632528-B14A-41B0-ABA6-1E70B32FC838/execute/sync
2026-04-20 09:02:10.121 | WARNING  | urllib3.connectionpool:urlopen:868 - Retrying (Retry(total=1, connect=None, read=None, redirect=None, status=None)) after connection broken by 'NewConnectionError("HTTPConnection(host='localhost', port=62612): Failed to establish a new connection: [Errno 61] Connection refused")': /session/1F632528-B14A-41B0-ABA6-1E70B32FC838/execute/sync
2026-04-20 09:02:10.121 | WARNING  | urllib3.connectionpool:urlopen:868 - Retrying (Retry(total=0, connect=None, read=None, redirect=None, status=None)) after connection broken by 'NewConnectionError("HTTPConnection(host='localhost', port=62612): Failed to establish a new connection: [Errno 61] Connection refused")': /session/1F632528-B14A-41B0-ABA6-1E70B32FC838/execute/sync
2026-04-20 09:02:10.121 | WARNING  | ui_event.get_url:load_href_save:405 - 处理链接时出错: MaxRetryError, 跳过
2026-04-20 09:02:10.122 | WARNING  | urllib3.connectionpool:urlopen:868 - Retrying (Retry(total=2, connect=None, read=None, redirect=None, status=None)) after connection broken by 'NewConnectionError("HTTPConnection(host='localhost', port=62612): Failed to establish a new connection: [Errno 61] Connection refused")': /session/1F632528-B14A-41B0-ABA6-1E70B32FC838/execute/sync
2026-04-20 09:02:10.122 | WARNING  | urllib3.connectionpool:urlopen:868 - Retrying (Retry(total=1, connect=None, read=None, redirect=None, status=None)) after connection broken by 'NewConnectionError("HTTPConnection(host='localhost', port=62612): Failed to establish a new connection: [Errno 61] Connection refused")': /session/1F632528-B14A-41B0-ABA6-1E70B32FC838/execute/sync
2026-04-20 09:02:10.123 | WARNING  | urllib3.connectionpool:urlopen:868 - Retrying (Retry(total=0, connect=None, read=None, redirect=None, status=None)) after connection broken by 'NewConnectionError("HTTPConnection(host='localhost', port=62612): Failed to establish a new connection: [Errno 61] Connection refused")': /session/1F632528-B14A-41B0-ABA6-1E70B32FC838/execute/sync
2026-04-20 09:02:10.123 | WARNING  | ui_event.get_url:load_href_save:405 - 处理链接时出错: MaxRetryError, 跳过
2026-04-20 09:02:10.123 | WARNING  | urllib3.connectionpool:urlopen:868 - Retrying (Retry(total=2, connect=None, read=None, redirect=None, status=None)) after connection broken by 'NewConnectionError("HTTPConnection(host='localhost', port=62612): Failed to establish a new connection: [Errno 61] Connection refused")': /session/1F632528-B14A-41B0-ABA6-1E70B32FC838/execute/sync
2026-04-20 09:02:10.124 | WARNING  | urllib3.connectionpool:urlopen:868 - Retrying (Retry(total=1, connect=None, read=None, redirect=None, status=None)) after connection broken by 'NewConnectionError("HTTPConnection(host='localhost', port=62612): Failed to establish a new connection: [Errno 61] Connection refused")': /session/1F632528-B14A-41B0-ABA6-1E70B32FC838/execute/sync
2026-04-20 09:02:10.124 | WARNING  | urllib3.connectionpool:urlopen:868 - Retrying (Retry(total=0, connect=None, read=None, redirect=None, status=None)) after connection broken by 'NewConnectionError("HTTPConnection(host='localhost', port=62612): Failed to establish a new connection: [Errno 61] Connection refused")': /session/1F632528-B14A-41B0-ABA6-1E70B32FC838/execute/sync
2026-04-20 09:02:10.125 | WARNING  | ui_event.get_url:load_href_save:405 - 处理链接时出错: MaxRetryError, 跳过
2026-04-20 09:02:10.125 | WARNING  | urllib3.connectionpool:urlopen:868 - Retrying (Retry(total=2, connect=None, read=None, redirect=None, status=None)) after connection broken by 'NewConnectionError("HTTPConnection(host='localhost', port=62612): Failed to establish a new connection: [Errno 61] Connection refused")': /session/1F632528-B14A-41B0-ABA6-1E70B32FC838/execute/sync
2026-04-20 09:02:10.126 | WARNING  | urllib3.connectionpool:urlopen:868 - Retrying (Retry(total=1, connect=None, read=None, redirect=None, status=None)) after connection broken by 'NewConnectionError("HTTPConnection(host='localhost', port=62612): Failed to establish a new connection: [Errno 61] Connection refused")': /session/1F632528-B14A-41B0-ABA6-1E70B32FC838/execute/sync
2026-04-20 09:02:10.126 | WARNING  | urllib3.connectionpool:urlopen:868 - Retrying (Retry(total=0, connect=None, read=None, redirect=None, status=None)) after connection broken by 'NewConnectionError("HTTPConnection(host='localhost', port=62612): Failed to establish a new connection: [Errno 61] Connection refused")': /session/1F632528-B14A-41B0-ABA6-1E70B32FC838/execute/sync
2026-04-20 09:02:10.126 | WARNING  | ui_event.get_url:load_href_save:405 - 处理链接时出错: MaxRetryError, 跳过
2026-04-20 09:02:10.127 | WARNING  | urllib3.connectionpool:urlopen:868 - Retrying (Retry(total=2, connect=None, read=None, redirect=None, status=None)) after connection broken by 'NewConnectionError("HTTPConnection(host='localhost', port=62612): Failed to establish a new connection: [Errno 61] Connection refused")': /session/1F632528-B14A-41B0-ABA6-1E70B32FC838/execute/sync
2026-04-20 09:02:10.127 | WARNING  | urllib3.connectionpool:urlopen:868 - Retrying (Retry(total=1, connect=None, read=None, redirect=None, status=None)) after connection broken by 'NewConnectionError("HTTPConnection(host='localhost', port=62612): Failed to establish a new connection: [Errno 61] Connection refused")': /session/1F632528-B14A-41B0-ABA6-1E70B32FC838/execute/sync
2026-04-20 09:02:10.128 | WARNING  | urllib3.connectionpool:urlopen:868 - Retrying (Retry(total=0, connect=None, read=None, redirect=None, status=None)) after connection broken by 'NewConnectionError("HTTPConnection(host='localhost', port=62612): Failed to establish a new connection: [Errno 61] Connection refused")': /session/1F632528-B14A-41B0-ABA6-1E70B32FC838/execute/sync
2026-04-20 09:02:10.128 | WARNING  | ui_event.get_url:load_href_save:405 - 处理链接时出错: MaxRetryError, 跳过
2026-04-20 09:02:10.129 | WARNING  | urllib3.connectionpool:urlopen:868 - Retrying (Retry(total=2, connect=None, read=None, redirect=None, status=None)) after connection broken by 'NewConnectionError("HTTPConnection(host='localhost', port=62612): Failed to establish a new connection: [Errno 61] Connection refused")': /session/1F632528-B14A-41B0-ABA6-1E70B32FC838/execute/sync
2026-04-20 09:02:10.129 | WARNING  | urllib3.connectionpool:urlopen:868 - Retrying (Retry(total=1, connect=None, read=None, redirect=None, status=None)) after connection broken by 'NewConnectionError("HTTPConnection(host='localhost', port=62612): Failed to establish a new connection: [Errno 61] Connection refused")': /session/1F632528-B14A-41B0-ABA6-1E70B32FC838/execute/sync
2026-04-20 09:02:10.130 | WARNING  | urllib3.connectionpool:urlopen:868 - Retrying (Retry(total=0, connect=None, read=None, redirect=None, status=None)) after connection broken by 'NewConnectionError("HTTPConnection(host='localhost', port=62612): Failed to establish a new connection: [Errno 61] Connection refused")': /session/1F632528-B14A-41B0-ABA6-1E70B32FC838/execute/sync
2026-04-20 09:02:10.130 | WARNING  | ui_event.get_url:load_href_save:405 - 处理链接时出错: MaxRetryError, 跳过
2026-04-20 09:02:10.131 | WARNING  | urllib3.connectionpool:urlopen:868 - Retrying (Retry(total=2, connect=None, read=None, redirect=None, status=None)) after connection broken by 'NewConnectionError("HTTPConnection(host='localhost', port=62612): Failed to establish a new connection: [Errno 61] Connection refused")': /session/1F632528-B14A-41B0-ABA6-1E70B32FC838/execute/sync
2026-04-20 09:02:10.131 | WARNING  | urllib3.connectionpool:urlopen:868 - Retrying (Retry(total=1, connect=None, read=None, redirect=None, status=None)) after connection broken by 'NewConnectionError("HTTPConnection(host='localhost', port=62612): Failed to establish a new connection: [Errno 61] Connection refused")': /session/1F632528-B14A-41B0-ABA6-1E70B32FC838/execute/sync
2026-04-20 09:02:10.131 | WARNING  | urllib3.connectionpool:urlopen:868 - Retrying (Retry(total=0, connect=None, read=None, redirect=None, status=None)) after connection broken by 'NewConnectionError("HTTPConnection(host='localhost', port=62612): Failed to establish a new connection: [Errno 61] Connection refused")': /session/1F632528-B14A-41B0-ABA6-1E70B32FC838/execute/sync
2026-04-20 09:02:10.132 | WARNING  | ui_event.get_url:load_href_save:405 - 处理链接时出错: MaxRetryError, 跳过
2026-04-20 09:02:10.132 | WARNING  | urllib3.connectionpool:urlopen:868 - Retrying (Retry(total=2, connect=None, read=None, redirect=None, status=None)) after connection broken by 'NewConnectionError("HTTPConnection(host='localhost', port=62612): Failed to establish a new connection: [Errno 61] Connection refused")': /session/1F632528-B14A-41B0-ABA6-1E70B32FC838/execute/sync
2026-04-20 09:02:10.133 | WARNING  | urllib3.connectionpool:urlopen:868 - Retrying (Retry(total=1, connect=None, read=None, redirect=None, status=None)) after connection broken by 'NewConnectionError("HTTPConnection(host='localhost', port=62612): Failed to establish a new connection: [Errno 61] Connection refused")': /session/1F632528-B14A-41B0-ABA6-1E70B32FC838/execute/sync
2026-04-20 09:02:10.133 | WARNING  | urllib3.connectionpool:urlopen:868 - Retrying (Retry(total=0, connect=None, read=None, redirect=None, status=None)) after connection broken by 'NewConnectionError("HTTPConnection(host='localhost', port=62612): Failed to establish a new connection: [Errno 61] Connection refused")': /session/1F632528-B14A-41B0-ABA6-1E70B32FC838/execute/sync
2026-04-20 09:02:10.134 | WARNING  | ui_event.get_url:load_href_save:405 - 处理链接时出错: MaxRetryError, 跳过
2026-04-20 09:02:10.134 | WARNING  | urllib3.connectionpool:urlopen:868 - Retrying (Retry(total=2, connect=None, read=None, redirect=None, status=None)) after connection broken by 'NewConnectionError("HTTPConnection(host='localhost', port=62612): Failed to establish a new connection: [Errno 61] Connection refused")': /session/1F632528-B14A-41B0-ABA6-1E70B32FC838/execute/sync
2026-04-20 09:02:10.135 | WARNING  | urllib3.connectionpool:urlopen:868 - Retrying (Retry(total=1, connect=None, read=None, redirect=None, status=None)) after connection broken by 'NewConnectionError("HTTPConnection(host='localhost', port=62612): Failed to establish a new connection: [Errno 61] Connection refused")': /session/1F632528-B14A-41B0-ABA6-1E70B32FC838/execute/sync
2026-04-20 09:02:10.135 | WARNING  | urllib3.connectionpool:urlopen:868 - Retrying (Retry(total=0, connect=None, read=None, redirect=None, status=None)) after connection broken by 'NewConnectionError("HTTPConnection(host='localhost', port=62612): Failed to establish a new connection: [Errno 61] Connection refused")': /session/1F632528-B14A-41B0-ABA6-1E70B32FC838/execute/sync
2026-04-20 09:02:10.135 | WARNING  | ui_event.get_url:load_href_save:405 - 处理链接时出错: MaxRetryError, 跳过
2026-04-20 09:02:10.136 | WARNING  | urllib3.connectionpool:urlopen:868 - Retrying (Retry(total=2, connect=None, read=None, redirect=None, status=None)) after connection broken by 'NewConnectionError("HTTPConnection(host='localhost', port=62612): Failed to establish a new connection: [Errno 61] Connection refused")': /session/1F632528-B14A-41B0-ABA6-1E70B32FC838/execute/sync
2026-04-20 09:02:10.136 | WARNING  | urllib3.connectionpool:urlopen:868 - Retrying (Retry(total=1, connect=None, read=None, redirect=None, status=None)) after connection broken by 'NewConnectionError("HTTPConnection(host='localhost', port=62612): Failed to establish a new connection: [Errno 61] Connection refused")': /session/1F632528-B14A-41B0-ABA6-1E70B32FC838/execute/sync
2026-04-20 09:02:10.137 | WARNING  | urllib3.connectionpool:urlopen:868 - Retrying (Retry(total=0, connect=None, read=None, redirect=None, status=None)) after connection broken by 'NewConnectionError("HTTPConnection(host='localhost', port=62612): Failed to establish a new connection: [Errno 61] Connection refused")': /session/1F632528-B14A-41B0-ABA6-1E70B32FC838/execute/sync
2026-04-20 09:02:10.137 | WARNING  | ui_event.get_url:load_href_save:405 - 处理链接时出错: MaxRetryError, 跳过
2026-04-20 09:02:10.138 | WARNING  | urllib3.connectionpool:urlopen:868 - Retrying (Retry(total=2, connect=None, read=None, redirect=None, status=None)) after connection broken by 'NewConnectionError("HTTPConnection(host='localhost', port=62612): Failed to establish a new connection: [Errno 61] Connection refused")': /session/1F632528-B14A-41B0-ABA6-1E70B32FC838/execute/sync
2026-04-20 09:02:10.139 | WARNING  | urllib3.connectionpool:urlopen:868 - Retrying (Retry(total=1, connect=None, read=None, redirect=None, status=None)) after connection broken by 'NewConnectionError("HTTPConnection(host='localhost', port=62612): Failed to establish a new connection: [Errno 61] Connection refused")': /session/1F632528-B14A-41B0-ABA6-1E70B32FC838/execute/sync
2026-04-20 09:02:10.139 | WARNING  | urllib3.connectionpool:urlopen:868 - Retrying (Retry(total=0, connect=None, read=None, redirect=None, status=None)) after connection broken by 'NewConnectionError("HTTPConnection(host='localhost', port=62612): Failed to establish a new connection: [Errno 61] Connection refused")': /session/1F632528-B14A-41B0-ABA6-1E70B32FC838/execute/sync
2026-04-20 09:02:10.139 | WARNING  | ui_event.get_url:load_href_save:405 - 处理链接时出错: MaxRetryError, 跳过
2026-04-20 09:02:10.140 | WARNING  | urllib3.connectionpool:urlopen:868 - Retrying (Retry(total=2, connect=None, read=None, redirect=None, status=None)) after connection broken by 'NewConnectionError("HTTPConnection(host='localhost', port=62612): Failed to establish a new connection: [Errno 61] Connection refused")': /session/1F632528-B14A-41B0-ABA6-1E70B32FC838/execute/sync
2026-04-20 09:02:10.140 | WARNING  | urllib3.connectionpool:urlopen:868 - Retrying (Retry(total=1, connect=None, read=None, redirect=None, status=None)) after connection broken by 'NewConnectionError("HTTPConnection(host='localhost', port=62612): Failed to establish a new connection: [Errno 61] Connection refused")': /session/1F632528-B14A-41B0-ABA6-1E70B32FC838/execute/sync
2026-04-20 09:02:10.141 | WARNING  | urllib3.connectionpool:urlopen:868 - Retrying (Retry(total=0, connect=None, read=None, redirect=None, status=None)) after connection broken by 'NewConnectionError("HTTPConnection(host='localhost', port=62612): Failed to establish a new connection: [Errno 61] Connection refused")': /session/1F632528-B14A-41B0-ABA6-1E70B32FC838/execute/sync
2026-04-20 09:02:10.141 | WARNING  | ui_event.get_url:load_href_save:405 - 处理链接时出错: MaxRetryError, 跳过
2026-04-20 09:02:10.142 | WARNING  | urllib3.connectionpool:urlopen:868 - Retrying (Retry(total=2, connect=None, read=None, redirect=None, status=None)) after connection broken by 'NewConnectionError("HTTPConnection(host='localhost', port=62612): Failed to establish a new connection: [Errno 61] Connection refused")': /session/1F632528-B14A-41B0-ABA6-1E70B32FC838/execute/sync
2026-04-20 09:02:10.142 | WARNING  | urllib3.connectionpool:urlopen:868 - Retrying (Retry(total=1, connect=None, read=None, redirect=None, status=None)) after connection broken by 'NewConnectionError("HTTPConnection(host='localhost', port=62612): Failed to establish a new connection: [Errno 61] Connection refused")': /session/1F632528-B14A-41B0-ABA6-1E70B32FC838/execute/sync
2026-04-20 09:02:10.143 | WARNING  | urllib3.connectionpool:urlopen:868 - Retrying (Retry(total=0, connect=None, read=None, redirect=None, status=None)) after connection broken by 'NewConnectionError("HTTPConnection(host='localhost', port=62612): Failed to establish a new connection: [Errno 61] Connection refused")': /session/1F632528-B14A-41B0-ABA6-1E70B32FC838/execute/sync
2026-04-20 09:02:10.143 | WARNING  | ui_event.get_url:load_href_save:405 - 处理链接时出错: MaxRetryError, 跳过
2026-04-20 09:02:10.144 | WARNING  | urllib3.connectionpool:urlopen:868 - Retrying (Retry(total=2, connect=None, read=None, redirect=None, status=None)) after connection broken by 'NewConnectionError("HTTPConnection(host='localhost', port=62612): Failed to establish a new connection: [Errno 61] Connection refused")': /session/1F632528-B14A-41B0-ABA6-1E70B32FC838/execute/sync
2026-04-20 09:02:10.144 | WARNING  | urllib3.connectionpool:urlopen:868 - Retrying (Retry(total=1, connect=None, read=None, redirect=None, status=None)) after connection broken by 'NewConnectionError("HTTPConnection(host='localhost', port=62612): Failed to establish a new connection: [Errno 61] Connection refused")': /session/1F632528-B14A-41B0-ABA6-1E70B32FC838/execute/sync
2026-04-20 09:02:10.145 | WARNING  | urllib3.connectionpool:urlopen:868 - Retrying (Retry(total=0, connect=None, read=None, redirect=None, status=None)) after connection broken by 'NewConnectionError("HTTPConnection(host='localhost', port=62612): Failed to establish a new connection: [Errno 61] Connection refused")': /session/1F632528-B14A-41B0-ABA6-1E70B32FC838/execute/sync
2026-04-20 09:02:10.145 | WARNING  | ui_event.get_url:load_href_save:405 - 处理链接时出错: MaxRetryError, 跳过
2026-04-20 09:02:10.146 | WARNING  | urllib3.connectionpool:urlopen:868 - Retrying (Retry(total=2, connect=None, read=None, redirect=None, status=None)) after connection broken by 'NewConnectionError("HTTPConnection(host='localhost', port=62612): Failed to establish a new connection: [Errno 61] Connection refused")': /session/1F632528-B14A-41B0-ABA6-1E70B32FC838/execute/sync
2026-04-20 09:02:10.146 | WARNING  | urllib3.connectionpool:urlopen:868 - Retrying (Retry(total=1, connect=None, read=None, redirect=None, status=None)) after connection broken by 'NewConnectionError("HTTPConnection(host='localhost', port=62612): Failed to establish a new connection: [Errno 61] Connection refused")': /session/1F632528-B14A-41B0-ABA6-1E70B32FC838/execute/sync
2026-04-20 09:02:10.147 | WARNING  | urllib3.connectionpool:urlopen:868 - Retrying (Retry(total=0, connect=None, read=None, redirect=None, status=None)) after connection broken by 'NewConnectionError("HTTPConnection(host='localhost', port=62612): Failed to establish a new connection: [Errno 61] Connection refused")': /session/1F632528-B14A-41B0-ABA6-1E70B32FC838/execute/sync
2026-04-20 09:02:10.147 | WARNING  | ui_event.get_url:load_href_save:405 - 处理链接时出错: MaxRetryError, 跳过
2026-04-20 09:02:10.148 | WARNING  | urllib3.connectionpool:urlopen:868 - Retrying (Retry(total=2, connect=None, read=None, redirect=None, status=None)) after connection broken by 'NewConnectionError("HTTPConnection(host='localhost', port=62612): Failed to establish a new connection: [Errno 61] Connection refused")': /session/1F632528-B14A-41B0-ABA6-1E70B32FC838/execute/sync
2026-04-20 09:02:10.148 | WARNING  | urllib3.connectionpool:urlopen:868 - Retrying (Retry(total=1, connect=None, read=None, redirect=None, status=None)) after connection broken by 'NewConnectionError("HTTPConnection(host='localhost', port=62612): Failed to establish a new connection: [Errno 61] Connection refused")': /session/1F632528-B14A-41B0-ABA6-1E70B32FC838/execute/sync
2026-04-20 09:02:10.148 | WARNING  | urllib3.connectionpool:urlopen:868 - Retrying (Retry(total=0, connect=None, read=None, redirect=None, status=None)) after connection broken by 'NewConnectionError("HTTPConnection(host='localhost', port=62612): Failed to establish a new connection: [Errno 61] Connection refused")': /session/1F632528-B14A-41B0-ABA6-1E70B32FC838/execute/sync
2026-04-20 09:02:10.149 | WARNING  | ui_event.get_url:load_href_save:405 - 处理链接时出错: MaxRetryError, 跳过
2026-04-20 09:02:10.149 | WARNING  | urllib3.connectionpool:urlopen:868 - Retrying (Retry(total=2, connect=None, read=None, redirect=None, status=None)) after connection broken by 'NewConnectionError("HTTPConnection(host='localhost', port=62612): Failed to establish a new connection: [Errno 61] Connection refused")': /session/1F632528-B14A-41B0-ABA6-1E70B32FC838/execute/sync
2026-04-20 09:02:10.150 | WARNING  | urllib3.connectionpool:urlopen:868 - Retrying (Retry(total=1, connect=None, read=None, redirect=None, status=None)) after connection broken by 'NewConnectionError("HTTPConnection(host='localhost', port=62612): Failed to establish a new connection: [Errno 61] Connection refused")': /session/1F632528-B14A-41B0-ABA6-1E70B32FC838/execute/sync
2026-04-20 09:02:10.150 | WARNING  | urllib3.connectionpool:urlopen:868 - Retrying (Retry(total=0, connect=None, read=None, redirect=None, status=None)) after connection broken by 'NewConnectionError("HTTPConnection(host='localhost', port=62612): Failed to establish a new connection: [Errno 61] Connection refused")': /session/1F632528-B14A-41B0-ABA6-1E70B32FC838/execute/sync
2026-04-20 09:02:10.150 | WARNING  | ui_event.get_url:load_href_save:405 - 处理链接时出错: MaxRetryError, 跳过
2026-04-20 09:02:10.151 | WARNING  | urllib3.connectionpool:urlopen:868 - Retrying (Retry(total=2, connect=None, read=None, redirect=None, status=None)) after connection broken by 'NewConnectionError("HTTPConnection(host='localhost', port=62612): Failed to establish a new connection: [Errno 61] Connection refused")': /session/1F632528-B14A-41B0-ABA6-1E70B32FC838/execute/sync
2026-04-20 09:02:10.151 | WARNING  | urllib3.connectionpool:urlopen:868 - Retrying (Retry(total=1, connect=None, read=None, redirect=None, status=None)) after connection broken by 'NewConnectionError("HTTPConnection(host='localhost', port=62612): Failed to establish a new connection: [Errno 61] Connection refused")': /session/1F632528-B14A-41B0-ABA6-1E70B32FC838/execute/sync
2026-04-20 09:02:10.152 | WARNING  | urllib3.connectionpool:urlopen:868 - Retrying (Retry(total=0, connect=None, read=None, redirect=None, status=None)) after connection broken by 'NewConnectionError("HTTPConnection(host='localhost', port=62612): Failed to establish a new connection: [Errno 61] Connection refused")': /session/1F632528-B14A-41B0-ABA6-1E70B32FC838/execute/sync
2026-04-20 09:02:10.152 | WARNING  | ui_event.get_url:load_href_save:405 - 处理链接时出错: MaxRetryError, 跳过
2026-04-20 09:02:10.153 | WARNING  | urllib3.connectionpool:urlopen:868 - Retrying (Retry(total=2, connect=None, read=None, redirect=None, status=None)) after connection broken by 'NewConnectionError("HTTPConnection(host='localhost', port=62612): Failed to establish a new connection: [Errno 61] Connection refused")': /session/1F632528-B14A-41B0-ABA6-1E70B32FC838/execute/sync
2026-04-20 09:02:10.153 | WARNING  | urllib3.connectionpool:urlopen:868 - Retrying (Retry(total=1, connect=None, read=None, redirect=None, status=None)) after connection broken by 'NewConnectionError("HTTPConnection(host='localhost', port=62612): Failed to establish a new connection: [Errno 61] Connection refused")': /session/1F632528-B14A-41B0-ABA6-1E70B32FC838/execute/sync
2026-04-20 09:02:10.153 | WARNING  | urllib3.connectionpool:urlopen:868 - Retrying (Retry(total=0, connect=None, read=None, redirect=None, status=None)) after connection broken by 'NewConnectionError("HTTPConnection(host='localhost', port=62612): Failed to establish a new connection: [Errno 61] Connection refused")': /session/1F632528-B14A-41B0-ABA6-1E70B32FC838/execute/sync
2026-04-20 09:02:10.154 | WARNING  | ui_event.get_url:load_href_save:405 - 处理链接时出错: MaxRetryError, 跳过
2026-04-20 09:02:10.154 | WARNING  | urllib3.connectionpool:urlopen:868 - Retrying (Retry(total=2, connect=None, read=None, redirect=None, status=None)) after connection broken by 'NewConnectionError("HTTPConnection(host='localhost', port=62612): Failed to establish a new connection: [Errno 61] Connection refused")': /session/1F632528-B14A-41B0-ABA6-1E70B32FC838/execute/sync
2026-04-20 09:02:10.155 | WARNING  | urllib3.connectionpool:urlopen:868 - Retrying (Retry(total=1, connect=None, read=None, redirect=None, status=None)) after connection broken by 'NewConnectionError("HTTPConnection(host='localhost', port=62612): Failed to establish a new connection: [Errno 61] Connection refused")': /session/1F632528-B14A-41B0-ABA6-1E70B32FC838/execute/sync
2026-04-20 09:02:10.155 | WARNING  | urllib3.connectionpool:urlopen:868 - Retrying (Retry(total=0, connect=None, read=None, redirect=None, status=None)) after connection broken by 'NewConnectionError("HTTPConnection(host='localhost', port=62612): Failed to establish a new connection: [Errno 61] Connection refused")': /session/1F632528-B14A-41B0-ABA6-1E70B32FC838/execute/sync
2026-04-20 09:02:10.155 | WARNING  | ui_event.get_url:load_href_save:405 - 处理链接时出错: MaxRetryError, 跳过
2026-04-20 09:02:10.156 | WARNING  | urllib3.connectionpool:urlopen:868 - Retrying (Retry(total=2, connect=None, read=None, redirect=None, status=None)) after connection broken by 'NewConnectionError("HTTPConnection(host='localhost', port=62612): Failed to establish a new connection: [Errno 61] Connection refused")': /session/1F632528-B14A-41B0-ABA6-1E70B32FC838/execute/sync
2026-04-20 09:02:10.156 | WARNING  | urllib3.connectionpool:urlopen:868 - Retrying (Retry(total=1, connect=None, read=None, redirect=None, status=None)) after connection broken by 'NewConnectionError("HTTPConnection(host='localhost', port=62612): Failed to establish a new connection: [Errno 61] Connection refused")': /session/1F632528-B14A-41B0-ABA6-1E70B32FC838/execute/sync
2026-04-20 09:02:10.157 | WARNING  | urllib3.connectionpool:urlopen:868 - Retrying (Retry(total=0, connect=None, read=None, redirect=None, status=None)) after connection broken by 'NewConnectionError("HTTPConnection(host='localhost', port=62612): Failed to establish a new connection: [Errno 61] Connection refused")': /session/1F632528-B14A-41B0-ABA6-1E70B32FC838/execute/sync
2026-04-20 09:02:10.157 | WARNING  | ui_event.get_url:load_href_save:405 - 处理链接时出错: MaxRetryError, 跳过
2026-04-20 09:02:10.157 | WARNING  | urllib3.connectionpool:urlopen:868 - Retrying (Retry(total=2, connect=None, read=None, redirect=None, status=None)) after connection broken by 'NewConnectionError("HTTPConnection(host='localhost', port=62612): Failed to establish a new connection: [Errno 61] Connection refused")': /session/1F632528-B14A-41B0-ABA6-1E70B32FC838/execute/sync
2026-04-20 09:02:10.158 | WARNING  | urllib3.connectionpool:urlopen:868 - Retrying (Retry(total=1, connect=None, read=None, redirect=None, status=None)) after connection broken by 'NewConnectionError("HTTPConnection(host='localhost', port=62612): Failed to establish a new connection: [Errno 61] Connection refused")': /session/1F632528-B14A-41B0-ABA6-1E70B32FC838/execute/sync
2026-04-20 09:02:10.158 | WARNING  | urllib3.connectionpool:urlopen:868 - Retrying (Retry(total=0, connect=None, read=None, redirect=None, status=None)) after connection broken by 'NewConnectionError("HTTPConnection(host='localhost', port=62612): Failed to establish a new connection: [Errno 61] Connection refused")': /session/1F632528-B14A-41B0-ABA6-1E70B32FC838/execute/sync
2026-04-20 09:02:10.159 | WARNING  | ui_event.get_url:load_href_save:405 - 处理链接时出错: MaxRetryError, 跳过
2026-04-20 09:02:10.159 | WARNING  | urllib3.connectionpool:urlopen:868 - Retrying (Retry(total=2, connect=None, read=None, redirect=None, status=None)) after connection broken by 'NewConnectionError("HTTPConnection(host='localhost', port=62612): Failed to establish a new connection: [Errno 61] Connection refused")': /session/1F632528-B14A-41B0-ABA6-1E70B32FC838/execute/sync
2026-04-20 09:02:10.160 | WARNING  | urllib3.connectionpool:urlopen:868 - Retrying (Retry(total=1, connect=None, read=None, redirect=None, status=None)) after connection broken by 'NewConnectionError("HTTPConnection(host='localhost', port=62612): Failed to establish a new connection: [Errno 61] Connection refused")': /session/1F632528-B14A-41B0-ABA6-1E70B32FC838/execute/sync
2026-04-20 09:02:10.160 | WARNING  | urllib3.connectionpool:urlopen:868 - Retrying (Retry(total=0, connect=None, read=None, redirect=None, status=None)) after connection broken by 'NewConnectionError("HTTPConnection(host='localhost', port=62612): Failed to establish a new connection: [Errno 61] Connection refused")': /session/1F632528-B14A-41B0-ABA6-1E70B32FC838/execute/sync
2026-04-20 09:02:10.161 | WARNING  | ui_event.get_url:load_href_save:405 - 处理链接时出错: MaxRetryError, 跳过
2026-04-20 09:02:10.161 | WARNING  | urllib3.connectionpool:urlopen:868 - Retrying (Retry(total=2, connect=None, read=None, redirect=None, status=None)) after connection broken by 'NewConnectionError("HTTPConnection(host='localhost', port=62612): Failed to establish a new connection: [Errno 61] Connection refused")': /session/1F632528-B14A-41B0-ABA6-1E70B32FC838/execute/sync
2026-04-20 09:02:10.162 | WARNING  | urllib3.connectionpool:urlopen:868 - Retrying (Retry(total=1, connect=None, read=None, redirect=None, status=None)) after connection broken by 'NewConnectionError("HTTPConnection(host='localhost', port=62612): Failed to establish a new connection: [Errno 61] Connection refused")': /session/1F632528-B14A-41B0-ABA6-1E70B32FC838/execute/sync
2026-04-20 09:02:10.162 | WARNING  | urllib3.connectionpool:urlopen:868 - Retrying (Retry(total=0, connect=None, read=None, redirect=None, status=None)) after connection broken by 'NewConnectionError("HTTPConnection(host='localhost', port=62612): Failed to establish a new connection: [Errno 61] Connection refused")': /session/1F632528-B14A-41B0-ABA6-1E70B32FC838/execute/sync
2026-04-20 09:02:10.163 | WARNING  | ui_event.get_url:load_href_save:405 - 处理链接时出错: MaxRetryError, 跳过
2026-04-20 09:02:10.163 | WARNING  | urllib3.connectionpool:urlopen:868 - Retrying (Retry(total=2, connect=None, read=None, redirect=None, status=None)) after connection broken by 'NewConnectionError("HTTPConnection(host='localhost', port=62612): Failed to establish a new connection: [Errno 61] Connection refused")': /session/1F632528-B14A-41B0-ABA6-1E70B32FC838/execute/sync
2026-04-20 09:02:10.164 | WARNING  | urllib3.connectionpool:urlopen:868 - Retrying (Retry(total=1, connect=None, read=None, redirect=None, status=None)) after connection broken by 'NewConnectionError("HTTPConnection(host='localhost', port=62612): Failed to establish a new connection: [Errno 61] Connection refused")': /session/1F632528-B14A-41B0-ABA6-1E70B32FC838/execute/sync
2026-04-20 09:02:10.164 | WARNING  | urllib3.connectionpool:urlopen:868 - Retrying (Retry(total=0, connect=None, read=None, redirect=None, status=None)) after connection broken by 'NewConnectionError("HTTPConnection(host='localhost', port=62612): Failed to establish a new connection: [Errno 61] Connection refused")': /session/1F632528-B14A-41B0-ABA6-1E70B32FC838/execute/sync
2026-04-20 09:02:10.164 | WARNING  | ui_event.get_url:load_href_save:405 - 处理链接时出错: MaxRetryError, 跳过
2026-04-20 09:02:10.165 | WARNING  | urllib3.connectionpool:urlopen:868 - Retrying (Retry(total=2, connect=None, read=None, redirect=None, status=None)) after connection broken by 'NewConnectionError("HTTPConnection(host='localhost', port=62612): Failed to establish a new connection: [Errno 61] Connection refused")': /session/1F632528-B14A-41B0-ABA6-1E70B32FC838/execute/sync
2026-04-20 09:02:10.165 | WARNING  | urllib3.connectionpool:urlopen:868 - Retrying (Retry(total=1, connect=None, read=None, redirect=None, status=None)) after connection broken by 'NewConnectionError("HTTPConnection(host='localhost', port=62612): Failed to establish a new connection: [Errno 61] Connection refused")': /session/1F632528-B14A-41B0-ABA6-1E70B32FC838/execute/sync
2026-04-20 09:02:10.166 | WARNING  | urllib3.connectionpool:urlopen:868 - Retrying (Retry(total=0, connect=None, read=None, redirect=None, status=None)) after connection broken by 'NewConnectionError("HTTPConnection(host='localhost', port=62612): Failed to establish a new connection: [Errno 61] Connection refused")': /session/1F632528-B14A-41B0-ABA6-1E70B32FC838/execute/sync
2026-04-20 09:02:10.166 | WARNING  | ui_event.get_url:load_href_save:405 - 处理链接时出错: MaxRetryError, 跳过
2026-04-20 09:02:10.167 | WARNING  | urllib3.connectionpool:urlopen:868 - Retrying (Retry(total=2, connect=None, read=None, redirect=None, status=None)) after connection broken by 'NewConnectionError("HTTPConnection(host='localhost', port=62612): Failed to establish a new connection: [Errno 61] Connection refused")': /session/1F632528-B14A-41B0-ABA6-1E70B32FC838/execute/sync
2026-04-20 09:02:10.167 | WARNING  | urllib3.connectionpool:urlopen:868 - Retrying (Retry(total=1, connect=None, read=None, redirect=None, status=None)) after connection broken by 'NewConnectionError("HTTPConnection(host='localhost', port=62612): Failed to establish a new connection: [Errno 61] Connection refused")': /session/1F632528-B14A-41B0-ABA6-1E70B32FC838/execute/sync
2026-04-20 09:02:10.168 | WARNING  | urllib3.connectionpool:urlopen:868 - Retrying (Retry(total=0, connect=None, read=None, redirect=None, status=None)) after connection broken by 'NewConnectionError("HTTPConnection(host='localhost', port=62612): Failed to establish a new connection: [Errno 61] Connection refused")': /session/1F632528-B14A-41B0-ABA6-1E70B32FC838/execute/sync
2026-04-20 09:02:10.168 | WARNING  | ui_event.get_url:load_href_save:405 - 处理链接时出错: MaxRetryError, 跳过
2026-04-20 09:02:10.169 | WARNING  | urllib3.connectionpool:urlopen:868 - Retrying (Retry(total=2, connect=None, read=None, redirect=None, status=None)) after connection broken by 'NewConnectionError("HTTPConnection(host='localhost', port=62612): Failed to establish a new connection: [Errno 61] Connection refused")': /session/1F632528-B14A-41B0-ABA6-1E70B32FC838/execute/sync
2026-04-20 09:02:10.169 | WARNING  | urllib3.connectionpool:urlopen:868 - Retrying (Retry(total=1, connect=None, read=None, redirect=None, status=None)) after connection broken by 'NewConnectionError("HTTPConnection(host='localhost', port=62612): Failed to establish a new connection: [Errno 61] Connection refused")': /session/1F632528-B14A-41B0-ABA6-1E70B32FC838/execute/sync
2026-04-20 09:02:10.170 | WARNING  | urllib3.connectionpool:urlopen:868 - Retrying (Retry(total=0, connect=None, read=None, redirect=None, status=None)) after connection broken by 'NewConnectionError("HTTPConnection(host='localhost', port=62612): Failed to establish a new connection: [Errno 61] Connection refused")': /session/1F632528-B14A-41B0-ABA6-1E70B32FC838/execute/sync
2026-04-20 09:02:10.170 | WARNING  | ui_event.get_url:load_href_save:405 - 处理链接时出错: MaxRetryError, 跳过
2026-04-20 09:02:10.171 | WARNING  | urllib3.connectionpool:urlopen:868 - Retrying (Retry(total=2, connect=None, read=None, redirect=None, status=None)) after connection broken by 'NewConnectionError("HTTPConnection(host='localhost', port=62612): Failed to establish a new connection: [Errno 61] Connection refused")': /session/1F632528-B14A-41B0-ABA6-1E70B32FC838/execute/sync
2026-04-20 09:02:10.171 | WARNING  | urllib3.connectionpool:urlopen:868 - Retrying (Retry(total=1, connect=None, read=None, redirect=None, status=None)) after connection broken by 'NewConnectionError("HTTPConnection(host='localhost', port=62612): Failed to establish a new connection: [Errno 61] Connection refused")': /session/1F632528-B14A-41B0-ABA6-1E70B32FC838/execute/sync
2026-04-20 09:02:10.171 | WARNING  | urllib3.connectionpool:urlopen:868 - Retrying (Retry(total=0, connect=None, read=None, redirect=None, status=None)) after connection broken by 'NewConnectionError("HTTPConnection(host='localhost', port=62612): Failed to establish a new connection: [Errno 61] Connection refused")': /session/1F632528-B14A-41B0-ABA6-1E70B32FC838/execute/sync
2026-04-20 09:02:10.172 | WARNING  | ui_event.get_url:load_href_save:405 - 处理链接时出错: MaxRetryError, 跳过
2026-04-20 09:02:10.172 | WARNING  | urllib3.connectionpool:urlopen:868 - Retrying (Retry(total=2, connect=None, read=None, redirect=None, status=None)) after connection broken by 'NewConnectionError("HTTPConnection(host='localhost', port=62612): Failed to establish a new connection: [Errno 61] Connection refused")': /session/1F632528-B14A-41B0-ABA6-1E70B32FC838/execute/sync
2026-04-20 09:02:10.173 | WARNING  | urllib3.connectionpool:urlopen:868 - Retrying (Retry(total=1, connect=None, read=None, redirect=None, status=None)) after connection broken by 'NewConnectionError("HTTPConnection(host='localhost', port=62612): Failed to establish a new connection: [Errno 61] Connection refused")': /session/1F632528-B14A-41B0-ABA6-1E70B32FC838/execute/sync
2026-04-20 09:02:10.173 | WARNING  | urllib3.connectionpool:urlopen:868 - Retrying (Retry(total=0, connect=None, read=None, redirect=None, status=None)) after connection broken by 'NewConnectionError("HTTPConnection(host='localhost', port=62612): Failed to establish a new connection: [Errno 61] Connection refused")': /session/1F632528-B14A-41B0-ABA6-1E70B32FC838/execute/sync
2026-04-20 09:02:10.174 | WARNING  | ui_event.get_url:load_href_save:405 - 处理链接时出错: MaxRetryError, 跳过
2026-04-20 09:02:10.174 | WARNING  | urllib3.connectionpool:urlopen:868 - Retrying (Retry(total=2, connect=None, read=None, redirect=None, status=None)) after connection broken by 'NewConnectionError("HTTPConnection(host='localhost', port=62612): Failed to establish a new connection: [Errno 61] Connection refused")': /session/1F632528-B14A-41B0-ABA6-1E70B32FC838/execute/sync
2026-04-20 09:02:10.175 | WARNING  | urllib3.connectionpool:urlopen:868 - Retrying (Retry(total=1, connect=None, read=None, redirect=None, status=None)) after connection broken by 'NewConnectionError("HTTPConnection(host='localhost', port=62612): Failed to establish a new connection: [Errno 61] Connection refused")': /session/1F632528-B14A-41B0-ABA6-1E70B32FC838/execute/sync
2026-04-20 09:02:10.175 | WARNING  | urllib3.connectionpool:urlopen:868 - Retrying (Retry(total=0, connect=None, read=None, redirect=None, status=None)) after connection broken by 'NewConnectionError("HTTPConnection(host='localhost', port=62612): Failed to establish a new connection: [Errno 61] Connection refused")': /session/1F632528-B14A-41B0-ABA6-1E70B32FC838/execute/sync
2026-04-20 09:02:10.176 | WARNING  | ui_event.get_url:load_href_save:405 - 处理链接时出错: MaxRetryError, 跳过
2026-04-20 09:02:10.176 | WARNING  | urllib3.connectionpool:urlopen:868 - Retrying (Retry(total=2, connect=None, read=None, redirect=None, status=None)) after connection broken by 'NewConnectionError("HTTPConnection(host='localhost', port=62612): Failed to establish a new connection: [Errno 61] Connection refused")': /session/1F632528-B14A-41B0-ABA6-1E70B32FC838/execute/sync
2026-04-20 09:02:10.177 | WARNING  | urllib3.connectionpool:urlopen:868 - Retrying (Retry(total=1, connect=None, read=None, redirect=None, status=None)) after connection broken by 'NewConnectionError("HTTPConnection(host='localhost', port=62612): Failed to establish a new connection: [Errno 61] Connection refused")': /session/1F632528-B14A-41B0-ABA6-1E70B32FC838/execute/sync
2026-04-20 09:02:10.177 | WARNING  | urllib3.connectionpool:urlopen:868 - Retrying (Retry(total=0, connect=None, read=None, redirect=None, status=None)) after connection broken by 'NewConnectionError("HTTPConnection(host='localhost', port=62612): Failed to establish a new connection: [Errno 61] Connection refused")': /session/1F632528-B14A-41B0-ABA6-1E70B32FC838/execute/sync
2026-04-20 09:02:10.178 | WARNING  | ui_event.get_url:load_href_save:405 - 处理链接时出错: MaxRetryError, 跳过
2026-04-20 09:02:10.178 | WARNING  | urllib3.connectionpool:urlopen:868 - Retrying (Retry(total=2, connect=None, read=None, redirect=None, status=None)) after connection broken by 'NewConnectionError("HTTPConnection(host='localhost', port=62612): Failed to establish a new connection: [Errno 61] Connection refused")': /session/1F632528-B14A-41B0-ABA6-1E70B32FC838/execute/sync
2026-04-20 09:02:10.179 | WARNING  | urllib3.connectionpool:urlopen:868 - Retrying (Retry(total=1, connect=None, read=None, redirect=None, status=None)) after connection broken by 'NewConnectionError("HTTPConnection(host='localhost', port=62612): Failed to establish a new connection: [Errno 61] Connection refused")': /session/1F632528-B14A-41B0-ABA6-1E70B32FC838/execute/sync
2026-04-20 09:02:10.179 | WARNING  | urllib3.connectionpool:urlopen:868 - Retrying (Retry(total=0, connect=None, read=None, redirect=None, status=None)) after connection broken by 'NewConnectionError("HTTPConnection(host='localhost', port=62612): Failed to establish a new connection: [Errno 61] Connection refused")': /session/1F632528-B14A-41B0-ABA6-1E70B32FC838/execute/sync
2026-04-20 09:02:10.179 | WARNING  | ui_event.get_url:load_href_save:405 - 处理链接时出错: MaxRetryError, 跳过
2026-04-20 09:02:10.180 | WARNING  | urllib3.connectionpool:urlopen:868 - Retrying (Retry(total=2, connect=None, read=None, redirect=None, status=None)) after connection broken by 'NewConnectionError("HTTPConnection(host='localhost', port=62612): Failed to establish a new connection: [Errno 61] Connection refused")': /session/1F632528-B14A-41B0-ABA6-1E70B32FC838/execute/sync
2026-04-20 09:02:10.180 | WARNING  | urllib3.connectionpool:urlopen:868 - Retrying (Retry(total=1, connect=None, read=None, redirect=None, status=None)) after connection broken by 'NewConnectionError("HTTPConnection(host='localhost', port=62612): Failed to establish a new connection: [Errno 61] Connection refused")': /session/1F632528-B14A-41B0-ABA6-1E70B32FC838/execute/sync
2026-04-20 09:02:10.181 | WARNING  | urllib3.connectionpool:urlopen:868 - Retrying (Retry(total=0, connect=None, read=None, redirect=None, status=None)) after connection broken by 'NewConnectionError("HTTPConnection(host='localhost', port=62612): Failed to establish a new connection: [Errno 61] Connection refused")': /session/1F632528-B14A-41B0-ABA6-1E70B32FC838/execute/sync
2026-04-20 09:02:10.181 | WARNING  | ui_event.get_url:load_href_save:405 - 处理链接时出错: MaxRetryError, 跳过
2026-04-20 09:02:10.181 | WARNING  | urllib3.connectionpool:urlopen:868 - Retrying (Retry(total=2, connect=None, read=None, redirect=None, status=None)) after connection broken by 'NewConnectionError("HTTPConnection(host='localhost', port=62612): Failed to establish a new connection: [Errno 61] Connection refused")': /session/1F632528-B14A-41B0-ABA6-1E70B32FC838/execute/sync
2026-04-20 09:02:10.182 | WARNING  | urllib3.connectionpool:urlopen:868 - Retrying (Retry(total=1, connect=None, read=None, redirect=None, status=None)) after connection broken by 'NewConnectionError("HTTPConnection(host='localhost', port=62612): Failed to establish a new connection: [Errno 61] Connection refused")': /session/1F632528-B14A-41B0-ABA6-1E70B32FC838/execute/sync
2026-04-20 09:02:10.182 | WARNING  | urllib3.connectionpool:urlopen:868 - Retrying (Retry(total=0, connect=None, read=None, redirect=None, status=None)) after connection broken by 'NewConnectionError("HTTPConnection(host='localhost', port=62612): Failed to establish a new connection: [Errno 61] Connection refused")': /session/1F632528-B14A-41B0-ABA6-1E70B32FC838/execute/sync
2026-04-20 09:02:10.182 | WARNING  | ui_event.get_url:load_href_save:405 - 处理链接时出错: MaxRetryError, 跳过
2026-04-20 09:02:10.183 | WARNING  | urllib3.connectionpool:urlopen:868 - Retrying (Retry(total=2, connect=None, read=None, redirect=None, status=None)) after connection broken by 'NewConnectionError("HTTPConnection(host='localhost', port=62612): Failed to establish a new connection: [Errno 61] Connection refused")': /session/1F632528-B14A-41B0-ABA6-1E70B32FC838/execute/sync
2026-04-20 09:02:10.183 | WARNING  | urllib3.connectionpool:urlopen:868 - Retrying (Retry(total=1, connect=None, read=None, redirect=None, status=None)) after connection broken by 'NewConnectionError("HTTPConnection(host='localhost', port=62612): Failed to establish a new connection: [Errno 61] Connection refused")': /session/1F632528-B14A-41B0-ABA6-1E70B32FC838/execute/sync
2026-04-20 09:02:10.184 | WARNING  | urllib3.connectionpool:urlopen:868 - Retrying (Retry(total=0, connect=None, read=None, redirect=None, status=None)) after connection broken by 'NewConnectionError("HTTPConnection(host='localhost', port=62612): Failed to establish a new connection: [Errno 61] Connection refused")': /session/1F632528-B14A-41B0-ABA6-1E70B32FC838/execute/sync
2026-04-20 09:02:10.184 | WARNING  | ui_event.get_url:load_href_save:405 - 处理链接时出错: MaxRetryError, 跳过
2026-04-20 09:02:10.185 | WARNING  | urllib3.connectionpool:urlopen:868 - Retrying (Retry(total=2, connect=None, read=None, redirect=None, status=None)) after connection broken by 'NewConnectionError("HTTPConnection(host='localhost', port=62612): Failed to establish a new connection: [Errno 61] Connection refused")': /session/1F632528-B14A-41B0-ABA6-1E70B32FC838/execute/sync
2026-04-20 09:02:10.185 | WARNING  | urllib3.connectionpool:urlopen:868 - Retrying (Retry(total=1, connect=None, read=None, redirect=None, status=None)) after connection broken by 'NewConnectionError("HTTPConnection(host='localhost', port=62612): Failed to establish a new connection: [Errno 61] Connection refused")': /session/1F632528-B14A-41B0-ABA6-1E70B32FC838/execute/sync
2026-04-20 09:02:10.185 | WARNING  | urllib3.connectionpool:urlopen:868 - Retrying (Retry(total=0, connect=None, read=None, redirect=None, status=None)) after connection broken by 'NewConnectionError("HTTPConnection(host='localhost', port=62612): Failed to establish a new connection: [Errno 61] Connection refused")': /session/1F632528-B14A-41B0-ABA6-1E70B32FC838/execute/sync
2026-04-20 09:02:10.186 | WARNING  | ui_event.get_url:load_href_save:405 - 处理链接时出错: MaxRetryError, 跳过
2026-04-20 09:02:10.186 | WARNING  | urllib3.connectionpool:urlopen:868 - Retrying (Retry(total=2, connect=None, read=None, redirect=None, status=None)) after connection broken by 'NewConnectionError("HTTPConnection(host='localhost', port=62612): Failed to establish a new connection: [Errno 61] Connection refused")': /session/1F632528-B14A-41B0-ABA6-1E70B32FC838/execute/sync
2026-04-20 09:02:10.186 | WARNING  | urllib3.connectionpool:urlopen:868 - Retrying (Retry(total=1, connect=None, read=None, redirect=None, status=None)) after connection broken by 'NewConnectionError("HTTPConnection(host='localhost', port=62612): Failed to establish a new connection: [Errno 61] Connection refused")': /session/1F632528-B14A-41B0-ABA6-1E70B32FC838/execute/sync
2026-04-20 09:02:10.187 | WARNING  | urllib3.connectionpool:urlopen:868 - Retrying (Retry(total=0, connect=None, read=None, redirect=None, status=None)) after connection broken by 'NewConnectionError("HTTPConnection(host='localhost', port=62612): Failed to establish a new connection: [Errno 61] Connection refused")': /session/1F632528-B14A-41B0-ABA6-1E70B32FC838/execute/sync
2026-04-20 09:02:10.187 | WARNING  | ui_event.get_url:load_href_save:405 - 处理链接时出错: MaxRetryError, 跳过
2026-04-20 09:02:10.188 | WARNING  | urllib3.connectionpool:urlopen:868 - Retrying (Retry(total=2, connect=None, read=None, redirect=None, status=None)) after connection broken by 'NewConnectionError("HTTPConnection(host='localhost', port=62612): Failed to establish a new connection: [Errno 61] Connection refused")': /session/1F632528-B14A-41B0-ABA6-1E70B32FC838/execute/sync
2026-04-20 09:02:10.188 | WARNING  | urllib3.connectionpool:urlopen:868 - Retrying (Retry(total=1, connect=None, read=None, redirect=None, status=None)) after connection broken by 'NewConnectionError("HTTPConnection(host='localhost', port=62612): Failed to establish a new connection: [Errno 61] Connection refused")': /session/1F632528-B14A-41B0-ABA6-1E70B32FC838/execute/sync
2026-04-20 09:02:10.188 | WARNING  | urllib3.connectionpool:urlopen:868 - Retrying (Retry(total=0, connect=None, read=None, redirect=None, status=None)) after connection broken by 'NewConnectionError("HTTPConnection(host='localhost', port=62612): Failed to establish a new connection: [Errno 61] Connection refused")': /session/1F632528-B14A-41B0-ABA6-1E70B32FC838/execute/sync
2026-04-20 09:02:10.189 | WARNING  | ui_event.get_url:load_href_save:405 - 处理链接时出错: MaxRetryError, 跳过
2026-04-20 09:02:10.189 | WARNING  | urllib3.connectionpool:urlopen:868 - Retrying (Retry(total=2, connect=None, read=None, redirect=None, status=None)) after connection broken by 'NewConnectionError("HTTPConnection(host='localhost', port=62612): Failed to establish a new connection: [Errno 61] Connection refused")': /session/1F632528-B14A-41B0-ABA6-1E70B32FC838/execute/sync
2026-04-20 09:02:10.189 | WARNING  | urllib3.connectionpool:urlopen:868 - Retrying (Retry(total=1, connect=None, read=None, redirect=None, status=None)) after connection broken by 'NewConnectionError("HTTPConnection(host='localhost', port=62612): Failed to establish a new connection: [Errno 61] Connection refused")': /session/1F632528-B14A-41B0-ABA6-1E70B32FC838/execute/sync
2026-04-20 09:02:10.190 | WARNING  | urllib3.connectionpool:urlopen:868 - Retrying (Retry(total=0, connect=None, read=None, redirect=None, status=None)) after connection broken by 'NewConnectionError("HTTPConnection(host='localhost', port=62612): Failed to establish a new connection: [Errno 61] Connection refused")': /session/1F632528-B14A-41B0-ABA6-1E70B32FC838/execute/sync
2026-04-20 09:02:10.190 | WARNING  | ui_event.get_url:load_href_save:405 - 处理链接时出错: MaxRetryError, 跳过
2026-04-20 09:02:10.190 | WARNING  | urllib3.connectionpool:urlopen:868 - Retrying (Retry(total=2, connect=None, read=None, redirect=None, status=None)) after connection broken by 'NewConnectionError("HTTPConnection(host='localhost', port=62612): Failed to establish a new connection: [Errno 61] Connection refused")': /session/1F632528-B14A-41B0-ABA6-1E70B32FC838/execute/sync
2026-04-20 09:02:10.191 | WARNING  | urllib3.connectionpool:urlopen:868 - Retrying (Retry(total=1, connect=None, read=None, redirect=None, status=None)) after connection broken by 'NewConnectionError("HTTPConnection(host='localhost', port=62612): Failed to establish a new connection: [Errno 61] Connection refused")': /session/1F632528-B14A-41B0-ABA6-1E70B32FC838/execute/sync
2026-04-20 09:02:10.191 | WARNING  | urllib3.connectionpool:urlopen:868 - Retrying (Retry(total=0, connect=None, read=None, redirect=None, status=None)) after connection broken by 'NewConnectionError("HTTPConnection(host='localhost', port=62612): Failed to establish a new connection: [Errno 61] Connection refused")': /session/1F632528-B14A-41B0-ABA6-1E70B32FC838/execute/sync
2026-04-20 09:02:10.191 | WARNING  | ui_event.get_url:load_href_save:405 - 处理链接时出错: MaxRetryError, 跳过
2026-04-20 09:02:10.192 | WARNING  | urllib3.connectionpool:urlopen:868 - Retrying (Retry(total=2, connect=None, read=None, redirect=None, status=None)) after connection broken by 'NewConnectionError("HTTPConnection(host='localhost', port=62612): Failed to establish a new connection: [Errno 61] Connection refused")': /session/1F632528-B14A-41B0-ABA6-1E70B32FC838/execute/sync
2026-04-20 09:02:10.192 | WARNING  | urllib3.connectionpool:urlopen:868 - Retrying (Retry(total=1, connect=None, read=None, redirect=None, status=None)) after connection broken by 'NewConnectionError("HTTPConnection(host='localhost', port=62612): Failed to establish a new connection: [Errno 61] Connection refused")': /session/1F632528-B14A-41B0-ABA6-1E70B32FC838/execute/sync
2026-04-20 09:02:10.193 | WARNING  | urllib3.connectionpool:urlopen:868 - Retrying (Retry(total=0, connect=None, read=None, redirect=None, status=None)) after connection broken by 'NewConnectionError("HTTPConnection(host='localhost', port=62612): Failed to establish a new connection: [Errno 61] Connection refused")': /session/1F632528-B14A-41B0-ABA6-1E70B32FC838/execute/sync
2026-04-20 09:02:10.193 | WARNING  | ui_event.get_url:load_href_save:405 - 处理链接时出错: MaxRetryError, 跳过
2026-04-20 09:02:10.193 | WARNING  | urllib3.connectionpool:urlopen:868 - Retrying (Retry(total=2, connect=None, read=None, redirect=None, status=None)) after connection broken by 'NewConnectionError("HTTPConnection(host='localhost', port=62612): Failed to establish a new connection: [Errno 61] Connection refused")': /session/1F632528-B14A-41B0-ABA6-1E70B32FC838/execute/sync
2026-04-20 09:02:10.194 | WARNING  | urllib3.connectionpool:urlopen:868 - Retrying (Retry(total=1, connect=None, read=None, redirect=None, status=None)) after connection broken by 'NewConnectionError("HTTPConnection(host='localhost', port=62612): Failed to establish a new connection: [Errno 61] Connection refused")': /session/1F632528-B14A-41B0-ABA6-1E70B32FC838/execute/sync
2026-04-20 09:02:10.194 | WARNING  | urllib3.connectionpool:urlopen:868 - Retrying (Retry(total=0, connect=None, read=None, redirect=None, status=None)) after connection broken by 'NewConnectionError("HTTPConnection(host='localhost', port=62612): Failed to establish a new connection: [Errno 61] Connection refused")': /session/1F632528-B14A-41B0-ABA6-1E70B32FC838/execute/sync
2026-04-20 09:02:10.194 | WARNING  | ui_event.get_url:load_href_save:405 - 处理链接时出错: MaxRetryError, 跳过
2026-04-20 09:02:10.195 | WARNING  | urllib3.connectionpool:urlopen:868 - Retrying (Retry(total=2, connect=None, read=None, redirect=None, status=None)) after connection broken by 'NewConnectionError("HTTPConnection(host='localhost', port=62612): Failed to establish a new connection: [Errno 61] Connection refused")': /session/1F632528-B14A-41B0-ABA6-1E70B32FC838/execute/sync
2026-04-20 09:02:10.195 | WARNING  | urllib3.connectionpool:urlopen:868 - Retrying (Retry(total=1, connect=None, read=None, redirect=None, status=None)) after connection broken by 'NewConnectionError("HTTPConnection(host='localhost', port=62612): Failed to establish a new connection: [Errno 61] Connection refused")': /session/1F632528-B14A-41B0-ABA6-1E70B32FC838/execute/sync
2026-04-20 09:02:10.196 | WARNING  | urllib3.connectionpool:urlopen:868 - Retrying (Retry(total=0, connect=None, read=None, redirect=None, status=None)) after connection broken by 'NewConnectionError("HTTPConnection(host='localhost', port=62612): Failed to establish a new connection: [Errno 61] Connection refused")': /session/1F632528-B14A-41B0-ABA6-1E70B32FC838/execute/sync
2026-04-20 09:02:10.196 | WARNING  | ui_event.get_url:load_href_save:405 - 处理链接时出错: MaxRetryError, 跳过
2026-04-20 09:02:10.196 | WARNING  | urllib3.connectionpool:urlopen:868 - Retrying (Retry(total=2, connect=None, read=None, redirect=None, status=None)) after connection broken by 'NewConnectionError("HTTPConnection(host='localhost', port=62612): Failed to establish a new connection: [Errno 61] Connection refused")': /session/1F632528-B14A-41B0-ABA6-1E70B32FC838/execute/sync
2026-04-20 09:02:10.197 | WARNING  | urllib3.connectionpool:urlopen:868 - Retrying (Retry(total=1, connect=None, read=None, redirect=None, status=None)) after connection broken by 'NewConnectionError("HTTPConnection(host='localhost', port=62612): Failed to establish a new connection: [Errno 61] Connection refused")': /session/1F632528-B14A-41B0-ABA6-1E70B32FC838/execute/sync
2026-04-20 09:02:10.197 | WARNING  | urllib3.connectionpool:urlopen:868 - Retrying (Retry(total=0, connect=None, read=None, redirect=None, status=None)) after connection broken by 'NewConnectionError("HTTPConnection(host='localhost', port=62612): Failed to establish a new connection: [Errno 61] Connection refused")': /session/1F632528-B14A-41B0-ABA6-1E70B32FC838/execute/sync
2026-04-20 09:02:10.197 | WARNING  | ui_event.get_url:load_href_save:405 - 处理链接时出错: MaxRetryError, 跳过
2026-04-20 09:02:10.198 | WARNING  | urllib3.connectionpool:urlopen:868 - Retrying (Retry(total=2, connect=None, read=None, redirect=None, status=None)) after connection broken by 'NewConnectionError("HTTPConnection(host='localhost', port=62612): Failed to establish a new connection: [Errno 61] Connection refused")': /session/1F632528-B14A-41B0-ABA6-1E70B32FC838/execute/sync
2026-04-20 09:02:10.198 | WARNING  | urllib3.connectionpool:urlopen:868 - Retrying (Retry(total=1, connect=None, read=None, redirect=None, status=None)) after connection broken by 'NewConnectionError("HTTPConnection(host='localhost', port=62612): Failed to establish a new connection: [Errno 61] Connection refused")': /session/1F632528-B14A-41B0-ABA6-1E70B32FC838/execute/sync
2026-04-20 09:02:10.198 | WARNING  | urllib3.connectionpool:urlopen:868 - Retrying (Retry(total=0, connect=None, read=None, redirect=None, status=None)) after connection broken by 'NewConnectionError("HTTPConnection(host='localhost', port=62612): Failed to establish a new connection: [Errno 61] Connection refused")': /session/1F632528-B14A-41B0-ABA6-1E70B32FC838/execute/sync
2026-04-20 09:02:10.199 | WARNING  | ui_event.get_url:load_href_save:405 - 处理链接时出错: MaxRetryError, 跳过
2026-04-20 09:02:10.199 | WARNING  | urllib3.connectionpool:urlopen:868 - Retrying (Retry(total=2, connect=None, read=None, redirect=None, status=None)) after connection broken by 'NewConnectionError("HTTPConnection(host='localhost', port=62612): Failed to establish a new connection: [Errno 61] Connection refused")': /session/1F632528-B14A-41B0-ABA6-1E70B32FC838/execute/sync
2026-04-20 09:02:10.200 | WARNING  | urllib3.connectionpool:urlopen:868 - Retrying (Retry(total=1, connect=None, read=None, redirect=None, status=None)) after connection broken by 'NewConnectionError("HTTPConnection(host='localhost', port=62612): Failed to establish a new connection: [Errno 61] Connection refused")': /session/1F632528-B14A-41B0-ABA6-1E70B32FC838/execute/sync
2026-04-20 09:02:10.200 | WARNING  | urllib3.connectionpool:urlopen:868 - Retrying (Retry(total=0, connect=None, read=None, redirect=None, status=None)) after connection broken by 'NewConnectionError("HTTPConnection(host='localhost', port=62612): Failed to establish a new connection: [Errno 61] Connection refused")': /session/1F632528-B14A-41B0-ABA6-1E70B32FC838/execute/sync
2026-04-20 09:02:10.201 | WARNING  | ui_event.get_url:load_href_save:405 - 处理链接时出错: MaxRetryError, 跳过
2026-04-20 09:02:10.202 | WARNING  | urllib3.connectionpool:urlopen:868 - Retrying (Retry(total=2, connect=None, read=None, redirect=None, status=None)) after connection broken by 'NewConnectionError("HTTPConnection(host='localhost', port=62612): Failed to establish a new connection: [Errno 61] Connection refused")': /session/1F632528-B14A-41B0-ABA6-1E70B32FC838/execute/sync
2026-04-20 09:02:10.202 | WARNING  | urllib3.connectionpool:urlopen:868 - Retrying (Retry(total=1, connect=None, read=None, redirect=None, status=None)) after connection broken by 'NewConnectionError("HTTPConnection(host='localhost', port=62612): Failed to establish a new connection: [Errno 61] Connection refused")': /session/1F632528-B14A-41B0-ABA6-1E70B32FC838/execute/sync
2026-04-20 09:02:10.202 | WARNING  | urllib3.connectionpool:urlopen:868 - Retrying (Retry(total=0, connect=None, read=None, redirect=None, status=None)) after connection broken by 'NewConnectionError("HTTPConnection(host='localhost', port=62612): Failed to establish a new connection: [Errno 61] Connection refused")': /session/1F632528-B14A-41B0-ABA6-1E70B32FC838/execute/sync
2026-04-20 09:02:10.203 | WARNING  | ui_event.get_url:load_href_save:405 - 处理链接时出错: MaxRetryError, 跳过
2026-04-20 09:02:10.203 | WARNING  | urllib3.connectionpool:urlopen:868 - Retrying (Retry(total=2, connect=None, read=None, redirect=None, status=None)) after connection broken by 'NewConnectionError("HTTPConnection(host='localhost', port=62612): Failed to establish a new connection: [Errno 61] Connection refused")': /session/1F632528-B14A-41B0-ABA6-1E70B32FC838/execute/sync
2026-04-20 09:02:10.203 | WARNING  | urllib3.connectionpool:urlopen:868 - Retrying (Retry(total=1, connect=None, read=None, redirect=None, status=None)) after connection broken by 'NewConnectionError("HTTPConnection(host='localhost', port=62612): Failed to establish a new connection: [Errno 61] Connection refused")': /session/1F632528-B14A-41B0-ABA6-1E70B32FC838/execute/sync
2026-04-20 09:02:10.203 | WARNING  | urllib3.connectionpool:urlopen:868 - Retrying (Retry(total=0, connect=None, read=None, redirect=None, status=None)) after connection broken by 'NewConnectionError("HTTPConnection(host='localhost', port=62612): Failed to establish a new connection: [Errno 61] Connection refused")': /session/1F632528-B14A-41B0-ABA6-1E70B32FC838/execute/sync
2026-04-20 09:02:10.204 | WARNING  | ui_event.get_url:load_href_save:405 - 处理链接时出错: MaxRetryError, 跳过
2026-04-20 09:02:10.204 | WARNING  | urllib3.connectionpool:urlopen:868 - Retrying (Retry(total=2, connect=None, read=None, redirect=None, status=None)) after connection broken by 'NewConnectionError("HTTPConnection(host='localhost', port=62612): Failed to establish a new connection: [Errno 61] Connection refused")': /session/1F632528-B14A-41B0-ABA6-1E70B32FC838/execute/sync
2026-04-20 09:02:10.204 | WARNING  | urllib3.connectionpool:urlopen:868 - Retrying (Retry(total=1, connect=None, read=None, redirect=None, status=None)) after connection broken by 'NewConnectionError("HTTPConnection(host='localhost', port=62612): Failed to establish a new connection: [Errno 61] Connection refused")': /session/1F632528-B14A-41B0-ABA6-1E70B32FC838/execute/sync
2026-04-20 09:02:10.205 | WARNING  | urllib3.connectionpool:urlopen:868 - Retrying (Retry(total=0, connect=None, read=None, redirect=None, status=None)) after connection broken by 'NewConnectionError("HTTPConnection(host='localhost', port=62612): Failed to establish a new connection: [Errno 61] Connection refused")': /session/1F632528-B14A-41B0-ABA6-1E70B32FC838/execute/sync
2026-04-20 09:02:10.205 | WARNING  | ui_event.get_url:load_href_save:405 - 处理链接时出错: MaxRetryError, 跳过
2026-04-20 09:02:10.205 | WARNING  | urllib3.connectionpool:urlopen:868 - Retrying (Retry(total=2, connect=None, read=None, redirect=None, status=None)) after connection broken by 'NewConnectionError("HTTPConnection(host='localhost', port=62612): Failed to establish a new connection: [Errno 61] Connection refused")': /session/1F632528-B14A-41B0-ABA6-1E70B32FC838/execute/sync
2026-04-20 09:02:10.206 | WARNING  | urllib3.connectionpool:urlopen:868 - Retrying (Retry(total=1, connect=None, read=None, redirect=None, status=None)) after connection broken by 'NewConnectionError("HTTPConnection(host='localhost', port=62612): Failed to establish a new connection: [Errno 61] Connection refused")': /session/1F632528-B14A-41B0-ABA6-1E70B32FC838/execute/sync
2026-04-20 09:02:10.206 | WARNING  | urllib3.connectionpool:urlopen:868 - Retrying (Retry(total=0, connect=None, read=None, redirect=None, status=None)) after connection broken by 'NewConnectionError("HTTPConnection(host='localhost', port=62612): Failed to establish a new connection: [Errno 61] Connection refused")': /session/1F632528-B14A-41B0-ABA6-1E70B32FC838/execute/sync
2026-04-20 09:02:10.206 | WARNING  | ui_event.get_url:load_href_save:405 - 处理链接时出错: MaxRetryError, 跳过
2026-04-20 09:02:10.207 | WARNING  | urllib3.connectionpool:urlopen:868 - Retrying (Retry(total=2, connect=None, read=None, redirect=None, status=None)) after connection broken by 'NewConnectionError("HTTPConnection(host='localhost', port=62612): Failed to establish a new connection: [Errno 61] Connection refused")': /session/1F632528-B14A-41B0-ABA6-1E70B32FC838/execute/sync
2026-04-20 09:02:10.207 | WARNING  | urllib3.connectionpool:urlopen:868 - Retrying (Retry(total=1, connect=None, read=None, redirect=None, status=None)) after connection broken by 'NewConnectionError("HTTPConnection(host='localhost', port=62612): Failed to establish a new connection: [Errno 61] Connection refused")': /session/1F632528-B14A-41B0-ABA6-1E70B32FC838/execute/sync
2026-04-20 09:02:10.207 | WARNING  | urllib3.connectionpool:urlopen:868 - Retrying (Retry(total=0, connect=None, read=None, redirect=None, status=None)) after connection broken by 'NewConnectionError("HTTPConnection(host='localhost', port=62612): Failed to establish a new connection: [Errno 61] Connection refused")': /session/1F632528-B14A-41B0-ABA6-1E70B32FC838/execute/sync
2026-04-20 09:02:10.207 | WARNING  | ui_event.get_url:load_href_save:405 - 处理链接时出错: MaxRetryError, 跳过
2026-04-20 09:02:10.208 | WARNING  | urllib3.connectionpool:urlopen:868 - Retrying (Retry(total=2, connect=None, read=None, redirect=None, status=None)) after connection broken by 'NewConnectionError("HTTPConnection(host='localhost', port=62612): Failed to establish a new connection: [Errno 61] Connection refused")': /session/1F632528-B14A-41B0-ABA6-1E70B32FC838/execute/sync
2026-04-20 09:02:10.208 | WARNING  | urllib3.connectionpool:urlopen:868 - Retrying (Retry(total=1, connect=None, read=None, redirect=None, status=None)) after connection broken by 'NewConnectionError("HTTPConnection(host='localhost', port=62612): Failed to establish a new connection: [Errno 61] Connection refused")': /session/1F632528-B14A-41B0-ABA6-1E70B32FC838/execute/sync
2026-04-20 09:02:10.208 | WARNING  | urllib3.connectionpool:urlopen:868 - Retrying (Retry(total=0, connect=None, read=None, redirect=None, status=None)) after connection broken by 'NewConnectionError("HTTPConnection(host='localhost', port=62612): Failed to establish a new connection: [Errno 61] Connection refused")': /session/1F632528-B14A-41B0-ABA6-1E70B32FC838/execute/sync
2026-04-20 09:02:10.209 | WARNING  | ui_event.get_url:load_href_save:405 - 处理链接时出错: MaxRetryError, 跳过
2026-04-20 09:02:10.209 | WARNING  | urllib3.connectionpool:urlopen:868 - Retrying (Retry(total=2, connect=None, read=None, redirect=None, status=None)) after connection broken by 'NewConnectionError("HTTPConnection(host='localhost', port=62612): Failed to establish a new connection: [Errno 61] Connection refused")': /session/1F632528-B14A-41B0-ABA6-1E70B32FC838/execute/sync
2026-04-20 09:02:10.209 | WARNING  | urllib3.connectionpool:urlopen:868 - Retrying (Retry(total=1, connect=None, read=None, redirect=None, status=None)) after connection broken by 'NewConnectionError("HTTPConnection(host='localhost', port=62612): Failed to establish a new connection: [Errno 61] Connection refused")': /session/1F632528-B14A-41B0-ABA6-1E70B32FC838/execute/sync
2026-04-20 09:02:10.210 | WARNING  | urllib3.connectionpool:urlopen:868 - Retrying (Retry(total=0, connect=None, read=None, redirect=None, status=None)) after connection broken by 'NewConnectionError("HTTPConnection(host='localhost', port=62612): Failed to establish a new connection: [Errno 61] Connection refused")': /session/1F632528-B14A-41B0-ABA6-1E70B32FC838/execute/sync
2026-04-20 09:02:10.210 | WARNING  | ui_event.get_url:load_href_save:405 - 处理链接时出错: MaxRetryError, 跳过
2026-04-20 09:02:10.210 | WARNING  | urllib3.connectionpool:urlopen:868 - Retrying (Retry(total=2, connect=None, read=None, redirect=None, status=None)) after connection broken by 'NewConnectionError("HTTPConnection(host='localhost', port=62612): Failed to establish a new connection: [Errno 61] Connection refused")': /session/1F632528-B14A-41B0-ABA6-1E70B32FC838/execute/sync
2026-04-20 09:02:10.211 | WARNING  | urllib3.connectionpool:urlopen:868 - Retrying (Retry(total=1, connect=None, read=None, redirect=None, status=None)) after connection broken by 'NewConnectionError("HTTPConnection(host='localhost', port=62612): Failed to establish a new connection: [Errno 61] Connection refused")': /session/1F632528-B14A-41B0-ABA6-1E70B32FC838/execute/sync
2026-04-20 09:02:10.211 | WARNING  | urllib3.connectionpool:urlopen:868 - Retrying (Retry(total=0, connect=None, read=None, redirect=None, status=None)) after connection broken by 'NewConnectionError("HTTPConnection(host='localhost', port=62612): Failed to establish a new connection: [Errno 61] Connection refused")': /session/1F632528-B14A-41B0-ABA6-1E70B32FC838/execute/sync
2026-04-20 09:02:10.211 | WARNING  | ui_event.get_url:load_href_save:405 - 处理链接时出错: MaxRetryError, 跳过
2026-04-20 09:02:10.211 | WARNING  | urllib3.connectionpool:urlopen:868 - Retrying (Retry(total=2, connect=None, read=None, redirect=None, status=None)) after connection broken by 'NewConnectionError("HTTPConnection(host='localhost', port=62612): Failed to establish a new connection: [Errno 61] Connection refused")': /session/1F632528-B14A-41B0-ABA6-1E70B32FC838/execute/sync
2026-04-20 09:02:10.212 | WARNING  | urllib3.connectionpool:urlopen:868 - Retrying (Retry(total=1, connect=None, read=None, redirect=None, status=None)) after connection broken by 'NewConnectionError("HTTPConnection(host='localhost', port=62612): Failed to establish a new connection: [Errno 61] Connection refused")': /session/1F632528-B14A-41B0-ABA6-1E70B32FC838/execute/sync
2026-04-20 09:02:10.212 | WARNING  | urllib3.connectionpool:urlopen:868 - Retrying (Retry(total=0, connect=None, read=None, redirect=None, status=None)) after connection broken by 'NewConnectionError("HTTPConnection(host='localhost', port=62612): Failed to establish a new connection: [Errno 61] Connection refused")': /session/1F632528-B14A-41B0-ABA6-1E70B32FC838/execute/sync
2026-04-20 09:02:10.212 | WARNING  | ui_event.get_url:load_href_save:405 - 处理链接时出错: MaxRetryError, 跳过
2026-04-20 09:02:10.213 | WARNING  | urllib3.connectionpool:urlopen:868 - Retrying (Retry(total=2, connect=None, read=None, redirect=None, status=None)) after connection broken by 'NewConnectionError("HTTPConnection(host='localhost', port=62612): Failed to establish a new connection: [Errno 61] Connection refused")': /session/1F632528-B14A-41B0-ABA6-1E70B32FC838/execute/sync
2026-04-20 09:02:10.213 | WARNING  | urllib3.connectionpool:urlopen:868 - Retrying (Retry(total=1, connect=None, read=None, redirect=None, status=None)) after connection broken by 'NewConnectionError("HTTPConnection(host='localhost', port=62612): Failed to establish a new connection: [Errno 61] Connection refused")': /session/1F632528-B14A-41B0-ABA6-1E70B32FC838/execute/sync
2026-04-20 09:02:10.213 | WARNING  | urllib3.connectionpool:urlopen:868 - Retrying (Retry(total=0, connect=None, read=None, redirect=None, status=None)) after connection broken by 'NewConnectionError("HTTPConnection(host='localhost', port=62612): Failed to establish a new connection: [Errno 61] Connection refused")': /session/1F632528-B14A-41B0-ABA6-1E70B32FC838/execute/sync
2026-04-20 09:02:10.214 | WARNING  | ui_event.get_url:load_href_save:405 - 处理链接时出错: MaxRetryError, 跳过
2026-04-20 09:02:10.214 | WARNING  | urllib3.connectionpool:urlopen:868 - Retrying (Retry(total=2, connect=None, read=None, redirect=None, status=None)) after connection broken by 'NewConnectionError("HTTPConnection(host='localhost', port=62612): Failed to establish a new connection: [Errno 61] Connection refused")': /session/1F632528-B14A-41B0-ABA6-1E70B32FC838/execute/sync
2026-04-20 09:02:10.215 | WARNING  | urllib3.connectionpool:urlopen:868 - Retrying (Retry(total=1, connect=None, read=None, redirect=None, status=None)) after connection broken by 'NewConnectionError("HTTPConnection(host='localhost', port=62612): Failed to establish a new connection: [Errno 61] Connection refused")': /session/1F632528-B14A-41B0-ABA6-1E70B32FC838/execute/sync
2026-04-20 09:02:10.215 | WARNING  | urllib3.connectionpool:urlopen:868 - Retrying (Retry(total=0, connect=None, read=None, redirect=None, status=None)) after connection broken by 'NewConnectionError("HTTPConnection(host='localhost', port=62612): Failed to establish a new connection: [Errno 61] Connection refused")': /session/1F632528-B14A-41B0-ABA6-1E70B32FC838/execute/sync
2026-04-20 09:02:10.215 | WARNING  | ui_event.get_url:load_href_save:405 - 处理链接时出错: MaxRetryError, 跳过
2026-04-20 09:02:10.216 | WARNING  | urllib3.connectionpool:urlopen:868 - Retrying (Retry(total=2, connect=None, read=None, redirect=None, status=None)) after connection broken by 'NewConnectionError("HTTPConnection(host='localhost', port=62612): Failed to establish a new connection: [Errno 61] Connection refused")': /session/1F632528-B14A-41B0-ABA6-1E70B32FC838/execute/sync
2026-04-20 09:02:10.216 | WARNING  | urllib3.connectionpool:urlopen:868 - Retrying (Retry(total=1, connect=None, read=None, redirect=None, status=None)) after connection broken by 'NewConnectionError("HTTPConnection(host='localhost', port=62612): Failed to establish a new connection: [Errno 61] Connection refused")': /session/1F632528-B14A-41B0-ABA6-1E70B32FC838/execute/sync
2026-04-20 09:02:10.216 | WARNING  | urllib3.connectionpool:urlopen:868 - Retrying (Retry(total=0, connect=None, read=None, redirect=None, status=None)) after connection broken by 'NewConnectionError("HTTPConnection(host='localhost', port=62612): Failed to establish a new connection: [Errno 61] Connection refused")': /session/1F632528-B14A-41B0-ABA6-1E70B32FC838/execute/sync
2026-04-20 09:02:10.217 | WARNING  | ui_event.get_url:load_href_save:405 - 处理链接时出错: MaxRetryError, 跳过
2026-04-20 09:02:10.217 | WARNING  | urllib3.connectionpool:urlopen:868 - Retrying (Retry(total=2, connect=None, read=None, redirect=None, status=None)) after connection broken by 'NewConnectionError("HTTPConnection(host='localhost', port=62612): Failed to establish a new connection: [Errno 61] Connection refused")': /session/1F632528-B14A-41B0-ABA6-1E70B32FC838/execute/sync
2026-04-20 09:02:10.218 | WARNING  | urllib3.connectionpool:urlopen:868 - Retrying (Retry(total=1, connect=None, read=None, redirect=None, status=None)) after connection broken by 'NewConnectionError("HTTPConnection(host='localhost', port=62612): Failed to establish a new connection: [Errno 61] Connection refused")': /session/1F632528-B14A-41B0-ABA6-1E70B32FC838/execute/sync
2026-04-20 09:02:10.218 | WARNING  | urllib3.connectionpool:urlopen:868 - Retrying (Retry(total=0, connect=None, read=None, redirect=None, status=None)) after connection broken by 'NewConnectionError("HTTPConnection(host='localhost', port=62612): Failed to establish a new connection: [Errno 61] Connection refused")': /session/1F632528-B14A-41B0-ABA6-1E70B32FC838/execute/sync
2026-04-20 09:02:10.218 | WARNING  | ui_event.get_url:load_href_save:405 - 处理链接时出错: MaxRetryError, 跳过
2026-04-20 09:02:10.219 | WARNING  | urllib3.connectionpool:urlopen:868 - Retrying (Retry(total=2, connect=None, read=None, redirect=None, status=None)) after connection broken by 'NewConnectionError("HTTPConnection(host='localhost', port=62612): Failed to establish a new connection: [Errno 61] Connection refused")': /session/1F632528-B14A-41B0-ABA6-1E70B32FC838/execute/sync
2026-04-20 09:02:10.219 | WARNING  | urllib3.connectionpool:urlopen:868 - Retrying (Retry(total=1, connect=None, read=None, redirect=None, status=None)) after connection broken by 'NewConnectionError("HTTPConnection(host='localhost', port=62612): Failed to establish a new connection: [Errno 61] Connection refused")': /session/1F632528-B14A-41B0-ABA6-1E70B32FC838/execute/sync
2026-04-20 09:02:10.219 | WARNING  | urllib3.connectionpool:urlopen:868 - Retrying (Retry(total=0, connect=None, read=None, redirect=None, status=None)) after connection broken by 'NewConnectionError("HTTPConnection(host='localhost', port=62612): Failed to establish a new connection: [Errno 61] Connection refused")': /session/1F632528-B14A-41B0-ABA6-1E70B32FC838/execute/sync
2026-04-20 09:02:10.220 | WARNING  | ui_event.get_url:load_href_save:405 - 处理链接时出错: MaxRetryError, 跳过
2026-04-20 09:02:10.220 | WARNING  | urllib3.connectionpool:urlopen:868 - Retrying (Retry(total=2, connect=None, read=None, redirect=None, status=None)) after connection broken by 'NewConnectionError("HTTPConnection(host='localhost', port=62612): Failed to establish a new connection: [Errno 61] Connection refused")': /session/1F632528-B14A-41B0-ABA6-1E70B32FC838/execute/sync
2026-04-20 09:02:10.220 | WARNING  | urllib3.connectionpool:urlopen:868 - Retrying (Retry(total=1, connect=None, read=None, redirect=None, status=None)) after connection broken by 'NewConnectionError("HTTPConnection(host='localhost', port=62612): Failed to establish a new connection: [Errno 61] Connection refused")': /session/1F632528-B14A-41B0-ABA6-1E70B32FC838/execute/sync
2026-04-20 09:02:10.221 | WARNING  | urllib3.connectionpool:urlopen:868 - Retrying (Retry(total=0, connect=None, read=None, redirect=None, status=None)) after connection broken by 'NewConnectionError("HTTPConnection(host='localhost', port=62612): Failed to establish a new connection: [Errno 61] Connection refused")': /session/1F632528-B14A-41B0-ABA6-1E70B32FC838/execute/sync
2026-04-20 09:02:10.221 | WARNING  | ui_event.get_url:load_href_save:405 - 处理链接时出错: MaxRetryError, 跳过
2026-04-20 09:02:10.221 | WARNING  | urllib3.connectionpool:urlopen:868 - Retrying (Retry(total=2, connect=None, read=None, redirect=None, status=None)) after connection broken by 'NewConnectionError("HTTPConnection(host='localhost', port=62612): Failed to establish a new connection: [Errno 61] Connection refused")': /session/1F632528-B14A-41B0-ABA6-1E70B32FC838/execute/sync
2026-04-20 09:02:10.222 | WARNING  | urllib3.connectionpool:urlopen:868 - Retrying (Retry(total=1, connect=None, read=None, redirect=None, status=None)) after connection broken by 'NewConnectionError("HTTPConnection(host='localhost', port=62612): Failed to establish a new connection: [Errno 61] Connection refused")': /session/1F632528-B14A-41B0-ABA6-1E70B32FC838/execute/sync
2026-04-20 09:02:10.222 | WARNING  | urllib3.connectionpool:urlopen:868 - Retrying (Retry(total=0, connect=None, read=None, redirect=None, status=None)) after connection broken by 'NewConnectionError("HTTPConnection(host='localhost', port=62612): Failed to establish a new connection: [Errno 61] Connection refused")': /session/1F632528-B14A-41B0-ABA6-1E70B32FC838/execute/sync
2026-04-20 09:02:10.222 | WARNING  | ui_event.get_url:load_href_save:405 - 处理链接时出错: MaxRetryError, 跳过
2026-04-20 09:02:10.223 | WARNING  | urllib3.connectionpool:urlopen:868 - Retrying (Retry(total=2, connect=None, read=None, redirect=None, status=None)) after connection broken by 'NewConnectionError("HTTPConnection(host='localhost', port=62612): Failed to establish a new connection: [Errno 61] Connection refused")': /session/1F632528-B14A-41B0-ABA6-1E70B32FC838/execute/sync
2026-04-20 09:02:10.223 | WARNING  | urllib3.connectionpool:urlopen:868 - Retrying (Retry(total=1, connect=None, read=None, redirect=None, status=None)) after connection broken by 'NewConnectionError("HTTPConnection(host='localhost', port=62612): Failed to establish a new connection: [Errno 61] Connection refused")': /session/1F632528-B14A-41B0-ABA6-1E70B32FC838/execute/sync
2026-04-20 09:02:10.223 | WARNING  | urllib3.connectionpool:urlopen:868 - Retrying (Retry(total=0, connect=None, read=None, redirect=None, status=None)) after connection broken by 'NewConnectionError("HTTPConnection(host='localhost', port=62612): Failed to establish a new connection: [Errno 61] Connection refused")': /session/1F632528-B14A-41B0-ABA6-1E70B32FC838/execute/sync
2026-04-20 09:02:10.224 | WARNING  | ui_event.get_url:load_href_save:405 - 处理链接时出错: MaxRetryError, 跳过
2026-04-20 09:02:10.224 | WARNING  | urllib3.connectionpool:urlopen:868 - Retrying (Retry(total=2, connect=None, read=None, redirect=None, status=None)) after connection broken by 'NewConnectionError("HTTPConnection(host='localhost', port=62612): Failed to establish a new connection: [Errno 61] Connection refused")': /session/1F632528-B14A-41B0-ABA6-1E70B32FC838/execute/sync
2026-04-20 09:02:10.224 | WARNING  | urllib3.connectionpool:urlopen:868 - Retrying (Retry(total=1, connect=None, read=None, redirect=None, status=None)) after connection broken by 'NewConnectionError("HTTPConnection(host='localhost', port=62612): Failed to establish a new connection: [Errno 61] Connection refused")': /session/1F632528-B14A-41B0-ABA6-1E70B32FC838/execute/sync
2026-04-20 09:02:10.225 | WARNING  | urllib3.connectionpool:urlopen:868 - Retrying (Retry(total=0, connect=None, read=None, redirect=None, status=None)) after connection broken by 'NewConnectionError("HTTPConnection(host='localhost', port=62612): Failed to establish a new connection: [Errno 61] Connection refused")': /session/1F632528-B14A-41B0-ABA6-1E70B32FC838/execute/sync
2026-04-20 09:02:10.225 | WARNING  | ui_event.get_url:load_href_save:405 - 处理链接时出错: MaxRetryError, 跳过
2026-04-20 09:02:10.225 | WARNING  | urllib3.connectionpool:urlopen:868 - Retrying (Retry(total=2, connect=None, read=None, redirect=None, status=None)) after connection broken by 'NewConnectionError("HTTPConnection(host='localhost', port=62612): Failed to establish a new connection: [Errno 61] Connection refused")': /session/1F632528-B14A-41B0-ABA6-1E70B32FC838/execute/sync
2026-04-20 09:02:10.226 | WARNING  | urllib3.connectionpool:urlopen:868 - Retrying (Retry(total=1, connect=None, read=None, redirect=None, status=None)) after connection broken by 'NewConnectionError("HTTPConnection(host='localhost', port=62612): Failed to establish a new connection: [Errno 61] Connection refused")': /session/1F632528-B14A-41B0-ABA6-1E70B32FC838/execute/sync
2026-04-20 09:02:10.226 | WARNING  | urllib3.connectionpool:urlopen:868 - Retrying (Retry(total=0, connect=None, read=None, redirect=None, status=None)) after connection broken by 'NewConnectionError("HTTPConnection(host='localhost', port=62612): Failed to establish a new connection: [Errno 61] Connection refused")': /session/1F632528-B14A-41B0-ABA6-1E70B32FC838/execute/sync
2026-04-20 09:02:10.226 | WARNING  | ui_event.get_url:load_href_save:405 - 处理链接时出错: MaxRetryError, 跳过
2026-04-20 09:02:10.227 | WARNING  | urllib3.connectionpool:urlopen:868 - Retrying (Retry(total=2, connect=None, read=None, redirect=None, status=None)) after connection broken by 'NewConnectionError("HTTPConnection(host='localhost', port=62612): Failed to establish a new connection: [Errno 61] Connection refused")': /session/1F632528-B14A-41B0-ABA6-1E70B32FC838/execute/sync
2026-04-20 09:02:10.227 | WARNING  | urllib3.connectionpool:urlopen:868 - Retrying (Retry(total=1, connect=None, read=None, redirect=None, status=None)) after connection broken by 'NewConnectionError("HTTPConnection(host='localhost', port=62612): Failed to establish a new connection: [Errno 61] Connection refused")': /session/1F632528-B14A-41B0-ABA6-1E70B32FC838/execute/sync
2026-04-20 09:02:10.227 | WARNING  | urllib3.connectionpool:urlopen:868 - Retrying (Retry(total=0, connect=None, read=None, redirect=None, status=None)) after connection broken by 'NewConnectionError("HTTPConnection(host='localhost', port=62612): Failed to establish a new connection: [Errno 61] Connection refused")': /session/1F632528-B14A-41B0-ABA6-1E70B32FC838/execute/sync
2026-04-20 09:02:10.228 | WARNING  | ui_event.get_url:load_href_save:405 - 处理链接时出错: MaxRetryError, 跳过
2026-04-20 09:02:10.228 | WARNING  | urllib3.connectionpool:urlopen:868 - Retrying (Retry(total=2, connect=None, read=None, redirect=None, status=None)) after connection broken by 'NewConnectionError("HTTPConnection(host='localhost', port=62612): Failed to establish a new connection: [Errno 61] Connection refused")': /session/1F632528-B14A-41B0-ABA6-1E70B32FC838/execute/sync
2026-04-20 09:02:10.228 | WARNING  | urllib3.connectionpool:urlopen:868 - Retrying (Retry(total=1, connect=None, read=None, redirect=None, status=None)) after connection broken by 'NewConnectionError("HTTPConnection(host='localhost', port=62612): Failed to establish a new connection: [Errno 61] Connection refused")': /session/1F632528-B14A-41B0-ABA6-1E70B32FC838/execute/sync
2026-04-20 09:02:10.229 | WARNING  | urllib3.connectionpool:urlopen:868 - Retrying (Retry(total=0, connect=None, read=None, redirect=None, status=None)) after connection broken by 'NewConnectionError("HTTPConnection(host='localhost', port=62612): Failed to establish a new connection: [Errno 61] Connection refused")': /session/1F632528-B14A-41B0-ABA6-1E70B32FC838/execute/sync
2026-04-20 09:02:10.229 | WARNING  | ui_event.get_url:load_href_save:405 - 处理链接时出错: MaxRetryError, 跳过
2026-04-20 09:02:10.229 | WARNING  | urllib3.connectionpool:urlopen:868 - Retrying (Retry(total=2, connect=None, read=None, redirect=None, status=None)) after connection broken by 'NewConnectionError("HTTPConnection(host='localhost', port=62612): Failed to establish a new connection: [Errno 61] Connection refused")': /session/1F632528-B14A-41B0-ABA6-1E70B32FC838/execute/sync
2026-04-20 09:02:10.230 | WARNING  | urllib3.connectionpool:urlopen:868 - Retrying (Retry(total=1, connect=None, read=None, redirect=None, status=None)) after connection broken by 'NewConnectionError("HTTPConnection(host='localhost', port=62612): Failed to establish a new connection: [Errno 61] Connection refused")': /session/1F632528-B14A-41B0-ABA6-1E70B32FC838/execute/sync
2026-04-20 09:02:10.230 | WARNING  | urllib3.connectionpool:urlopen:868 - Retrying (Retry(total=0, connect=None, read=None, redirect=None, status=None)) after connection broken by 'NewConnectionError("HTTPConnection(host='localhost', port=62612): Failed to establish a new connection: [Errno 61] Connection refused")': /session/1F632528-B14A-41B0-ABA6-1E70B32FC838/execute/sync
2026-04-20 09:02:10.230 | WARNING  | ui_event.get_url:load_href_save:405 - 处理链接时出错: MaxRetryError, 跳过
2026-04-20 09:02:10.231 | WARNING  | urllib3.connectionpool:urlopen:868 - Retrying (Retry(total=2, connect=None, read=None, redirect=None, status=None)) after connection broken by 'NewConnectionError("HTTPConnection(host='localhost', port=62612): Failed to establish a new connection: [Errno 61] Connection refused")': /session/1F632528-B14A-41B0-ABA6-1E70B32FC838/execute/sync
2026-04-20 09:02:10.231 | WARNING  | urllib3.connectionpool:urlopen:868 - Retrying (Retry(total=1, connect=None, read=None, redirect=None, status=None)) after connection broken by 'NewConnectionError("HTTPConnection(host='localhost', port=62612): Failed to establish a new connection: [Errno 61] Connection refused")': /session/1F632528-B14A-41B0-ABA6-1E70B32FC838/execute/sync
2026-04-20 09:02:10.231 | WARNING  | urllib3.connectionpool:urlopen:868 - Retrying (Retry(total=0, connect=None, read=None, redirect=None, status=None)) after connection broken by 'NewConnectionError("HTTPConnection(host='localhost', port=62612): Failed to establish a new connection: [Errno 61] Connection refused")': /session/1F632528-B14A-41B0-ABA6-1E70B32FC838/execute/sync
2026-04-20 09:02:10.232 | WARNING  | ui_event.get_url:load_href_save:405 - 处理链接时出错: MaxRetryError, 跳过
2026-04-20 09:02:10.232 | WARNING  | urllib3.connectionpool:urlopen:868 - Retrying (Retry(total=2, connect=None, read=None, redirect=None, status=None)) after connection broken by 'NewConnectionError("HTTPConnection(host='localhost', port=62612): Failed to establish a new connection: [Errno 61] Connection refused")': /session/1F632528-B14A-41B0-ABA6-1E70B32FC838/execute/sync
2026-04-20 09:02:10.232 | WARNING  | urllib3.connectionpool:urlopen:868 - Retrying (Retry(total=1, connect=None, read=None, redirect=None, status=None)) after connection broken by 'NewConnectionError("HTTPConnection(host='localhost', port=62612): Failed to establish a new connection: [Errno 61] Connection refused")': /session/1F632528-B14A-41B0-ABA6-1E70B32FC838/execute/sync
2026-04-20 09:02:10.233 | WARNING  | urllib3.connectionpool:urlopen:868 - Retrying (Retry(total=0, connect=None, read=None, redirect=None, status=None)) after connection broken by 'NewConnectionError("HTTPConnection(host='localhost', port=62612): Failed to establish a new connection: [Errno 61] Connection refused")': /session/1F632528-B14A-41B0-ABA6-1E70B32FC838/execute/sync
2026-04-20 09:02:10.233 | WARNING  | ui_event.get_url:load_href_save:405 - 处理链接时出错: MaxRetryError, 跳过
2026-04-20 09:02:10.233 | WARNING  | urllib3.connectionpool:urlopen:868 - Retrying (Retry(total=2, connect=None, read=None, redirect=None, status=None)) after connection broken by 'NewConnectionError("HTTPConnection(host='localhost', port=62612): Failed to establish a new connection: [Errno 61] Connection refused")': /session/1F632528-B14A-41B0-ABA6-1E70B32FC838/execute/sync
2026-04-20 09:02:10.234 | WARNING  | urllib3.connectionpool:urlopen:868 - Retrying (Retry(total=1, connect=None, read=None, redirect=None, status=None)) after connection broken by 'NewConnectionError("HTTPConnection(host='localhost', port=62612): Failed to establish a new connection: [Errno 61] Connection refused")': /session/1F632528-B14A-41B0-ABA6-1E70B32FC838/execute/sync
2026-04-20 09:02:10.234 | WARNING  | urllib3.connectionpool:urlopen:868 - Retrying (Retry(total=0, connect=None, read=None, redirect=None, status=None)) after connection broken by 'NewConnectionError("HTTPConnection(host='localhost', port=62612): Failed to establish a new connection: [Errno 61] Connection refused")': /session/1F632528-B14A-41B0-ABA6-1E70B32FC838/execute/sync
2026-04-20 09:02:10.234 | WARNING  | ui_event.get_url:load_href_save:405 - 处理链接时出错: MaxRetryError, 跳过
2026-04-20 09:02:10.235 | WARNING  | urllib3.connectionpool:urlopen:868 - Retrying (Retry(total=2, connect=None, read=None, redirect=None, status=None)) after connection broken by 'NewConnectionError("HTTPConnection(host='localhost', port=62612): Failed to establish a new connection: [Errno 61] Connection refused")': /session/1F632528-B14A-41B0-ABA6-1E70B32FC838/execute/sync
2026-04-20 09:02:10.235 | WARNING  | urllib3.connectionpool:urlopen:868 - Retrying (Retry(total=1, connect=None, read=None, redirect=None, status=None)) after connection broken by 'NewConnectionError("HTTPConnection(host='localhost', port=62612): Failed to establish a new connection: [Errno 61] Connection refused")': /session/1F632528-B14A-41B0-ABA6-1E70B32FC838/execute/sync
2026-04-20 09:02:10.235 | WARNING  | urllib3.connectionpool:urlopen:868 - Retrying (Retry(total=0, connect=None, read=None, redirect=None, status=None)) after connection broken by 'NewConnectionError("HTTPConnection(host='localhost', port=62612): Failed to establish a new connection: [Errno 61] Connection refused")': /session/1F632528-B14A-41B0-ABA6-1E70B32FC838/execute/sync
2026-04-20 09:02:10.236 | WARNING  | ui_event.get_url:load_href_save:405 - 处理链接时出错: MaxRetryError, 跳过
2026-04-20 09:02:10.236 | WARNING  | urllib3.connectionpool:urlopen:868 - Retrying (Retry(total=2, connect=None, read=None, redirect=None, status=None)) after connection broken by 'NewConnectionError("HTTPConnection(host='localhost', port=62612): Failed to establish a new connection: [Errno 61] Connection refused")': /session/1F632528-B14A-41B0-ABA6-1E70B32FC838/execute/sync
2026-04-20 09:02:10.236 | WARNING  | urllib3.connectionpool:urlopen:868 - Retrying (Retry(total=1, connect=None, read=None, redirect=None, status=None)) after connection broken by 'NewConnectionError("HTTPConnection(host='localhost', port=62612): Failed to establish a new connection: [Errno 61] Connection refused")': /session/1F632528-B14A-41B0-ABA6-1E70B32FC838/execute/sync
2026-04-20 09:02:10.237 | WARNING  | urllib3.connectionpool:urlopen:868 - Retrying (Retry(total=0, connect=None, read=None, redirect=None, status=None)) after connection broken by 'NewConnectionError("HTTPConnection(host='localhost', port=62612): Failed to establish a new connection: [Errno 61] Connection refused")': /session/1F632528-B14A-41B0-ABA6-1E70B32FC838/execute/sync
2026-04-20 09:02:10.237 | WARNING  | ui_event.get_url:load_href_save:405 - 处理链接时出错: MaxRetryError, 跳过
2026-04-20 09:02:10.237 | WARNING  | urllib3.connectionpool:urlopen:868 - Retrying (Retry(total=2, connect=None, read=None, redirect=None, status=None)) after connection broken by 'NewConnectionError("HTTPConnection(host='localhost', port=62612): Failed to establish a new connection: [Errno 61] Connection refused")': /session/1F632528-B14A-41B0-ABA6-1E70B32FC838/execute/sync
2026-04-20 09:02:10.238 | WARNING  | urllib3.connectionpool:urlopen:868 - Retrying (Retry(total=1, connect=None, read=None, redirect=None, status=None)) after connection broken by 'NewConnectionError("HTTPConnection(host='localhost', port=62612): Failed to establish a new connection: [Errno 61] Connection refused")': /session/1F632528-B14A-41B0-ABA6-1E70B32FC838/execute/sync
2026-04-20 09:02:10.238 | WARNING  | urllib3.connectionpool:urlopen:868 - Retrying (Retry(total=0, connect=None, read=None, redirect=None, status=None)) after connection broken by 'NewConnectionError("HTTPConnection(host='localhost', port=62612): Failed to establish a new connection: [Errno 61] Connection refused")': /session/1F632528-B14A-41B0-ABA6-1E70B32FC838/execute/sync
2026-04-20 09:02:10.238 | WARNING  | ui_event.get_url:load_href_save:405 - 处理链接时出错: MaxRetryError, 跳过
2026-04-20 09:02:10.239 | WARNING  | urllib3.connectionpool:urlopen:868 - Retrying (Retry(total=2, connect=None, read=None, redirect=None, status=None)) after connection broken by 'NewConnectionError("HTTPConnection(host='localhost', port=62612): Failed to establish a new connection: [Errno 61] Connection refused")': /session/1F632528-B14A-41B0-ABA6-1E70B32FC838/execute/sync
2026-04-20 09:02:10.239 | WARNING  | urllib3.connectionpool:urlopen:868 - Retrying (Retry(total=1, connect=None, read=None, redirect=None, status=None)) after connection broken by 'NewConnectionError("HTTPConnection(host='localhost', port=62612): Failed to establish a new connection: [Errno 61] Connection refused")': /session/1F632528-B14A-41B0-ABA6-1E70B32FC838/execute/sync
2026-04-20 09:02:10.239 | WARNING  | urllib3.connectionpool:urlopen:868 - Retrying (Retry(total=0, connect=None, read=None, redirect=None, status=None)) after connection broken by 'NewConnectionError("HTTPConnection(host='localhost', port=62612): Failed to establish a new connection: [Errno 61] Connection refused")': /session/1F632528-B14A-41B0-ABA6-1E70B32FC838/execute/sync
2026-04-20 09:02:10.239 | WARNING  | ui_event.get_url:load_href_save:405 - 处理链接时出错: MaxRetryError, 跳过
2026-04-20 09:02:10.240 | WARNING  | urllib3.connectionpool:urlopen:868 - Retrying (Retry(total=2, connect=None, read=None, redirect=None, status=None)) after connection broken by 'NewConnectionError("HTTPConnection(host='localhost', port=62612): Failed to establish a new connection: [Errno 61] Connection refused")': /session/1F632528-B14A-41B0-ABA6-1E70B32FC838/execute/sync
2026-04-20 09:02:10.240 | WARNING  | urllib3.connectionpool:urlopen:868 - Retrying (Retry(total=1, connect=None, read=None, redirect=None, status=None)) after connection broken by 'NewConnectionError("HTTPConnection(host='localhost', port=62612): Failed to establish a new connection: [Errno 61] Connection refused")': /session/1F632528-B14A-41B0-ABA6-1E70B32FC838/execute/sync
2026-04-20 09:02:10.240 | WARNING  | urllib3.connectionpool:urlopen:868 - Retrying (Retry(total=0, connect=None, read=None, redirect=None, status=None)) after connection broken by 'NewConnectionError("HTTPConnection(host='localhost', port=62612): Failed to establish a new connection: [Errno 61] Connection refused")': /session/1F632528-B14A-41B0-ABA6-1E70B32FC838/execute/sync
2026-04-20 09:02:10.241 | WARNING  | ui_event.get_url:load_href_save:405 - 处理链接时出错: MaxRetryError, 跳过
2026-04-20 09:02:10.241 | WARNING  | urllib3.connectionpool:urlopen:868 - Retrying (Retry(total=2, connect=None, read=None, redirect=None, status=None)) after connection broken by 'NewConnectionError("HTTPConnection(host='localhost', port=62612): Failed to establish a new connection: [Errno 61] Connection refused")': /session/1F632528-B14A-41B0-ABA6-1E70B32FC838/execute/sync
2026-04-20 09:02:10.241 | WARNING  | urllib3.connectionpool:urlopen:868 - Retrying (Retry(total=1, connect=None, read=None, redirect=None, status=None)) after connection broken by 'NewConnectionError("HTTPConnection(host='localhost', port=62612): Failed to establish a new connection: [Errno 61] Connection refused")': /session/1F632528-B14A-41B0-ABA6-1E70B32FC838/execute/sync
2026-04-20 09:02:10.242 | WARNING  | urllib3.connectionpool:urlopen:868 - Retrying (Retry(total=0, connect=None, read=None, redirect=None, status=None)) after connection broken by 'NewConnectionError("HTTPConnection(host='localhost', port=62612): Failed to establish a new connection: [Errno 61] Connection refused")': /session/1F632528-B14A-41B0-ABA6-1E70B32FC838/execute/sync
2026-04-20 09:02:10.242 | WARNING  | ui_event.get_url:load_href_save:405 - 处理链接时出错: MaxRetryError, 跳过
2026-04-20 09:02:10.242 | WARNING  | urllib3.connectionpool:urlopen:868 - Retrying (Retry(total=2, connect=None, read=None, redirect=None, status=None)) after connection broken by 'NewConnectionError("HTTPConnection(host='localhost', port=62612): Failed to establish a new connection: [Errno 61] Connection refused")': /session/1F632528-B14A-41B0-ABA6-1E70B32FC838/execute/sync
2026-04-20 09:02:10.243 | WARNING  | urllib3.connectionpool:urlopen:868 - Retrying (Retry(total=1, connect=None, read=None, redirect=None, status=None)) after connection broken by 'NewConnectionError("HTTPConnection(host='localhost', port=62612): Failed to establish a new connection: [Errno 61] Connection refused")': /session/1F632528-B14A-41B0-ABA6-1E70B32FC838/execute/sync
2026-04-20 09:02:10.243 | WARNING  | urllib3.connectionpool:urlopen:868 - Retrying (Retry(total=0, connect=None, read=None, redirect=None, status=None)) after connection broken by 'NewConnectionError("HTTPConnection(host='localhost', port=62612): Failed to establish a new connection: [Errno 61] Connection refused")': /session/1F632528-B14A-41B0-ABA6-1E70B32FC838/execute/sync
2026-04-20 09:02:10.243 | WARNING  | ui_event.get_url:load_href_save:405 - 处理链接时出错: MaxRetryError, 跳过
2026-04-20 09:02:10.244 | WARNING  | urllib3.connectionpool:urlopen:868 - Retrying (Retry(total=2, connect=None, read=None, redirect=None, status=None)) after connection broken by 'NewConnectionError("HTTPConnection(host='localhost', port=62612): Failed to establish a new connection: [Errno 61] Connection refused")': /session/1F632528-B14A-41B0-ABA6-1E70B32FC838/execute/sync
2026-04-20 09:02:10.244 | WARNING  | urllib3.connectionpool:urlopen:868 - Retrying (Retry(total=1, connect=None, read=None, redirect=None, status=None)) after connection broken by 'NewConnectionError("HTTPConnection(host='localhost', port=62612): Failed to establish a new connection: [Errno 61] Connection refused")': /session/1F632528-B14A-41B0-ABA6-1E70B32FC838/execute/sync
2026-04-20 09:02:10.244 | WARNING  | urllib3.connectionpool:urlopen:868 - Retrying (Retry(total=0, connect=None, read=None, redirect=None, status=None)) after connection broken by 'NewConnectionError("HTTPConnection(host='localhost', port=62612): Failed to establish a new connection: [Errno 61] Connection refused")': /session/1F632528-B14A-41B0-ABA6-1E70B32FC838/execute/sync
2026-04-20 09:02:10.244 | WARNING  | ui_event.get_url:load_href_save:405 - 处理链接时出错: MaxRetryError, 跳过
2026-04-20 09:02:10.245 | WARNING  | urllib3.connectionpool:urlopen:868 - Retrying (Retry(total=2, connect=None, read=None, redirect=None, status=None)) after connection broken by 'NewConnectionError("HTTPConnection(host='localhost', port=62612): Failed to establish a new connection: [Errno 61] Connection refused")': /session/1F632528-B14A-41B0-ABA6-1E70B32FC838/execute/sync
2026-04-20 09:02:10.245 | WARNING  | urllib3.connectionpool:urlopen:868 - Retrying (Retry(total=1, connect=None, read=None, redirect=None, status=None)) after connection broken by 'NewConnectionError("HTTPConnection(host='localhost', port=62612): Failed to establish a new connection: [Errno 61] Connection refused")': /session/1F632528-B14A-41B0-ABA6-1E70B32FC838/execute/sync
2026-04-20 09:02:10.245 | WARNING  | urllib3.connectionpool:urlopen:868 - Retrying (Retry(total=0, connect=None, read=None, redirect=None, status=None)) after connection broken by 'NewConnectionError("HTTPConnection(host='localhost', port=62612): Failed to establish a new connection: [Errno 61] Connection refused")': /session/1F632528-B14A-41B0-ABA6-1E70B32FC838/execute/sync
2026-04-20 09:02:10.246 | WARNING  | ui_event.get_url:load_href_save:405 - 处理链接时出错: MaxRetryError, 跳过
2026-04-20 09:02:10.246 | WARNING  | urllib3.connectionpool:urlopen:868 - Retrying (Retry(total=2, connect=None, read=None, redirect=None, status=None)) after connection broken by 'NewConnectionError("HTTPConnection(host='localhost', port=62612): Failed to establish a new connection: [Errno 61] Connection refused")': /session/1F632528-B14A-41B0-ABA6-1E70B32FC838/execute/sync
2026-04-20 09:02:10.246 | WARNING  | urllib3.connectionpool:urlopen:868 - Retrying (Retry(total=1, connect=None, read=None, redirect=None, status=None)) after connection broken by 'NewConnectionError("HTTPConnection(host='localhost', port=62612): Failed to establish a new connection: [Errno 61] Connection refused")': /session/1F632528-B14A-41B0-ABA6-1E70B32FC838/execute/sync
2026-04-20 09:02:10.246 | WARNING  | urllib3.connectionpool:urlopen:868 - Retrying (Retry(total=0, connect=None, read=None, redirect=None, status=None)) after connection broken by 'NewConnectionError("HTTPConnection(host='localhost', port=62612): Failed to establish a new connection: [Errno 61] Connection refused")': /session/1F632528-B14A-41B0-ABA6-1E70B32FC838/execute/sync
2026-04-20 09:02:10.247 | WARNING  | ui_event.get_url:load_href_save:405 - 处理链接时出错: MaxRetryError, 跳过
2026-04-20 09:02:10.247 | WARNING  | urllib3.connectionpool:urlopen:868 - Retrying (Retry(total=2, connect=None, read=None, redirect=None, status=None)) after connection broken by 'NewConnectionError("HTTPConnection(host='localhost', port=62612): Failed to establish a new connection: [Errno 61] Connection refused")': /session/1F632528-B14A-41B0-ABA6-1E70B32FC838/execute/sync
2026-04-20 09:02:10.248 | WARNING  | urllib3.connectionpool:urlopen:868 - Retrying (Retry(total=1, connect=None, read=None, redirect=None, status=None)) after connection broken by 'NewConnectionError("HTTPConnection(host='localhost', port=62612): Failed to establish a new connection: [Errno 61] Connection refused")': /session/1F632528-B14A-41B0-ABA6-1E70B32FC838/execute/sync
2026-04-20 09:02:10.248 | WARNING  | urllib3.connectionpool:urlopen:868 - Retrying (Retry(total=0, connect=None, read=None, redirect=None, status=None)) after connection broken by 'NewConnectionError("HTTPConnection(host='localhost', port=62612): Failed to establish a new connection: [Errno 61] Connection refused")': /session/1F632528-B14A-41B0-ABA6-1E70B32FC838/execute/sync
2026-04-20 09:02:10.248 | WARNING  | ui_event.get_url:load_href_save:405 - 处理链接时出错: MaxRetryError, 跳过
2026-04-20 09:02:10.249 | WARNING  | urllib3.connectionpool:urlopen:868 - Retrying (Retry(total=2, connect=None, read=None, redirect=None, status=None)) after connection broken by 'NewConnectionError("HTTPConnection(host='localhost', port=62612): Failed to establish a new connection: [Errno 61] Connection refused")': /session/1F632528-B14A-41B0-ABA6-1E70B32FC838/execute/sync
2026-04-20 09:02:10.249 | WARNING  | urllib3.connectionpool:urlopen:868 - Retrying (Retry(total=1, connect=None, read=None, redirect=None, status=None)) after connection broken by 'NewConnectionError("HTTPConnection(host='localhost', port=62612): Failed to establish a new connection: [Errno 61] Connection refused")': /session/1F632528-B14A-41B0-ABA6-1E70B32FC838/execute/sync
2026-04-20 09:02:10.249 | WARNING  | urllib3.connectionpool:urlopen:868 - Retrying (Retry(total=0, connect=None, read=None, redirect=None, status=None)) after connection broken by 'NewConnectionError("HTTPConnection(host='localhost', port=62612): Failed to establish a new connection: [Errno 61] Connection refused")': /session/1F632528-B14A-41B0-ABA6-1E70B32FC838/execute/sync
2026-04-20 09:02:10.250 | WARNING  | ui_event.get_url:load_href_save:405 - 处理链接时出错: MaxRetryError, 跳过
2026-04-20 09:02:10.250 | WARNING  | urllib3.connectionpool:urlopen:868 - Retrying (Retry(total=2, connect=None, read=None, redirect=None, status=None)) after connection broken by 'NewConnectionError("HTTPConnection(host='localhost', port=62612): Failed to establish a new connection: [Errno 61] Connection refused")': /session/1F632528-B14A-41B0-ABA6-1E70B32FC838/execute/sync
2026-04-20 09:02:10.250 | WARNING  | urllib3.connectionpool:urlopen:868 - Retrying (Retry(total=1, connect=None, read=None, redirect=None, status=None)) after connection broken by 'NewConnectionError("HTTPConnection(host='localhost', port=62612): Failed to establish a new connection: [Errno 61] Connection refused")': /session/1F632528-B14A-41B0-ABA6-1E70B32FC838/execute/sync
2026-04-20 09:02:10.251 | WARNING  | urllib3.connectionpool:urlopen:868 - Retrying (Retry(total=0, connect=None, read=None, redirect=None, status=None)) after connection broken by 'NewConnectionError("HTTPConnection(host='localhost', port=62612): Failed to establish a new connection: [Errno 61] Connection refused")': /session/1F632528-B14A-41B0-ABA6-1E70B32FC838/execute/sync
2026-04-20 09:02:10.251 | WARNING  | ui_event.get_url:load_href_save:405 - 处理链接时出错: MaxRetryError, 跳过
2026-04-20 09:02:10.252 | WARNING  | urllib3.connectionpool:urlopen:868 - Retrying (Retry(total=2, connect=None, read=None, redirect=None, status=None)) after connection broken by 'NewConnectionError("HTTPConnection(host='localhost', port=62612): Failed to establish a new connection: [Errno 61] Connection refused")': /session/1F632528-B14A-41B0-ABA6-1E70B32FC838/execute/sync
2026-04-20 09:02:10.252 | WARNING  | urllib3.connectionpool:urlopen:868 - Retrying (Retry(total=1, connect=None, read=None, redirect=None, status=None)) after connection broken by 'NewConnectionError("HTTPConnection(host='localhost', port=62612): Failed to establish a new connection: [Errno 61] Connection refused")': /session/1F632528-B14A-41B0-ABA6-1E70B32FC838/execute/sync
2026-04-20 09:02:10.252 | WARNING  | urllib3.connectionpool:urlopen:868 - Retrying (Retry(total=0, connect=None, read=None, redirect=None, status=None)) after connection broken by 'NewConnectionError("HTTPConnection(host='localhost', port=62612): Failed to establish a new connection: [Errno 61] Connection refused")': /session/1F632528-B14A-41B0-ABA6-1E70B32FC838/execute/sync
2026-04-20 09:02:10.253 | WARNING  | ui_event.get_url:load_href_save:405 - 处理链接时出错: MaxRetryError, 跳过
2026-04-20 09:02:10.253 | WARNING  | urllib3.connectionpool:urlopen:868 - Retrying (Retry(total=2, connect=None, read=None, redirect=None, status=None)) after connection broken by 'NewConnectionError("HTTPConnection(host='localhost', port=62612): Failed to establish a new connection: [Errno 61] Connection refused")': /session/1F632528-B14A-41B0-ABA6-1E70B32FC838/execute/sync
2026-04-20 09:02:10.253 | WARNING  | urllib3.connectionpool:urlopen:868 - Retrying (Retry(total=1, connect=None, read=None, redirect=None, status=None)) after connection broken by 'NewConnectionError("HTTPConnection(host='localhost', port=62612): Failed to establish a new connection: [Errno 61] Connection refused")': /session/1F632528-B14A-41B0-ABA6-1E70B32FC838/execute/sync
2026-04-20 09:02:10.254 | WARNING  | urllib3.connectionpool:urlopen:868 - Retrying (Retry(total=0, connect=None, read=None, redirect=None, status=None)) after connection broken by 'NewConnectionError("HTTPConnection(host='localhost', port=62612): Failed to establish a new connection: [Errno 61] Connection refused")': /session/1F632528-B14A-41B0-ABA6-1E70B32FC838/execute/sync
2026-04-20 09:02:10.254 | WARNING  | ui_event.get_url:load_href_save:405 - 处理链接时出错: MaxRetryError, 跳过
2026-04-20 09:02:10.255 | WARNING  | urllib3.connectionpool:urlopen:868 - Retrying (Retry(total=2, connect=None, read=None, redirect=None, status=None)) after connection broken by 'NewConnectionError("HTTPConnection(host='localhost', port=62612): Failed to establish a new connection: [Errno 61] Connection refused")': /session/1F632528-B14A-41B0-ABA6-1E70B32FC838/execute/sync
2026-04-20 09:02:10.255 | WARNING  | urllib3.connectionpool:urlopen:868 - Retrying (Retry(total=1, connect=None, read=None, redirect=None, status=None)) after connection broken by 'NewConnectionError("HTTPConnection(host='localhost', port=62612): Failed to establish a new connection: [Errno 61] Connection refused")': /session/1F632528-B14A-41B0-ABA6-1E70B32FC838/execute/sync
2026-04-20 09:02:10.255 | WARNING  | urllib3.connectionpool:urlopen:868 - Retrying (Retry(total=0, connect=None, read=None, redirect=None, status=None)) after connection broken by 'NewConnectionError("HTTPConnection(host='localhost', port=62612): Failed to establish a new connection: [Errno 61] Connection refused")': /session/1F632528-B14A-41B0-ABA6-1E70B32FC838/execute/sync
2026-04-20 09:02:10.256 | WARNING  | ui_event.get_url:load_href_save:405 - 处理链接时出错: MaxRetryError, 跳过
2026-04-20 09:02:10.256 | WARNING  | urllib3.connectionpool:urlopen:868 - Retrying (Retry(total=2, connect=None, read=None, redirect=None, status=None)) after connection broken by 'NewConnectionError("HTTPConnection(host='localhost', port=62612): Failed to establish a new connection: [Errno 61] Connection refused")': /session/1F632528-B14A-41B0-ABA6-1E70B32FC838/execute/sync
2026-04-20 09:02:10.257 | WARNING  | urllib3.connectionpool:urlopen:868 - Retrying (Retry(total=1, connect=None, read=None, redirect=None, status=None)) after connection broken by 'NewConnectionError("HTTPConnection(host='localhost', port=62612): Failed to establish a new connection: [Errno 61] Connection refused")': /session/1F632528-B14A-41B0-ABA6-1E70B32FC838/execute/sync
2026-04-20 09:02:10.257 | WARNING  | urllib3.connectionpool:urlopen:868 - Retrying (Retry(total=0, connect=None, read=None, redirect=None, status=None)) after connection broken by 'NewConnectionError("HTTPConnection(host='localhost', port=62612): Failed to establish a new connection: [Errno 61] Connection refused")': /session/1F632528-B14A-41B0-ABA6-1E70B32FC838/execute/sync
2026-04-20 09:02:10.258 | WARNING  | ui_event.get_url:load_href_save:405 - 处理链接时出错: MaxRetryError, 跳过
2026-04-20 09:02:10.258 | WARNING  | urllib3.connectionpool:urlopen:868 - Retrying (Retry(total=2, connect=None, read=None, redirect=None, status=None)) after connection broken by 'NewConnectionError("HTTPConnection(host='localhost', port=62612): Failed to establish a new connection: [Errno 61] Connection refused")': /session/1F632528-B14A-41B0-ABA6-1E70B32FC838/execute/sync
2026-04-20 09:02:10.258 | WARNING  | urllib3.connectionpool:urlopen:868 - Retrying (Retry(total=1, connect=None, read=None, redirect=None, status=None)) after connection broken by 'NewConnectionError("HTTPConnection(host='localhost', port=62612): Failed to establish a new connection: [Errno 61] Connection refused")': /session/1F632528-B14A-41B0-ABA6-1E70B32FC838/execute/sync
2026-04-20 09:02:10.259 | WARNING  | urllib3.connectionpool:urlopen:868 - Retrying (Retry(total=0, connect=None, read=None, redirect=None, status=None)) after connection broken by 'NewConnectionError("HTTPConnection(host='localhost', port=62612): Failed to establish a new connection: [Errno 61] Connection refused")': /session/1F632528-B14A-41B0-ABA6-1E70B32FC838/execute/sync
2026-04-20 09:02:10.259 | WARNING  | ui_event.get_url:load_href_save:405 - 处理链接时出错: MaxRetryError, 跳过
2026-04-20 09:02:10.260 | WARNING  | urllib3.connectionpool:urlopen:868 - Retrying (Retry(total=2, connect=None, read=None, redirect=None, status=None)) after connection broken by 'NewConnectionError("HTTPConnection(host='localhost', port=62612): Failed to establish a new connection: [Errno 61] Connection refused")': /session/1F632528-B14A-41B0-ABA6-1E70B32FC838/execute/sync
2026-04-20 09:02:10.260 | WARNING  | urllib3.connectionpool:urlopen:868 - Retrying (Retry(total=1, connect=None, read=None, redirect=None, status=None)) after connection broken by 'NewConnectionError("HTTPConnection(host='localhost', port=62612): Failed to establish a new connection: [Errno 61] Connection refused")': /session/1F632528-B14A-41B0-ABA6-1E70B32FC838/execute/sync
2026-04-20 09:02:10.260 | WARNING  | urllib3.connectionpool:urlopen:868 - Retrying (Retry(total=0, connect=None, read=None, redirect=None, status=None)) after connection broken by 'NewConnectionError("HTTPConnection(host='localhost', port=62612): Failed to establish a new connection: [Errno 61] Connection refused")': /session/1F632528-B14A-41B0-ABA6-1E70B32FC838/execute/sync
2026-04-20 09:02:10.261 | WARNING  | ui_event.get_url:load_href_save:405 - 处理链接时出错: MaxRetryError, 跳过
2026-04-20 09:02:10.261 | WARNING  | urllib3.connectionpool:urlopen:868 - Retrying (Retry(total=2, connect=None, read=None, redirect=None, status=None)) after connection broken by 'NewConnectionError("HTTPConnection(host='localhost', port=62612): Failed to establish a new connection: [Errno 61] Connection refused")': /session/1F632528-B14A-41B0-ABA6-1E70B32FC838/execute/sync
2026-04-20 09:02:10.261 | WARNING  | urllib3.connectionpool:urlopen:868 - Retrying (Retry(total=1, connect=None, read=None, redirect=None, status=None)) after connection broken by 'NewConnectionError("HTTPConnection(host='localhost', port=62612): Failed to establish a new connection: [Errno 61] Connection refused")': /session/1F632528-B14A-41B0-ABA6-1E70B32FC838/execute/sync
2026-04-20 09:02:10.262 | WARNING  | urllib3.connectionpool:urlopen:868 - Retrying (Retry(total=0, connect=None, read=None, redirect=None, status=None)) after connection broken by 'NewConnectionError("HTTPConnection(host='localhost', port=62612): Failed to establish a new connection: [Errno 61] Connection refused")': /session/1F632528-B14A-41B0-ABA6-1E70B32FC838/execute/sync
2026-04-20 09:02:10.262 | WARNING  | ui_event.get_url:load_href_save:405 - 处理链接时出错: MaxRetryError, 跳过
2026-04-20 09:02:10.263 | WARNING  | urllib3.connectionpool:urlopen:868 - Retrying (Retry(total=2, connect=None, read=None, redirect=None, status=None)) after connection broken by 'NewConnectionError("HTTPConnection(host='localhost', port=62612): Failed to establish a new connection: [Errno 61] Connection refused")': /session/1F632528-B14A-41B0-ABA6-1E70B32FC838/execute/sync
2026-04-20 09:02:10.263 | WARNING  | urllib3.connectionpool:urlopen:868 - Retrying (Retry(total=1, connect=None, read=None, redirect=None, status=None)) after connection broken by 'NewConnectionError("HTTPConnection(host='localhost', port=62612): Failed to establish a new connection: [Errno 61] Connection refused")': /session/1F632528-B14A-41B0-ABA6-1E70B32FC838/execute/sync
2026-04-20 09:02:10.263 | WARNING  | urllib3.connectionpool:urlopen:868 - Retrying (Retry(total=0, connect=None, read=None, redirect=None, status=None)) after connection broken by 'NewConnectionError("HTTPConnection(host='localhost', port=62612): Failed to establish a new connection: [Errno 61] Connection refused")': /session/1F632528-B14A-41B0-ABA6-1E70B32FC838/execute/sync
2026-04-20 09:02:10.264 | WARNING  | ui_event.get_url:load_href_save:405 - 处理链接时出错: MaxRetryError, 跳过
2026-04-20 09:02:10.264 | WARNING  | urllib3.connectionpool:urlopen:868 - Retrying (Retry(total=2, connect=None, read=None, redirect=None, status=None)) after connection broken by 'NewConnectionError("HTTPConnection(host='localhost', port=62612): Failed to establish a new connection: [Errno 61] Connection refused")': /session/1F632528-B14A-41B0-ABA6-1E70B32FC838/execute/sync
2026-04-20 09:02:10.265 | WARNING  | urllib3.connectionpool:urlopen:868 - Retrying (Retry(total=1, connect=None, read=None, redirect=None, status=None)) after connection broken by 'NewConnectionError("HTTPConnection(host='localhost', port=62612): Failed to establish a new connection: [Errno 61] Connection refused")': /session/1F632528-B14A-41B0-ABA6-1E70B32FC838/execute/sync
2026-04-20 09:02:10.265 | WARNING  | urllib3.connectionpool:urlopen:868 - Retrying (Retry(total=0, connect=None, read=None, redirect=None, status=None)) after connection broken by 'NewConnectionError("HTTPConnection(host='localhost', port=62612): Failed to establish a new connection: [Errno 61] Connection refused")': /session/1F632528-B14A-41B0-ABA6-1E70B32FC838/execute/sync
2026-04-20 09:02:10.265 | WARNING  | ui_event.get_url:load_href_save:405 - 处理链接时出错: MaxRetryError, 跳过
2026-04-20 09:02:10.266 | WARNING  | urllib3.connectionpool:urlopen:868 - Retrying (Retry(total=2, connect=None, read=None, redirect=None, status=None)) after connection broken by 'NewConnectionError("HTTPConnection(host='localhost', port=62612): Failed to establish a new connection: [Errno 61] Connection refused")': /session/1F632528-B14A-41B0-ABA6-1E70B32FC838/execute/sync
2026-04-20 09:02:10.266 | WARNING  | urllib3.connectionpool:urlopen:868 - Retrying (Retry(total=1, connect=None, read=None, redirect=None, status=None)) after connection broken by 'NewConnectionError("HTTPConnection(host='localhost', port=62612): Failed to establish a new connection: [Errno 61] Connection refused")': /session/1F632528-B14A-41B0-ABA6-1E70B32FC838/execute/sync
2026-04-20 09:02:10.267 | WARNING  | urllib3.connectionpool:urlopen:868 - Retrying (Retry(total=0, connect=None, read=None, redirect=None, status=None)) after connection broken by 'NewConnectionError("HTTPConnection(host='localhost', port=62612): Failed to establish a new connection: [Errno 61] Connection refused")': /session/1F632528-B14A-41B0-ABA6-1E70B32FC838/execute/sync
2026-04-20 09:02:10.267 | WARNING  | ui_event.get_url:load_href_save:405 - 处理链接时出错: MaxRetryError, 跳过
2026-04-20 09:02:10.268 | WARNING  | urllib3.connectionpool:urlopen:868 - Retrying (Retry(total=2, connect=None, read=None, redirect=None, status=None)) after connection broken by 'NewConnectionError("HTTPConnection(host='localhost', port=62612): Failed to establish a new connection: [Errno 61] Connection refused")': /session/1F632528-B14A-41B0-ABA6-1E70B32FC838/execute/sync
2026-04-20 09:02:10.268 | WARNING  | urllib3.connectionpool:urlopen:868 - Retrying (Retry(total=1, connect=None, read=None, redirect=None, status=None)) after connection broken by 'NewConnectionError("HTTPConnection(host='localhost', port=62612): Failed to establish a new connection: [Errno 61] Connection refused")': /session/1F632528-B14A-41B0-ABA6-1E70B32FC838/execute/sync
2026-04-20 09:02:10.268 | WARNING  | urllib3.connectionpool:urlopen:868 - Retrying (Retry(total=0, connect=None, read=None, redirect=None, status=None)) after connection broken by 'NewConnectionError("HTTPConnection(host='localhost', port=62612): Failed to establish a new connection: [Errno 61] Connection refused")': /session/1F632528-B14A-41B0-ABA6-1E70B32FC838/execute/sync
2026-04-20 09:02:10.269 | WARNING  | ui_event.get_url:load_href_save:405 - 处理链接时出错: MaxRetryError, 跳过
2026-04-20 09:02:10.269 | WARNING  | urllib3.connectionpool:urlopen:868 - Retrying (Retry(total=2, connect=None, read=None, redirect=None, status=None)) after connection broken by 'NewConnectionError("HTTPConnection(host='localhost', port=62612): Failed to establish a new connection: [Errno 61] Connection refused")': /session/1F632528-B14A-41B0-ABA6-1E70B32FC838/execute/sync
2026-04-20 09:02:10.269 | WARNING  | urllib3.connectionpool:urlopen:868 - Retrying (Retry(total=1, connect=None, read=None, redirect=None, status=None)) after connection broken by 'NewConnectionError("HTTPConnection(host='localhost', port=62612): Failed to establish a new connection: [Errno 61] Connection refused")': /session/1F632528-B14A-41B0-ABA6-1E70B32FC838/execute/sync
2026-04-20 09:02:10.270 | WARNING  | urllib3.connectionpool:urlopen:868 - Retrying (Retry(total=0, connect=None, read=None, redirect=None, status=None)) after connection broken by 'NewConnectionError("HTTPConnection(host='localhost', port=62612): Failed to establish a new connection: [Errno 61] Connection refused")': /session/1F632528-B14A-41B0-ABA6-1E70B32FC838/execute/sync
2026-04-20 09:02:10.270 | WARNING  | ui_event.get_url:load_href_save:405 - 处理链接时出错: MaxRetryError, 跳过
2026-04-20 09:02:10.271 | WARNING  | urllib3.connectionpool:urlopen:868 - Retrying (Retry(total=2, connect=None, read=None, redirect=None, status=None)) after connection broken by 'NewConnectionError("HTTPConnection(host='localhost', port=62612): Failed to establish a new connection: [Errno 61] Connection refused")': /session/1F632528-B14A-41B0-ABA6-1E70B32FC838/execute/sync
2026-04-20 09:02:10.271 | WARNING  | urllib3.connectionpool:urlopen:868 - Retrying (Retry(total=1, connect=None, read=None, redirect=None, status=None)) after connection broken by 'NewConnectionError("HTTPConnection(host='localhost', port=62612): Failed to establish a new connection: [Errno 61] Connection refused")': /session/1F632528-B14A-41B0-ABA6-1E70B32FC838/execute/sync
2026-04-20 09:02:10.272 | WARNING  | urllib3.connectionpool:urlopen:868 - Retrying (Retry(total=0, connect=None, read=None, redirect=None, status=None)) after connection broken by 'NewConnectionError("HTTPConnection(host='localhost', port=62612): Failed to establish a new connection: [Errno 61] Connection refused")': /session/1F632528-B14A-41B0-ABA6-1E70B32FC838/execute/sync
2026-04-20 09:02:10.272 | WARNING  | ui_event.get_url:load_href_save:405 - 处理链接时出错: MaxRetryError, 跳过
2026-04-20 09:02:10.272 | WARNING  | urllib3.connectionpool:urlopen:868 - Retrying (Retry(total=2, connect=None, read=None, redirect=None, status=None)) after connection broken by 'NewConnectionError("HTTPConnection(host='localhost', port=62612): Failed to establish a new connection: [Errno 61] Connection refused")': /session/1F632528-B14A-41B0-ABA6-1E70B32FC838/execute/sync
2026-04-20 09:02:10.273 | WARNING  | urllib3.connectionpool:urlopen:868 - Retrying (Retry(total=1, connect=None, read=None, redirect=None, status=None)) after connection broken by 'NewConnectionError("HTTPConnection(host='localhost', port=62612): Failed to establish a new connection: [Errno 61] Connection refused")': /session/1F632528-B14A-41B0-ABA6-1E70B32FC838/execute/sync
2026-04-20 09:02:10.273 | WARNING  | urllib3.connectionpool:urlopen:868 - Retrying (Retry(total=0, connect=None, read=None, redirect=None, status=None)) after connection broken by 'NewConnectionError("HTTPConnection(host='localhost', port=62612): Failed to establish a new connection: [Errno 61] Connection refused")': /session/1F632528-B14A-41B0-ABA6-1E70B32FC838/execute/sync
2026-04-20 09:02:10.274 | WARNING  | ui_event.get_url:load_href_save:405 - 处理链接时出错: MaxRetryError, 跳过
2026-04-20 09:02:10.274 | WARNING  | urllib3.connectionpool:urlopen:868 - Retrying (Retry(total=2, connect=None, read=None, redirect=None, status=None)) after connection broken by 'NewConnectionError("HTTPConnection(host='localhost', port=62612): Failed to establish a new connection: [Errno 61] Connection refused")': /session/1F632528-B14A-41B0-ABA6-1E70B32FC838/execute/sync
2026-04-20 09:02:10.274 | WARNING  | urllib3.connectionpool:urlopen:868 - Retrying (Retry(total=1, connect=None, read=None, redirect=None, status=None)) after connection broken by 'NewConnectionError("HTTPConnection(host='localhost', port=62612): Failed to establish a new connection: [Errno 61] Connection refused")': /session/1F632528-B14A-41B0-ABA6-1E70B32FC838/execute/sync
2026-04-20 09:02:10.275 | WARNING  | urllib3.connectionpool:urlopen:868 - Retrying (Retry(total=0, connect=None, read=None, redirect=None, status=None)) after connection broken by 'NewConnectionError("HTTPConnection(host='localhost', port=62612): Failed to establish a new connection: [Errno 61] Connection refused")': /session/1F632528-B14A-41B0-ABA6-1E70B32FC838/execute/sync
2026-04-20 09:02:10.275 | WARNING  | ui_event.get_url:load_href_save:405 - 处理链接时出错: MaxRetryError, 跳过
2026-04-20 09:02:10.276 | WARNING  | urllib3.connectionpool:urlopen:868 - Retrying (Retry(total=2, connect=None, read=None, redirect=None, status=None)) after connection broken by 'NewConnectionError("HTTPConnection(host='localhost', port=62612): Failed to establish a new connection: [Errno 61] Connection refused")': /session/1F632528-B14A-41B0-ABA6-1E70B32FC838/execute/sync
2026-04-20 09:02:10.276 | WARNING  | urllib3.connectionpool:urlopen:868 - Retrying (Retry(total=1, connect=None, read=None, redirect=None, status=None)) after connection broken by 'NewConnectionError("HTTPConnection(host='localhost', port=62612): Failed to establish a new connection: [Errno 61] Connection refused")': /session/1F632528-B14A-41B0-ABA6-1E70B32FC838/execute/sync
2026-04-20 09:02:10.276 | WARNING  | urllib3.connectionpool:urlopen:868 - Retrying (Retry(total=0, connect=None, read=None, redirect=None, status=None)) after connection broken by 'NewConnectionError("HTTPConnection(host='localhost', port=62612): Failed to establish a new connection: [Errno 61] Connection refused")': /session/1F632528-B14A-41B0-ABA6-1E70B32FC838/execute/sync
2026-04-20 09:02:10.277 | WARNING  | ui_event.get_url:load_href_save:405 - 处理链接时出错: MaxRetryError, 跳过
2026-04-20 09:02:10.277 | WARNING  | urllib3.connectionpool:urlopen:868 - Retrying (Retry(total=2, connect=None, read=None, redirect=None, status=None)) after connection broken by 'NewConnectionError("HTTPConnection(host='localhost', port=62612): Failed to establish a new connection: [Errno 61] Connection refused")': /session/1F632528-B14A-41B0-ABA6-1E70B32FC838/execute/sync
2026-04-20 09:02:10.278 | WARNING  | urllib3.connectionpool:urlopen:868 - Retrying (Retry(total=1, connect=None, read=None, redirect=None, status=None)) after connection broken by 'NewConnectionError("HTTPConnection(host='localhost', port=62612): Failed to establish a new connection: [Errno 61] Connection refused")': /session/1F632528-B14A-41B0-ABA6-1E70B32FC838/execute/sync
2026-04-20 09:02:10.278 | WARNING  | urllib3.connectionpool:urlopen:868 - Retrying (Retry(total=0, connect=None, read=None, redirect=None, status=None)) after connection broken by 'NewConnectionError("HTTPConnection(host='localhost', port=62612): Failed to establish a new connection: [Errno 61] Connection refused")': /session/1F632528-B14A-41B0-ABA6-1E70B32FC838/execute/sync
2026-04-20 09:02:10.278 | WARNING  | ui_event.get_url:load_href_save:405 - 处理链接时出错: MaxRetryError, 跳过
2026-04-20 09:02:10.279 | WARNING  | urllib3.connectionpool:urlopen:868 - Retrying (Retry(total=2, connect=None, read=None, redirect=None, status=None)) after connection broken by 'NewConnectionError("HTTPConnection(host='localhost', port=62612): Failed to establish a new connection: [Errno 61] Connection refused")': /session/1F632528-B14A-41B0-ABA6-1E70B32FC838/execute/sync
2026-04-20 09:02:10.279 | WARNING  | urllib3.connectionpool:urlopen:868 - Retrying (Retry(total=1, connect=None, read=None, redirect=None, status=None)) after connection broken by 'NewConnectionError("HTTPConnection(host='localhost', port=62612): Failed to establish a new connection: [Errno 61] Connection refused")': /session/1F632528-B14A-41B0-ABA6-1E70B32FC838/execute/sync
2026-04-20 09:02:10.280 | WARNING  | urllib3.connectionpool:urlopen:868 - Retrying (Retry(total=0, connect=None, read=None, redirect=None, status=None)) after connection broken by 'NewConnectionError("HTTPConnection(host='localhost', port=62612): Failed to establish a new connection: [Errno 61] Connection refused")': /session/1F632528-B14A-41B0-ABA6-1E70B32FC838/execute/sync
2026-04-20 09:02:10.280 | WARNING  | ui_event.get_url:load_href_save:405 - 处理链接时出错: MaxRetryError, 跳过
2026-04-20 09:02:10.280 | WARNING  | urllib3.connectionpool:urlopen:868 - Retrying (Retry(total=2, connect=None, read=None, redirect=None, status=None)) after connection broken by 'NewConnectionError("HTTPConnection(host='localhost', port=62612): Failed to establish a new connection: [Errno 61] Connection refused")': /session/1F632528-B14A-41B0-ABA6-1E70B32FC838/execute/sync
2026-04-20 09:02:10.281 | WARNING  | urllib3.connectionpool:urlopen:868 - Retrying (Retry(total=1, connect=None, read=None, redirect=None, status=None)) after connection broken by 'NewConnectionError("HTTPConnection(host='localhost', port=62612): Failed to establish a new connection: [Errno 61] Connection refused")': /session/1F632528-B14A-41B0-ABA6-1E70B32FC838/execute/sync
2026-04-20 09:02:10.281 | WARNING  | urllib3.connectionpool:urlopen:868 - Retrying (Retry(total=0, connect=None, read=None, redirect=None, status=None)) after connection broken by 'NewConnectionError("HTTPConnection(host='localhost', port=62612): Failed to establish a new connection: [Errno 61] Connection refused")': /session/1F632528-B14A-41B0-ABA6-1E70B32FC838/execute/sync
2026-04-20 09:02:10.281 | WARNING  | ui_event.get_url:load_href_save:405 - 处理链接时出错: MaxRetryError, 跳过
2026-04-20 09:02:10.282 | WARNING  | urllib3.connectionpool:urlopen:868 - Retrying (Retry(total=2, connect=None, read=None, redirect=None, status=None)) after connection broken by 'NewConnectionError("HTTPConnection(host='localhost', port=62612): Failed to establish a new connection: [Errno 61] Connection refused")': /session/1F632528-B14A-41B0-ABA6-1E70B32FC838/execute/sync
2026-04-20 09:02:10.282 | WARNING  | urllib3.connectionpool:urlopen:868 - Retrying (Retry(total=1, connect=None, read=None, redirect=None, status=None)) after connection broken by 'NewConnectionError("HTTPConnection(host='localhost', port=62612): Failed to establish a new connection: [Errno 61] Connection refused")': /session/1F632528-B14A-41B0-ABA6-1E70B32FC838/execute/sync
2026-04-20 09:02:10.283 | WARNING  | urllib3.connectionpool:urlopen:868 - Retrying (Retry(total=0, connect=None, read=None, redirect=None, status=None)) after connection broken by 'NewConnectionError("HTTPConnection(host='localhost', port=62612): Failed to establish a new connection: [Errno 61] Connection refused")': /session/1F632528-B14A-41B0-ABA6-1E70B32FC838/execute/sync
2026-04-20 09:02:10.287 | WARNING  | ui_event.get_url:load_href_save:405 - 处理链接时出错: MaxRetryError, 跳过
2026-04-20 09:02:10.288 | WARNING  | urllib3.connectionpool:urlopen:868 - Retrying (Retry(total=2, connect=None, read=None, redirect=None, status=None)) after connection broken by 'NewConnectionError("HTTPConnection(host='localhost', port=62612): Failed to establish a new connection: [Errno 61] Connection refused")': /session/1F632528-B14A-41B0-ABA6-1E70B32FC838/execute/sync
2026-04-20 09:02:10.289 | WARNING  | urllib3.connectionpool:urlopen:868 - Retrying (Retry(total=1, connect=None, read=None, redirect=None, status=None)) after connection broken by 'NewConnectionError("HTTPConnection(host='localhost', port=62612): Failed to establish a new connection: [Errno 61] Connection refused")': /session/1F632528-B14A-41B0-ABA6-1E70B32FC838/execute/sync
2026-04-20 09:02:10.289 | WARNING  | urllib3.connectionpool:urlopen:868 - Retrying (Retry(total=0, connect=None, read=None, redirect=None, status=None)) after connection broken by 'NewConnectionError("HTTPConnection(host='localhost', port=62612): Failed to establish a new connection: [Errno 61] Connection refused")': /session/1F632528-B14A-41B0-ABA6-1E70B32FC838/execute/sync
2026-04-20 09:02:10.289 | WARNING  | ui_event.get_url:load_href_save:405 - 处理链接时出错: MaxRetryError, 跳过
2026-04-20 09:02:10.290 | WARNING  | urllib3.connectionpool:urlopen:868 - Retrying (Retry(total=2, connect=None, read=None, redirect=None, status=None)) after connection broken by 'NewConnectionError("HTTPConnection(host='localhost', port=62612): Failed to establish a new connection: [Errno 61] Connection refused")': /session/1F632528-B14A-41B0-ABA6-1E70B32FC838/execute/sync
2026-04-20 09:02:10.290 | WARNING  | urllib3.connectionpool:urlopen:868 - Retrying (Retry(total=1, connect=None, read=None, redirect=None, status=None)) after connection broken by 'NewConnectionError("HTTPConnection(host='localhost', port=62612): Failed to establish a new connection: [Errno 61] Connection refused")': /session/1F632528-B14A-41B0-ABA6-1E70B32FC838/execute/sync
2026-04-20 09:02:10.291 | WARNING  | urllib3.connectionpool:urlopen:868 - Retrying (Retry(total=0, connect=None, read=None, redirect=None, status=None)) after connection broken by 'NewConnectionError("HTTPConnection(host='localhost', port=62612): Failed to establish a new connection: [Errno 61] Connection refused")': /session/1F632528-B14A-41B0-ABA6-1E70B32FC838/execute/sync
2026-04-20 09:02:10.291 | WARNING  | ui_event.get_url:load_href_save:405 - 处理链接时出错: MaxRetryError, 跳过
2026-04-20 09:02:10.291 | WARNING  | urllib3.connectionpool:urlopen:868 - Retrying (Retry(total=2, connect=None, read=None, redirect=None, status=None)) after connection broken by 'NewConnectionError("HTTPConnection(host='localhost', port=62612): Failed to establish a new connection: [Errno 61] Connection refused")': /session/1F632528-B14A-41B0-ABA6-1E70B32FC838/execute/sync
2026-04-20 09:02:10.292 | WARNING  | urllib3.connectionpool:urlopen:868 - Retrying (Retry(total=1, connect=None, read=None, redirect=None, status=None)) after connection broken by 'NewConnectionError("HTTPConnection(host='localhost', port=62612): Failed to establish a new connection: [Errno 61] Connection refused")': /session/1F632528-B14A-41B0-ABA6-1E70B32FC838/execute/sync
2026-04-20 09:02:10.292 | WARNING  | urllib3.connectionpool:urlopen:868 - Retrying (Retry(total=0, connect=None, read=None, redirect=None, status=None)) after connection broken by 'NewConnectionError("HTTPConnection(host='localhost', port=62612): Failed to establish a new connection: [Errno 61] Connection refused")': /session/1F632528-B14A-41B0-ABA6-1E70B32FC838/execute/sync
2026-04-20 09:02:10.292 | WARNING  | ui_event.get_url:load_href_save:405 - 处理链接时出错: MaxRetryError, 跳过
2026-04-20 09:02:10.293 | WARNING  | urllib3.connectionpool:urlopen:868 - Retrying (Retry(total=2, connect=None, read=None, redirect=None, status=None)) after connection broken by 'NewConnectionError("HTTPConnection(host='localhost', port=62612): Failed to establish a new connection: [Errno 61] Connection refused")': /session/1F632528-B14A-41B0-ABA6-1E70B32FC838/execute/sync
2026-04-20 09:02:10.293 | WARNING  | urllib3.connectionpool:urlopen:868 - Retrying (Retry(total=1, connect=None, read=None, redirect=None, status=None)) after connection broken by 'NewConnectionError("HTTPConnection(host='localhost', port=62612): Failed to establish a new connection: [Errno 61] Connection refused")': /session/1F632528-B14A-41B0-ABA6-1E70B32FC838/execute/sync
2026-04-20 09:02:10.294 | WARNING  | urllib3.connectionpool:urlopen:868 - Retrying (Retry(total=0, connect=None, read=None, redirect=None, status=None)) after connection broken by 'NewConnectionError("HTTPConnection(host='localhost', port=62612): Failed to establish a new connection: [Errno 61] Connection refused")': /session/1F632528-B14A-41B0-ABA6-1E70B32FC838/execute/sync
2026-04-20 09:02:10.294 | WARNING  | ui_event.get_url:load_href_save:405 - 处理链接时出错: MaxRetryError, 跳过
2026-04-20 09:02:10.294 | WARNING  | urllib3.connectionpool:urlopen:868 - Retrying (Retry(total=2, connect=None, read=None, redirect=None, status=None)) after connection broken by 'NewConnectionError("HTTPConnection(host='localhost', port=62612): Failed to establish a new connection: [Errno 61] Connection refused")': /session/1F632528-B14A-41B0-ABA6-1E70B32FC838/execute/sync
2026-04-20 09:02:10.295 | WARNING  | urllib3.connectionpool:urlopen:868 - Retrying (Retry(total=1, connect=None, read=None, redirect=None, status=None)) after connection broken by 'NewConnectionError("HTTPConnection(host='localhost', port=62612): Failed to establish a new connection: [Errno 61] Connection refused")': /session/1F632528-B14A-41B0-ABA6-1E70B32FC838/execute/sync
2026-04-20 09:02:10.295 | WARNING  | urllib3.connectionpool:urlopen:868 - Retrying (Retry(total=0, connect=None, read=None, redirect=None, status=None)) after connection broken by 'NewConnectionError("HTTPConnection(host='localhost', port=62612): Failed to establish a new connection: [Errno 61] Connection refused")': /session/1F632528-B14A-41B0-ABA6-1E70B32FC838/execute/sync
2026-04-20 09:02:10.295 | WARNING  | ui_event.get_url:load_href_save:405 - 处理链接时出错: MaxRetryError, 跳过
2026-04-20 09:02:10.296 | WARNING  | urllib3.connectionpool:urlopen:868 - Retrying (Retry(total=2, connect=None, read=None, redirect=None, status=None)) after connection broken by 'NewConnectionError("HTTPConnection(host='localhost', port=62612): Failed to establish a new connection: [Errno 61] Connection refused")': /session/1F632528-B14A-41B0-ABA6-1E70B32FC838/execute/sync
2026-04-20 09:02:10.297 | WARNING  | urllib3.connectionpool:urlopen:868 - Retrying (Retry(total=1, connect=None, read=None, redirect=None, status=None)) after connection broken by 'NewConnectionError("HTTPConnection(host='localhost', port=62612): Failed to establish a new connection: [Errno 61] Connection refused")': /session/1F632528-B14A-41B0-ABA6-1E70B32FC838/execute/sync
2026-04-20 09:02:10.297 | WARNING  | urllib3.connectionpool:urlopen:868 - Retrying (Retry(total=0, connect=None, read=None, redirect=None, status=None)) after connection broken by 'NewConnectionError("HTTPConnection(host='localhost', port=62612): Failed to establish a new connection: [Errno 61] Connection refused")': /session/1F632528-B14A-41B0-ABA6-1E70B32FC838/execute/sync
2026-04-20 09:02:10.297 | WARNING  | ui_event.get_url:load_href_save:405 - 处理链接时出错: MaxRetryError, 跳过
2026-04-20 09:02:10.298 | WARNING  | urllib3.connectionpool:urlopen:868 - Retrying (Retry(total=2, connect=None, read=None, redirect=None, status=None)) after connection broken by 'NewConnectionError("HTTPConnection(host='localhost', port=62612): Failed to establish a new connection: [Errno 61] Connection refused")': /session/1F632528-B14A-41B0-ABA6-1E70B32FC838/execute/sync
2026-04-20 09:02:10.298 | WARNING  | urllib3.connectionpool:urlopen:868 - Retrying (Retry(total=1, connect=None, read=None, redirect=None, status=None)) after connection broken by 'NewConnectionError("HTTPConnection(host='localhost', port=62612): Failed to establish a new connection: [Errno 61] Connection refused")': /session/1F632528-B14A-41B0-ABA6-1E70B32FC838/execute/sync
2026-04-20 09:02:10.299 | WARNING  | urllib3.connectionpool:urlopen:868 - Retrying (Retry(total=0, connect=None, read=None, redirect=None, status=None)) after connection broken by 'NewConnectionError("HTTPConnection(host='localhost', port=62612): Failed to establish a new connection: [Errno 61] Connection refused")': /session/1F632528-B14A-41B0-ABA6-1E70B32FC838/execute/sync
2026-04-20 09:02:10.299 | WARNING  | ui_event.get_url:load_href_save:405 - 处理链接时出错: MaxRetryError, 跳过
2026-04-20 09:02:10.299 | WARNING  | urllib3.connectionpool:urlopen:868 - Retrying (Retry(total=2, connect=None, read=None, redirect=None, status=None)) after connection broken by 'NewConnectionError("HTTPConnection(host='localhost', port=62612): Failed to establish a new connection: [Errno 61] Connection refused")': /session/1F632528-B14A-41B0-ABA6-1E70B32FC838/execute/sync
2026-04-20 09:02:10.300 | WARNING  | urllib3.connectionpool:urlopen:868 - Retrying (Retry(total=1, connect=None, read=None, redirect=None, status=None)) after connection broken by 'NewConnectionError("HTTPConnection(host='localhost', port=62612): Failed to establish a new connection: [Errno 61] Connection refused")': /session/1F632528-B14A-41B0-ABA6-1E70B32FC838/execute/sync
2026-04-20 09:02:10.300 | WARNING  | urllib3.connectionpool:urlopen:868 - Retrying (Retry(total=0, connect=None, read=None, redirect=None, status=None)) after connection broken by 'NewConnectionError("HTTPConnection(host='localhost', port=62612): Failed to establish a new connection: [Errno 61] Connection refused")': /session/1F632528-B14A-41B0-ABA6-1E70B32FC838/execute/sync
2026-04-20 09:02:10.300 | WARNING  | ui_event.get_url:load_href_save:405 - 处理链接时出错: MaxRetryError, 跳过
2026-04-20 09:02:10.301 | WARNING  | urllib3.connectionpool:urlopen:868 - Retrying (Retry(total=2, connect=None, read=None, redirect=None, status=None)) after connection broken by 'NewConnectionError("HTTPConnection(host='localhost', port=62612): Failed to establish a new connection: [Errno 61] Connection refused")': /session/1F632528-B14A-41B0-ABA6-1E70B32FC838/execute/sync
2026-04-20 09:02:10.301 | WARNING  | urllib3.connectionpool:urlopen:868 - Retrying (Retry(total=1, connect=None, read=None, redirect=None, status=None)) after connection broken by 'NewConnectionError("HTTPConnection(host='localhost', port=62612): Failed to establish a new connection: [Errno 61] Connection refused")': /session/1F632528-B14A-41B0-ABA6-1E70B32FC838/execute/sync
2026-04-20 09:02:10.301 | WARNING  | urllib3.connectionpool:urlopen:868 - Retrying (Retry(total=0, connect=None, read=None, redirect=None, status=None)) after connection broken by 'NewConnectionError("HTTPConnection(host='localhost', port=62612): Failed to establish a new connection: [Errno 61] Connection refused")': /session/1F632528-B14A-41B0-ABA6-1E70B32FC838/execute/sync
2026-04-20 09:02:10.302 | WARNING  | ui_event.get_url:load_href_save:405 - 处理链接时出错: MaxRetryError, 跳过
2026-04-20 09:02:10.302 | WARNING  | urllib3.connectionpool:urlopen:868 - Retrying (Retry(total=2, connect=None, read=None, redirect=None, status=None)) after connection broken by 'NewConnectionError("HTTPConnection(host='localhost', port=62612): Failed to establish a new connection: [Errno 61] Connection refused")': /session/1F632528-B14A-41B0-ABA6-1E70B32FC838/execute/sync
2026-04-20 09:02:10.302 | WARNING  | urllib3.connectionpool:urlopen:868 - Retrying (Retry(total=1, connect=None, read=None, redirect=None, status=None)) after connection broken by 'NewConnectionError("HTTPConnection(host='localhost', port=62612): Failed to establish a new connection: [Errno 61] Connection refused")': /session/1F632528-B14A-41B0-ABA6-1E70B32FC838/execute/sync
2026-04-20 09:02:10.303 | WARNING  | urllib3.connectionpool:urlopen:868 - Retrying (Retry(total=0, connect=None, read=None, redirect=None, status=None)) after connection broken by 'NewConnectionError("HTTPConnection(host='localhost', port=62612): Failed to establish a new connection: [Errno 61] Connection refused")': /session/1F632528-B14A-41B0-ABA6-1E70B32FC838/execute/sync
2026-04-20 09:02:10.303 | WARNING  | ui_event.get_url:load_href_save:405 - 处理链接时出错: MaxRetryError, 跳过
2026-04-20 09:02:10.303 | WARNING  | urllib3.connectionpool:urlopen:868 - Retrying (Retry(total=2, connect=None, read=None, redirect=None, status=None)) after connection broken by 'NewConnectionError("HTTPConnection(host='localhost', port=62612): Failed to establish a new connection: [Errno 61] Connection refused")': /session/1F632528-B14A-41B0-ABA6-1E70B32FC838/execute/sync
2026-04-20 09:02:10.304 | WARNING  | urllib3.connectionpool:urlopen:868 - Retrying (Retry(total=1, connect=None, read=None, redirect=None, status=None)) after connection broken by 'NewConnectionError("HTTPConnection(host='localhost', port=62612): Failed to establish a new connection: [Errno 61] Connection refused")': /session/1F632528-B14A-41B0-ABA6-1E70B32FC838/execute/sync
2026-04-20 09:02:10.304 | WARNING  | urllib3.connectionpool:urlopen:868 - Retrying (Retry(total=0, connect=None, read=None, redirect=None, status=None)) after connection broken by 'NewConnectionError("HTTPConnection(host='localhost', port=62612): Failed to establish a new connection: [Errno 61] Connection refused")': /session/1F632528-B14A-41B0-ABA6-1E70B32FC838/execute/sync
2026-04-20 09:02:10.304 | WARNING  | ui_event.get_url:load_href_save:405 - 处理链接时出错: MaxRetryError, 跳过
2026-04-20 09:02:10.305 | WARNING  | urllib3.connectionpool:urlopen:868 - Retrying (Retry(total=2, connect=None, read=None, redirect=None, status=None)) after connection broken by 'NewConnectionError("HTTPConnection(host='localhost', port=62612): Failed to establish a new connection: [Errno 61] Connection refused")': /session/1F632528-B14A-41B0-ABA6-1E70B32FC838/execute/sync
2026-04-20 09:02:10.305 | WARNING  | urllib3.connectionpool:urlopen:868 - Retrying (Retry(total=1, connect=None, read=None, redirect=None, status=None)) after connection broken by 'NewConnectionError("HTTPConnection(host='localhost', port=62612): Failed to establish a new connection: [Errno 61] Connection refused")': /session/1F632528-B14A-41B0-ABA6-1E70B32FC838/execute/sync
2026-04-20 09:02:10.305 | WARNING  | urllib3.connectionpool:urlopen:868 - Retrying (Retry(total=0, connect=None, read=None, redirect=None, status=None)) after connection broken by 'NewConnectionError("HTTPConnection(host='localhost', port=62612): Failed to establish a new connection: [Errno 61] Connection refused")': /session/1F632528-B14A-41B0-ABA6-1E70B32FC838/execute/sync
2026-04-20 09:02:10.306 | WARNING  | ui_event.get_url:load_href_save:405 - 处理链接时出错: MaxRetryError, 跳过
2026-04-20 09:02:10.306 | WARNING  | urllib3.connectionpool:urlopen:868 - Retrying (Retry(total=2, connect=None, read=None, redirect=None, status=None)) after connection broken by 'NewConnectionError("HTTPConnection(host='localhost', port=62612): Failed to establish a new connection: [Errno 61] Connection refused")': /session/1F632528-B14A-41B0-ABA6-1E70B32FC838/execute/sync
2026-04-20 09:02:10.306 | WARNING  | urllib3.connectionpool:urlopen:868 - Retrying (Retry(total=1, connect=None, read=None, redirect=None, status=None)) after connection broken by 'NewConnectionError("HTTPConnection(host='localhost', port=62612): Failed to establish a new connection: [Errno 61] Connection refused")': /session/1F632528-B14A-41B0-ABA6-1E70B32FC838/execute/sync
2026-04-20 09:02:10.307 | WARNING  | urllib3.connectionpool:urlopen:868 - Retrying (Retry(total=0, connect=None, read=None, redirect=None, status=None)) after connection broken by 'NewConnectionError("HTTPConnection(host='localhost', port=62612): Failed to establish a new connection: [Errno 61] Connection refused")': /session/1F632528-B14A-41B0-ABA6-1E70B32FC838/execute/sync
2026-04-20 09:02:10.307 | WARNING  | ui_event.get_url:load_href_save:405 - 处理链接时出错: MaxRetryError, 跳过
2026-04-20 09:02:10.307 | WARNING  | urllib3.connectionpool:urlopen:868 - Retrying (Retry(total=2, connect=None, read=None, redirect=None, status=None)) after connection broken by 'NewConnectionError("HTTPConnection(host='localhost', port=62612): Failed to establish a new connection: [Errno 61] Connection refused")': /session/1F632528-B14A-41B0-ABA6-1E70B32FC838/execute/sync
2026-04-20 09:02:10.308 | WARNING  | urllib3.connectionpool:urlopen:868 - Retrying (Retry(total=1, connect=None, read=None, redirect=None, status=None)) after connection broken by 'NewConnectionError("HTTPConnection(host='localhost', port=62612): Failed to establish a new connection: [Errno 61] Connection refused")': /session/1F632528-B14A-41B0-ABA6-1E70B32FC838/execute/sync
2026-04-20 09:02:10.308 | WARNING  | urllib3.connectionpool:urlopen:868 - Retrying (Retry(total=0, connect=None, read=None, redirect=None, status=None)) after connection broken by 'NewConnectionError("HTTPConnection(host='localhost', port=62612): Failed to establish a new connection: [Errno 61] Connection refused")': /session/1F632528-B14A-41B0-ABA6-1E70B32FC838/execute/sync
2026-04-20 09:02:10.309 | WARNING  | ui_event.get_url:load_href_save:405 - 处理链接时出错: MaxRetryError, 跳过
2026-04-20 09:02:10.309 | WARNING  | urllib3.connectionpool:urlopen:868 - Retrying (Retry(total=2, connect=None, read=None, redirect=None, status=None)) after connection broken by 'NewConnectionError("HTTPConnection(host='localhost', port=62612): Failed to establish a new connection: [Errno 61] Connection refused")': /session/1F632528-B14A-41B0-ABA6-1E70B32FC838/execute/sync
2026-04-20 09:02:10.309 | WARNING  | urllib3.connectionpool:urlopen:868 - Retrying (Retry(total=1, connect=None, read=None, redirect=None, status=None)) after connection broken by 'NewConnectionError("HTTPConnection(host='localhost', port=62612): Failed to establish a new connection: [Errno 61] Connection refused")': /session/1F632528-B14A-41B0-ABA6-1E70B32FC838/execute/sync
2026-04-20 09:02:10.310 | WARNING  | urllib3.connectionpool:urlopen:868 - Retrying (Retry(total=0, connect=None, read=None, redirect=None, status=None)) after connection broken by 'NewConnectionError("HTTPConnection(host='localhost', port=62612): Failed to establish a new connection: [Errno 61] Connection refused")': /session/1F632528-B14A-41B0-ABA6-1E70B32FC838/execute/sync
2026-04-20 09:02:10.310 | WARNING  | ui_event.get_url:load_href_save:405 - 处理链接时出错: MaxRetryError, 跳过
2026-04-20 09:02:10.310 | WARNING  | urllib3.connectionpool:urlopen:868 - Retrying (Retry(total=2, connect=None, read=None, redirect=None, status=None)) after connection broken by 'NewConnectionError("HTTPConnection(host='localhost', port=62612): Failed to establish a new connection: [Errno 61] Connection refused")': /session/1F632528-B14A-41B0-ABA6-1E70B32FC838/execute/sync
2026-04-20 09:02:10.311 | WARNING  | urllib3.connectionpool:urlopen:868 - Retrying (Retry(total=1, connect=None, read=None, redirect=None, status=None)) after connection broken by 'NewConnectionError("HTTPConnection(host='localhost', port=62612): Failed to establish a new connection: [Errno 61] Connection refused")': /session/1F632528-B14A-41B0-ABA6-1E70B32FC838/execute/sync
2026-04-20 09:02:10.311 | WARNING  | urllib3.connectionpool:urlopen:868 - Retrying (Retry(total=0, connect=None, read=None, redirect=None, status=None)) after connection broken by 'NewConnectionError("HTTPConnection(host='localhost', port=62612): Failed to establish a new connection: [Errno 61] Connection refused")': /session/1F632528-B14A-41B0-ABA6-1E70B32FC838/execute/sync
2026-04-20 09:02:10.311 | WARNING  | ui_event.get_url:load_href_save:405 - 处理链接时出错: MaxRetryError, 跳过
2026-04-20 09:02:10.312 | WARNING  | urllib3.connectionpool:urlopen:868 - Retrying (Retry(total=2, connect=None, read=None, redirect=None, status=None)) after connection broken by 'NewConnectionError("HTTPConnection(host='localhost', port=62612): Failed to establish a new connection: [Errno 61] Connection refused")': /session/1F632528-B14A-41B0-ABA6-1E70B32FC838/execute/sync
2026-04-20 09:02:10.312 | WARNING  | urllib3.connectionpool:urlopen:868 - Retrying (Retry(total=1, connect=None, read=None, redirect=None, status=None)) after connection broken by 'NewConnectionError("HTTPConnection(host='localhost', port=62612): Failed to establish a new connection: [Errno 61] Connection refused")': /session/1F632528-B14A-41B0-ABA6-1E70B32FC838/execute/sync
2026-04-20 09:02:10.312 | WARNING  | urllib3.connectionpool:urlopen:868 - Retrying (Retry(total=0, connect=None, read=None, redirect=None, status=None)) after connection broken by 'NewConnectionError("HTTPConnection(host='localhost', port=62612): Failed to establish a new connection: [Errno 61] Connection refused")': /session/1F632528-B14A-41B0-ABA6-1E70B32FC838/execute/sync
2026-04-20 09:02:10.313 | WARNING  | ui_event.get_url:load_href_save:405 - 处理链接时出错: MaxRetryError, 跳过
2026-04-20 09:02:10.313 | WARNING  | urllib3.connectionpool:urlopen:868 - Retrying (Retry(total=2, connect=None, read=None, redirect=None, status=None)) after connection broken by 'NewConnectionError("HTTPConnection(host='localhost', port=62612): Failed to establish a new connection: [Errno 61] Connection refused")': /session/1F632528-B14A-41B0-ABA6-1E70B32FC838/execute/sync
2026-04-20 09:02:10.313 | WARNING  | urllib3.connectionpool:urlopen:868 - Retrying (Retry(total=1, connect=None, read=None, redirect=None, status=None)) after connection broken by 'NewConnectionError("HTTPConnection(host='localhost', port=62612): Failed to establish a new connection: [Errno 61] Connection refused")': /session/1F632528-B14A-41B0-ABA6-1E70B32FC838/execute/sync
2026-04-20 09:02:10.314 | WARNING  | urllib3.connectionpool:urlopen:868 - Retrying (Retry(total=0, connect=None, read=None, redirect=None, status=None)) after connection broken by 'NewConnectionError("HTTPConnection(host='localhost', port=62612): Failed to establish a new connection: [Errno 61] Connection refused")': /session/1F632528-B14A-41B0-ABA6-1E70B32FC838/execute/sync
2026-04-20 09:02:10.314 | WARNING  | ui_event.get_url:load_href_save:405 - 处理链接时出错: MaxRetryError, 跳过
2026-04-20 09:02:10.314 | WARNING  | urllib3.connectionpool:urlopen:868 - Retrying (Retry(total=2, connect=None, read=None, redirect=None, status=None)) after connection broken by 'NewConnectionError("HTTPConnection(host='localhost', port=62612): Failed to establish a new connection: [Errno 61] Connection refused")': /session/1F632528-B14A-41B0-ABA6-1E70B32FC838/execute/sync
2026-04-20 09:02:10.315 | WARNING  | urllib3.connectionpool:urlopen:868 - Retrying (Retry(total=1, connect=None, read=None, redirect=None, status=None)) after connection broken by 'NewConnectionError("HTTPConnection(host='localhost', port=62612): Failed to establish a new connection: [Errno 61] Connection refused")': /session/1F632528-B14A-41B0-ABA6-1E70B32FC838/execute/sync
2026-04-20 09:02:10.315 | WARNING  | urllib3.connectionpool:urlopen:868 - Retrying (Retry(total=0, connect=None, read=None, redirect=None, status=None)) after connection broken by 'NewConnectionError("HTTPConnection(host='localhost', port=62612): Failed to establish a new connection: [Errno 61] Connection refused")': /session/1F632528-B14A-41B0-ABA6-1E70B32FC838/execute/sync
2026-04-20 09:02:10.315 | WARNING  | ui_event.get_url:load_href_save:405 - 处理链接时出错: MaxRetryError, 跳过
2026-04-20 09:02:10.316 | WARNING  | urllib3.connectionpool:urlopen:868 - Retrying (Retry(total=2, connect=None, read=None, redirect=None, status=None)) after connection broken by 'NewConnectionError("HTTPConnection(host='localhost', port=62612): Failed to establish a new connection: [Errno 61] Connection refused")': /session/1F632528-B14A-41B0-ABA6-1E70B32FC838/execute/sync
2026-04-20 09:02:10.316 | WARNING  | urllib3.connectionpool:urlopen:868 - Retrying (Retry(total=1, connect=None, read=None, redirect=None, status=None)) after connection broken by 'NewConnectionError("HTTPConnection(host='localhost', port=62612): Failed to establish a new connection: [Errno 61] Connection refused")': /session/1F632528-B14A-41B0-ABA6-1E70B32FC838/execute/sync
2026-04-20 09:02:10.316 | WARNING  | urllib3.connectionpool:urlopen:868 - Retrying (Retry(total=0, connect=None, read=None, redirect=None, status=None)) after connection broken by 'NewConnectionError("HTTPConnection(host='localhost', port=62612): Failed to establish a new connection: [Errno 61] Connection refused")': /session/1F632528-B14A-41B0-ABA6-1E70B32FC838/execute/sync
2026-04-20 09:02:10.317 | WARNING  | ui_event.get_url:load_href_save:405 - 处理链接时出错: MaxRetryError, 跳过
2026-04-20 09:02:10.317 | WARNING  | urllib3.connectionpool:urlopen:868 - Retrying (Retry(total=2, connect=None, read=None, redirect=None, status=None)) after connection broken by 'NewConnectionError("HTTPConnection(host='localhost', port=62612): Failed to establish a new connection: [Errno 61] Connection refused")': /session/1F632528-B14A-41B0-ABA6-1E70B32FC838/execute/sync
2026-04-20 09:02:10.317 | WARNING  | urllib3.connectionpool:urlopen:868 - Retrying (Retry(total=1, connect=None, read=None, redirect=None, status=None)) after connection broken by 'NewConnectionError("HTTPConnection(host='localhost', port=62612): Failed to establish a new connection: [Errno 61] Connection refused")': /session/1F632528-B14A-41B0-ABA6-1E70B32FC838/execute/sync
2026-04-20 09:02:10.318 | WARNING  | urllib3.connectionpool:urlopen:868 - Retrying (Retry(total=0, connect=None, read=None, redirect=None, status=None)) after connection broken by 'NewConnectionError("HTTPConnection(host='localhost', port=62612): Failed to establish a new connection: [Errno 61] Connection refused")': /session/1F632528-B14A-41B0-ABA6-1E70B32FC838/execute/sync
2026-04-20 09:02:10.318 | WARNING  | ui_event.get_url:load_href_save:405 - 处理链接时出错: MaxRetryError, 跳过
2026-04-20 09:02:10.318 | WARNING  | urllib3.connectionpool:urlopen:868 - Retrying (Retry(total=2, connect=None, read=None, redirect=None, status=None)) after connection broken by 'NewConnectionError("HTTPConnection(host='localhost', port=62612): Failed to establish a new connection: [Errno 61] Connection refused")': /session/1F632528-B14A-41B0-ABA6-1E70B32FC838/execute/sync
2026-04-20 09:02:10.319 | WARNING  | urllib3.connectionpool:urlopen:868 - Retrying (Retry(total=1, connect=None, read=None, redirect=None, status=None)) after connection broken by 'NewConnectionError("HTTPConnection(host='localhost', port=62612): Failed to establish a new connection: [Errno 61] Connection refused")': /session/1F632528-B14A-41B0-ABA6-1E70B32FC838/execute/sync
2026-04-20 09:02:10.319 | WARNING  | urllib3.connectionpool:urlopen:868 - Retrying (Retry(total=0, connect=None, read=None, redirect=None, status=None)) after connection broken by 'NewConnectionError("HTTPConnection(host='localhost', port=62612): Failed to establish a new connection: [Errno 61] Connection refused")': /session/1F632528-B14A-41B0-ABA6-1E70B32FC838/execute/sync
2026-04-20 09:02:10.319 | WARNING  | ui_event.get_url:load_href_save:405 - 处理链接时出错: MaxRetryError, 跳过
2026-04-20 09:02:10.320 | WARNING  | urllib3.connectionpool:urlopen:868 - Retrying (Retry(total=2, connect=None, read=None, redirect=None, status=None)) after connection broken by 'NewConnectionError("HTTPConnection(host='localhost', port=62612): Failed to establish a new connection: [Errno 61] Connection refused")': /session/1F632528-B14A-41B0-ABA6-1E70B32FC838/execute/sync
2026-04-20 09:02:10.320 | WARNING  | urllib3.connectionpool:urlopen:868 - Retrying (Retry(total=1, connect=None, read=None, redirect=None, status=None)) after connection broken by 'NewConnectionError("HTTPConnection(host='localhost', port=62612): Failed to establish a new connection: [Errno 61] Connection refused")': /session/1F632528-B14A-41B0-ABA6-1E70B32FC838/execute/sync
2026-04-20 09:02:10.320 | WARNING  | urllib3.connectionpool:urlopen:868 - Retrying (Retry(total=0, connect=None, read=None, redirect=None, status=None)) after connection broken by 'NewConnectionError("HTTPConnection(host='localhost', port=62612): Failed to establish a new connection: [Errno 61] Connection refused")': /session/1F632528-B14A-41B0-ABA6-1E70B32FC838/execute/sync
2026-04-20 09:02:10.321 | WARNING  | ui_event.get_url:load_href_save:405 - 处理链接时出错: MaxRetryError, 跳过
2026-04-20 09:02:10.321 | WARNING  | urllib3.connectionpool:urlopen:868 - Retrying (Retry(total=2, connect=None, read=None, redirect=None, status=None)) after connection broken by 'NewConnectionError("HTTPConnection(host='localhost', port=62612): Failed to establish a new connection: [Errno 61] Connection refused")': /session/1F632528-B14A-41B0-ABA6-1E70B32FC838/execute/sync
2026-04-20 09:02:10.321 | WARNING  | urllib3.connectionpool:urlopen:868 - Retrying (Retry(total=1, connect=None, read=None, redirect=None, status=None)) after connection broken by 'NewConnectionError("HTTPConnection(host='localhost', port=62612): Failed to establish a new connection: [Errno 61] Connection refused")': /session/1F632528-B14A-41B0-ABA6-1E70B32FC838/execute/sync
2026-04-20 09:02:10.322 | WARNING  | urllib3.connectionpool:urlopen:868 - Retrying (Retry(total=0, connect=None, read=None, redirect=None, status=None)) after connection broken by 'NewConnectionError("HTTPConnection(host='localhost', port=62612): Failed to establish a new connection: [Errno 61] Connection refused")': /session/1F632528-B14A-41B0-ABA6-1E70B32FC838/execute/sync
2026-04-20 09:02:10.322 | WARNING  | ui_event.get_url:load_href_save:405 - 处理链接时出错: MaxRetryError, 跳过
2026-04-20 09:02:10.323 | WARNING  | urllib3.connectionpool:urlopen:868 - Retrying (Retry(total=2, connect=None, read=None, redirect=None, status=None)) after connection broken by 'NewConnectionError("HTTPConnection(host='localhost', port=62612): Failed to establish a new connection: [Errno 61] Connection refused")': /session/1F632528-B14A-41B0-ABA6-1E70B32FC838/execute/sync
2026-04-20 09:02:10.323 | WARNING  | urllib3.connectionpool:urlopen:868 - Retrying (Retry(total=1, connect=None, read=None, redirect=None, status=None)) after connection broken by 'NewConnectionError("HTTPConnection(host='localhost', port=62612): Failed to establish a new connection: [Errno 61] Connection refused")': /session/1F632528-B14A-41B0-ABA6-1E70B32FC838/execute/sync
2026-04-20 09:02:10.323 | WARNING  | urllib3.connectionpool:urlopen:868 - Retrying (Retry(total=0, connect=None, read=None, redirect=None, status=None)) after connection broken by 'NewConnectionError("HTTPConnection(host='localhost', port=62612): Failed to establish a new connection: [Errno 61] Connection refused")': /session/1F632528-B14A-41B0-ABA6-1E70B32FC838/execute/sync
2026-04-20 09:02:10.323 | WARNING  | ui_event.get_url:load_href_save:405 - 处理链接时出错: MaxRetryError, 跳过
2026-04-20 09:02:10.324 | WARNING  | urllib3.connectionpool:urlopen:868 - Retrying (Retry(total=2, connect=None, read=None, redirect=None, status=None)) after connection broken by 'NewConnectionError("HTTPConnection(host='localhost', port=62612): Failed to establish a new connection: [Errno 61] Connection refused")': /session/1F632528-B14A-41B0-ABA6-1E70B32FC838/execute/sync
2026-04-20 09:02:10.324 | WARNING  | urllib3.connectionpool:urlopen:868 - Retrying (Retry(total=1, connect=None, read=None, redirect=None, status=None)) after connection broken by 'NewConnectionError("HTTPConnection(host='localhost', port=62612): Failed to establish a new connection: [Errno 61] Connection refused")': /session/1F632528-B14A-41B0-ABA6-1E70B32FC838/execute/sync
2026-04-20 09:02:10.324 | WARNING  | urllib3.connectionpool:urlopen:868 - Retrying (Retry(total=0, connect=None, read=None, redirect=None, status=None)) after connection broken by 'NewConnectionError("HTTPConnection(host='localhost', port=62612): Failed to establish a new connection: [Errno 61] Connection refused")': /session/1F632528-B14A-41B0-ABA6-1E70B32FC838/execute/sync
2026-04-20 09:02:10.325 | WARNING  | ui_event.get_url:load_href_save:405 - 处理链接时出错: MaxRetryError, 跳过
2026-04-20 09:02:10.325 | WARNING  | urllib3.connectionpool:urlopen:868 - Retrying (Retry(total=2, connect=None, read=None, redirect=None, status=None)) after connection broken by 'NewConnectionError("HTTPConnection(host='localhost', port=62612): Failed to establish a new connection: [Errno 61] Connection refused")': /session/1F632528-B14A-41B0-ABA6-1E70B32FC838/execute/sync
2026-04-20 09:02:10.325 | WARNING  | urllib3.connectionpool:urlopen:868 - Retrying (Retry(total=1, connect=None, read=None, redirect=None, status=None)) after connection broken by 'NewConnectionError("HTTPConnection(host='localhost', port=62612): Failed to establish a new connection: [Errno 61] Connection refused")': /session/1F632528-B14A-41B0-ABA6-1E70B32FC838/execute/sync
2026-04-20 09:02:10.326 | WARNING  | urllib3.connectionpool:urlopen:868 - Retrying (Retry(total=0, connect=None, read=None, redirect=None, status=None)) after connection broken by 'NewConnectionError("HTTPConnection(host='localhost', port=62612): Failed to establish a new connection: [Errno 61] Connection refused")': /session/1F632528-B14A-41B0-ABA6-1E70B32FC838/execute/sync
2026-04-20 09:02:10.326 | WARNING  | ui_event.get_url:load_href_save:405 - 处理链接时出错: MaxRetryError, 跳过
2026-04-20 09:02:10.326 | WARNING  | urllib3.connectionpool:urlopen:868 - Retrying (Retry(total=2, connect=None, read=None, redirect=None, status=None)) after connection broken by 'NewConnectionError("HTTPConnection(host='localhost', port=62612): Failed to establish a new connection: [Errno 61] Connection refused")': /session/1F632528-B14A-41B0-ABA6-1E70B32FC838/execute/sync
2026-04-20 09:02:10.327 | WARNING  | urllib3.connectionpool:urlopen:868 - Retrying (Retry(total=1, connect=None, read=None, redirect=None, status=None)) after connection broken by 'NewConnectionError("HTTPConnection(host='localhost', port=62612): Failed to establish a new connection: [Errno 61] Connection refused")': /session/1F632528-B14A-41B0-ABA6-1E70B32FC838/execute/sync
2026-04-20 09:02:10.327 | WARNING  | urllib3.connectionpool:urlopen:868 - Retrying (Retry(total=0, connect=None, read=None, redirect=None, status=None)) after connection broken by 'NewConnectionError("HTTPConnection(host='localhost', port=62612): Failed to establish a new connection: [Errno 61] Connection refused")': /session/1F632528-B14A-41B0-ABA6-1E70B32FC838/execute/sync
2026-04-20 09:02:10.327 | WARNING  | ui_event.get_url:load_href_save:405 - 处理链接时出错: MaxRetryError, 跳过
2026-04-20 09:02:10.328 | WARNING  | urllib3.connectionpool:urlopen:868 - Retrying (Retry(total=2, connect=None, read=None, redirect=None, status=None)) after connection broken by 'NewConnectionError("HTTPConnection(host='localhost', port=62612): Failed to establish a new connection: [Errno 61] Connection refused")': /session/1F632528-B14A-41B0-ABA6-1E70B32FC838/execute/sync
2026-04-20 09:02:10.328 | WARNING  | urllib3.connectionpool:urlopen:868 - Retrying (Retry(total=1, connect=None, read=None, redirect=None, status=None)) after connection broken by 'NewConnectionError("HTTPConnection(host='localhost', port=62612): Failed to establish a new connection: [Errno 61] Connection refused")': /session/1F632528-B14A-41B0-ABA6-1E70B32FC838/execute/sync
2026-04-20 09:02:10.328 | WARNING  | urllib3.connectionpool:urlopen:868 - Retrying (Retry(total=0, connect=None, read=None, redirect=None, status=None)) after connection broken by 'NewConnectionError("HTTPConnection(host='localhost', port=62612): Failed to establish a new connection: [Errno 61] Connection refused")': /session/1F632528-B14A-41B0-ABA6-1E70B32FC838/execute/sync
2026-04-20 09:02:10.329 | WARNING  | ui_event.get_url:load_href_save:405 - 处理链接时出错: MaxRetryError, 跳过
2026-04-20 09:02:10.329 | WARNING  | urllib3.connectionpool:urlopen:868 - Retrying (Retry(total=2, connect=None, read=None, redirect=None, status=None)) after connection broken by 'NewConnectionError("HTTPConnection(host='localhost', port=62612): Failed to establish a new connection: [Errno 61] Connection refused")': /session/1F632528-B14A-41B0-ABA6-1E70B32FC838/execute/sync
2026-04-20 09:02:10.329 | WARNING  | urllib3.connectionpool:urlopen:868 - Retrying (Retry(total=1, connect=None, read=None, redirect=None, status=None)) after connection broken by 'NewConnectionError("HTTPConnection(host='localhost', port=62612): Failed to establish a new connection: [Errno 61] Connection refused")': /session/1F632528-B14A-41B0-ABA6-1E70B32FC838/execute/sync
2026-04-20 09:02:10.330 | WARNING  | urllib3.connectionpool:urlopen:868 - Retrying (Retry(total=0, connect=None, read=None, redirect=None, status=None)) after connection broken by 'NewConnectionError("HTTPConnection(host='localhost', port=62612): Failed to establish a new connection: [Errno 61] Connection refused")': /session/1F632528-B14A-41B0-ABA6-1E70B32FC838/execute/sync
2026-04-20 09:02:10.330 | WARNING  | ui_event.get_url:load_href_save:405 - 处理链接时出错: MaxRetryError, 跳过
2026-04-20 09:02:10.330 | WARNING  | urllib3.connectionpool:urlopen:868 - Retrying (Retry(total=2, connect=None, read=None, redirect=None, status=None)) after connection broken by 'NewConnectionError("HTTPConnection(host='localhost', port=62612): Failed to establish a new connection: [Errno 61] Connection refused")': /session/1F632528-B14A-41B0-ABA6-1E70B32FC838/execute/sync
2026-04-20 09:02:10.331 | WARNING  | urllib3.connectionpool:urlopen:868 - Retrying (Retry(total=1, connect=None, read=None, redirect=None, status=None)) after connection broken by 'NewConnectionError("HTTPConnection(host='localhost', port=62612): Failed to establish a new connection: [Errno 61] Connection refused")': /session/1F632528-B14A-41B0-ABA6-1E70B32FC838/execute/sync
2026-04-20 09:02:10.331 | WARNING  | urllib3.connectionpool:urlopen:868 - Retrying (Retry(total=0, connect=None, read=None, redirect=None, status=None)) after connection broken by 'NewConnectionError("HTTPConnection(host='localhost', port=62612): Failed to establish a new connection: [Errno 61] Connection refused")': /session/1F632528-B14A-41B0-ABA6-1E70B32FC838/execute/sync
2026-04-20 09:02:10.331 | WARNING  | ui_event.get_url:load_href_save:405 - 处理链接时出错: MaxRetryError, 跳过
2026-04-20 09:02:10.332 | WARNING  | urllib3.connectionpool:urlopen:868 - Retrying (Retry(total=2, connect=None, read=None, redirect=None, status=None)) after connection broken by 'NewConnectionError("HTTPConnection(host='localhost', port=62612): Failed to establish a new connection: [Errno 61] Connection refused")': /session/1F632528-B14A-41B0-ABA6-1E70B32FC838/execute/sync
2026-04-20 09:02:10.332 | WARNING  | urllib3.connectionpool:urlopen:868 - Retrying (Retry(total=1, connect=None, read=None, redirect=None, status=None)) after connection broken by 'NewConnectionError("HTTPConnection(host='localhost', port=62612): Failed to establish a new connection: [Errno 61] Connection refused")': /session/1F632528-B14A-41B0-ABA6-1E70B32FC838/execute/sync
2026-04-20 09:02:10.333 | WARNING  | urllib3.connectionpool:urlopen:868 - Retrying (Retry(total=0, connect=None, read=None, redirect=None, status=None)) after connection broken by 'NewConnectionError("HTTPConnection(host='localhost', port=62612): Failed to establish a new connection: [Errno 61] Connection refused")': /session/1F632528-B14A-41B0-ABA6-1E70B32FC838/execute/sync
2026-04-20 09:02:10.333 | WARNING  | ui_event.get_url:load_href_save:405 - 处理链接时出错: MaxRetryError, 跳过
2026-04-20 09:02:10.333 | WARNING  | urllib3.connectionpool:urlopen:868 - Retrying (Retry(total=2, connect=None, read=None, redirect=None, status=None)) after connection broken by 'NewConnectionError("HTTPConnection(host='localhost', port=62612): Failed to establish a new connection: [Errno 61] Connection refused")': /session/1F632528-B14A-41B0-ABA6-1E70B32FC838/execute/sync
2026-04-20 09:02:10.334 | WARNING  | urllib3.connectionpool:urlopen:868 - Retrying (Retry(total=1, connect=None, read=None, redirect=None, status=None)) after connection broken by 'NewConnectionError("HTTPConnection(host='localhost', port=62612): Failed to establish a new connection: [Errno 61] Connection refused")': /session/1F632528-B14A-41B0-ABA6-1E70B32FC838/execute/sync
2026-04-20 09:02:10.334 | WARNING  | urllib3.connectionpool:urlopen:868 - Retrying (Retry(total=0, connect=None, read=None, redirect=None, status=None)) after connection broken by 'NewConnectionError("HTTPConnection(host='localhost', port=62612): Failed to establish a new connection: [Errno 61] Connection refused")': /session/1F632528-B14A-41B0-ABA6-1E70B32FC838/execute/sync
2026-04-20 09:02:10.334 | WARNING  | ui_event.get_url:load_href_save:405 - 处理链接时出错: MaxRetryError, 跳过
2026-04-20 09:02:10.335 | WARNING  | urllib3.connectionpool:urlopen:868 - Retrying (Retry(total=2, connect=None, read=None, redirect=None, status=None)) after connection broken by 'NewConnectionError("HTTPConnection(host='localhost', port=62612): Failed to establish a new connection: [Errno 61] Connection refused")': /session/1F632528-B14A-41B0-ABA6-1E70B32FC838/execute/sync
2026-04-20 09:02:10.335 | WARNING  | urllib3.connectionpool:urlopen:868 - Retrying (Retry(total=1, connect=None, read=None, redirect=None, status=None)) after connection broken by 'NewConnectionError("HTTPConnection(host='localhost', port=62612): Failed to establish a new connection: [Errno 61] Connection refused")': /session/1F632528-B14A-41B0-ABA6-1E70B32FC838/execute/sync
2026-04-20 09:02:10.335 | WARNING  | urllib3.connectionpool:urlopen:868 - Retrying (Retry(total=0, connect=None, read=None, redirect=None, status=None)) after connection broken by 'NewConnectionError("HTTPConnection(host='localhost', port=62612): Failed to establish a new connection: [Errno 61] Connection refused")': /session/1F632528-B14A-41B0-ABA6-1E70B32FC838/execute/sync
2026-04-20 09:02:10.336 | WARNING  | ui_event.get_url:load_href_save:405 - 处理链接时出错: MaxRetryError, 跳过
2026-04-20 09:02:10.336 | WARNING  | urllib3.connectionpool:urlopen:868 - Retrying (Retry(total=2, connect=None, read=None, redirect=None, status=None)) after connection broken by 'NewConnectionError("HTTPConnection(host='localhost', port=62612): Failed to establish a new connection: [Errno 61] Connection refused")': /session/1F632528-B14A-41B0-ABA6-1E70B32FC838/execute/sync
2026-04-20 09:02:10.336 | WARNING  | urllib3.connectionpool:urlopen:868 - Retrying (Retry(total=1, connect=None, read=None, redirect=None, status=None)) after connection broken by 'NewConnectionError("HTTPConnection(host='localhost', port=62612): Failed to establish a new connection: [Errno 61] Connection refused")': /session/1F632528-B14A-41B0-ABA6-1E70B32FC838/execute/sync
2026-04-20 09:02:10.337 | WARNING  | urllib3.connectionpool:urlopen:868 - Retrying (Retry(total=0, connect=None, read=None, redirect=None, status=None)) after connection broken by 'NewConnectionError("HTTPConnection(host='localhost', port=62612): Failed to establish a new connection: [Errno 61] Connection refused")': /session/1F632528-B14A-41B0-ABA6-1E70B32FC838/execute/sync
2026-04-20 09:02:10.337 | WARNING  | ui_event.get_url:load_href_save:405 - 处理链接时出错: MaxRetryError, 跳过
2026-04-20 09:02:10.337 | WARNING  | urllib3.connectionpool:urlopen:868 - Retrying (Retry(total=2, connect=None, read=None, redirect=None, status=None)) after connection broken by 'NewConnectionError("HTTPConnection(host='localhost', port=62612): Failed to establish a new connection: [Errno 61] Connection refused")': /session/1F632528-B14A-41B0-ABA6-1E70B32FC838/execute/sync
2026-04-20 09:02:10.338 | WARNING  | urllib3.connectionpool:urlopen:868 - Retrying (Retry(total=1, connect=None, read=None, redirect=None, status=None)) after connection broken by 'NewConnectionError("HTTPConnection(host='localhost', port=62612): Failed to establish a new connection: [Errno 61] Connection refused")': /session/1F632528-B14A-41B0-ABA6-1E70B32FC838/execute/sync
2026-04-20 09:02:10.338 | WARNING  | urllib3.connectionpool:urlopen:868 - Retrying (Retry(total=0, connect=None, read=None, redirect=None, status=None)) after connection broken by 'NewConnectionError("HTTPConnection(host='localhost', port=62612): Failed to establish a new connection: [Errno 61] Connection refused")': /session/1F632528-B14A-41B0-ABA6-1E70B32FC838/execute/sync
2026-04-20 09:02:10.339 | WARNING  | ui_event.get_url:load_href_save:405 - 处理链接时出错: MaxRetryError, 跳过
2026-04-20 09:02:10.339 | WARNING  | urllib3.connectionpool:urlopen:868 - Retrying (Retry(total=2, connect=None, read=None, redirect=None, status=None)) after connection broken by 'NewConnectionError("HTTPConnection(host='localhost', port=62612): Failed to establish a new connection: [Errno 61] Connection refused")': /session/1F632528-B14A-41B0-ABA6-1E70B32FC838/execute/sync
2026-04-20 09:02:10.339 | WARNING  | urllib3.connectionpool:urlopen:868 - Retrying (Retry(total=1, connect=None, read=None, redirect=None, status=None)) after connection broken by 'NewConnectionError("HTTPConnection(host='localhost', port=62612): Failed to establish a new connection: [Errno 61] Connection refused")': /session/1F632528-B14A-41B0-ABA6-1E70B32FC838/execute/sync
2026-04-20 09:02:10.340 | WARNING  | urllib3.connectionpool:urlopen:868 - Retrying (Retry(total=0, connect=None, read=None, redirect=None, status=None)) after connection broken by 'NewConnectionError("HTTPConnection(host='localhost', port=62612): Failed to establish a new connection: [Errno 61] Connection refused")': /session/1F632528-B14A-41B0-ABA6-1E70B32FC838/execute/sync
2026-04-20 09:02:10.340 | WARNING  | ui_event.get_url:load_href_save:405 - 处理链接时出错: MaxRetryError, 跳过
2026-04-20 09:02:10.340 | WARNING  | urllib3.connectionpool:urlopen:868 - Retrying (Retry(total=2, connect=None, read=None, redirect=None, status=None)) after connection broken by 'NewConnectionError("HTTPConnection(host='localhost', port=62612): Failed to establish a new connection: [Errno 61] Connection refused")': /session/1F632528-B14A-41B0-ABA6-1E70B32FC838/execute/sync
2026-04-20 09:02:10.341 | WARNING  | urllib3.connectionpool:urlopen:868 - Retrying (Retry(total=1, connect=None, read=None, redirect=None, status=None)) after connection broken by 'NewConnectionError("HTTPConnection(host='localhost', port=62612): Failed to establish a new connection: [Errno 61] Connection refused")': /session/1F632528-B14A-41B0-ABA6-1E70B32FC838/execute/sync
2026-04-20 09:02:10.341 | WARNING  | urllib3.connectionpool:urlopen:868 - Retrying (Retry(total=0, connect=None, read=None, redirect=None, status=None)) after connection broken by 'NewConnectionError("HTTPConnection(host='localhost', port=62612): Failed to establish a new connection: [Errno 61] Connection refused")': /session/1F632528-B14A-41B0-ABA6-1E70B32FC838/execute/sync
2026-04-20 09:02:10.341 | WARNING  | ui_event.get_url:load_href_save:405 - 处理链接时出错: MaxRetryError, 跳过
2026-04-20 09:02:10.342 | WARNING  | urllib3.connectionpool:urlopen:868 - Retrying (Retry(total=2, connect=None, read=None, redirect=None, status=None)) after connection broken by 'NewConnectionError("HTTPConnection(host='localhost', port=62612): Failed to establish a new connection: [Errno 61] Connection refused")': /session/1F632528-B14A-41B0-ABA6-1E70B32FC838/execute/sync
2026-04-20 09:02:10.342 | WARNING  | urllib3.connectionpool:urlopen:868 - Retrying (Retry(total=1, connect=None, read=None, redirect=None, status=None)) after connection broken by 'NewConnectionError("HTTPConnection(host='localhost', port=62612): Failed to establish a new connection: [Errno 61] Connection refused")': /session/1F632528-B14A-41B0-ABA6-1E70B32FC838/execute/sync
2026-04-20 09:02:10.342 | WARNING  | urllib3.connectionpool:urlopen:868 - Retrying (Retry(total=0, connect=None, read=None, redirect=None, status=None)) after connection broken by 'NewConnectionError("HTTPConnection(host='localhost', port=62612): Failed to establish a new connection: [Errno 61] Connection refused")': /session/1F632528-B14A-41B0-ABA6-1E70B32FC838/execute/sync
2026-04-20 09:02:10.343 | WARNING  | ui_event.get_url:load_href_save:405 - 处理链接时出错: MaxRetryError, 跳过
2026-04-20 09:02:10.344 | WARNING  | urllib3.connectionpool:urlopen:868 - Retrying (Retry(total=2, connect=None, read=None, redirect=None, status=None)) after connection broken by 'NewConnectionError("HTTPConnection(host='localhost', port=62612): Failed to establish a new connection: [Errno 61] Connection refused")': /session/1F632528-B14A-41B0-ABA6-1E70B32FC838/execute/sync
2026-04-20 09:02:10.344 | WARNING  | urllib3.connectionpool:urlopen:868 - Retrying (Retry(total=1, connect=None, read=None, redirect=None, status=None)) after connection broken by 'NewConnectionError("HTTPConnection(host='localhost', port=62612): Failed to establish a new connection: [Errno 61] Connection refused")': /session/1F632528-B14A-41B0-ABA6-1E70B32FC838/execute/sync
2026-04-20 09:02:10.344 | WARNING  | urllib3.connectionpool:urlopen:868 - Retrying (Retry(total=0, connect=None, read=None, redirect=None, status=None)) after connection broken by 'NewConnectionError("HTTPConnection(host='localhost', port=62612): Failed to establish a new connection: [Errno 61] Connection refused")': /session/1F632528-B14A-41B0-ABA6-1E70B32FC838/execute/sync
2026-04-20 09:02:10.345 | WARNING  | ui_event.get_url:load_href_save:405 - 处理链接时出错: MaxRetryError, 跳过
2026-04-20 09:02:10.345 | WARNING  | urllib3.connectionpool:urlopen:868 - Retrying (Retry(total=2, connect=None, read=None, redirect=None, status=None)) after connection broken by 'NewConnectionError("HTTPConnection(host='localhost', port=62612): Failed to establish a new connection: [Errno 61] Connection refused")': /session/1F632528-B14A-41B0-ABA6-1E70B32FC838/execute/sync
2026-04-20 09:02:10.345 | WARNING  | urllib3.connectionpool:urlopen:868 - Retrying (Retry(total=1, connect=None, read=None, redirect=None, status=None)) after connection broken by 'NewConnectionError("HTTPConnection(host='localhost', port=62612): Failed to establish a new connection: [Errno 61] Connection refused")': /session/1F632528-B14A-41B0-ABA6-1E70B32FC838/execute/sync
2026-04-20 09:02:10.346 | WARNING  | urllib3.connectionpool:urlopen:868 - Retrying (Retry(total=0, connect=None, read=None, redirect=None, status=None)) after connection broken by 'NewConnectionError("HTTPConnection(host='localhost', port=62612): Failed to establish a new connection: [Errno 61] Connection refused")': /session/1F632528-B14A-41B0-ABA6-1E70B32FC838/execute/sync
2026-04-20 09:02:10.346 | WARNING  | ui_event.get_url:load_href_save:405 - 处理链接时出错: MaxRetryError, 跳过
2026-04-20 09:02:10.347 | WARNING  | urllib3.connectionpool:urlopen:868 - Retrying (Retry(total=2, connect=None, read=None, redirect=None, status=None)) after connection broken by 'NewConnectionError("HTTPConnection(host='localhost', port=62612): Failed to establish a new connection: [Errno 61] Connection refused")': /session/1F632528-B14A-41B0-ABA6-1E70B32FC838/execute/sync
2026-04-20 09:02:10.347 | WARNING  | urllib3.connectionpool:urlopen:868 - Retrying (Retry(total=1, connect=None, read=None, redirect=None, status=None)) after connection broken by 'NewConnectionError("HTTPConnection(host='localhost', port=62612): Failed to establish a new connection: [Errno 61] Connection refused")': /session/1F632528-B14A-41B0-ABA6-1E70B32FC838/execute/sync
2026-04-20 09:02:10.347 | WARNING  | urllib3.connectionpool:urlopen:868 - Retrying (Retry(total=0, connect=None, read=None, redirect=None, status=None)) after connection broken by 'NewConnectionError("HTTPConnection(host='localhost', port=62612): Failed to establish a new connection: [Errno 61] Connection refused")': /session/1F632528-B14A-41B0-ABA6-1E70B32FC838/execute/sync
2026-04-20 09:02:10.348 | WARNING  | ui_event.get_url:load_href_save:405 - 处理链接时出错: MaxRetryError, 跳过
2026-04-20 09:02:10.348 | WARNING  | urllib3.connectionpool:urlopen:868 - Retrying (Retry(total=2, connect=None, read=None, redirect=None, status=None)) after connection broken by 'NewConnectionError("HTTPConnection(host='localhost', port=62612): Failed to establish a new connection: [Errno 61] Connection refused")': /session/1F632528-B14A-41B0-ABA6-1E70B32FC838/execute/sync
2026-04-20 09:02:10.348 | WARNING  | urllib3.connectionpool:urlopen:868 - Retrying (Retry(total=1, connect=None, read=None, redirect=None, status=None)) after connection broken by 'NewConnectionError("HTTPConnection(host='localhost', port=62612): Failed to establish a new connection: [Errno 61] Connection refused")': /session/1F632528-B14A-41B0-ABA6-1E70B32FC838/execute/sync
2026-04-20 09:02:10.349 | WARNING  | urllib3.connectionpool:urlopen:868 - Retrying (Retry(total=0, connect=None, read=None, redirect=None, status=None)) after connection broken by 'NewConnectionError("HTTPConnection(host='localhost', port=62612): Failed to establish a new connection: [Errno 61] Connection refused")': /session/1F632528-B14A-41B0-ABA6-1E70B32FC838/execute/sync
2026-04-20 09:02:10.349 | WARNING  | ui_event.get_url:load_href_save:405 - 处理链接时出错: MaxRetryError, 跳过
2026-04-20 09:02:10.349 | WARNING  | urllib3.connectionpool:urlopen:868 - Retrying (Retry(total=2, connect=None, read=None, redirect=None, status=None)) after connection broken by 'NewConnectionError("HTTPConnection(host='localhost', port=62612): Failed to establish a new connection: [Errno 61] Connection refused")': /session/1F632528-B14A-41B0-ABA6-1E70B32FC838/execute/sync
2026-04-20 09:02:10.350 | WARNING  | urllib3.connectionpool:urlopen:868 - Retrying (Retry(total=1, connect=None, read=None, redirect=None, status=None)) after connection broken by 'NewConnectionError("HTTPConnection(host='localhost', port=62612): Failed to establish a new connection: [Errno 61] Connection refused")': /session/1F632528-B14A-41B0-ABA6-1E70B32FC838/execute/sync
2026-04-20 09:02:10.350 | WARNING  | urllib3.connectionpool:urlopen:868 - Retrying (Retry(total=0, connect=None, read=None, redirect=None, status=None)) after connection broken by 'NewConnectionError("HTTPConnection(host='localhost', port=62612): Failed to establish a new connection: [Errno 61] Connection refused")': /session/1F632528-B14A-41B0-ABA6-1E70B32FC838/execute/sync
2026-04-20 09:02:10.350 | WARNING  | ui_event.get_url:load_href_save:405 - 处理链接时出错: MaxRetryError, 跳过
2026-04-20 09:02:10.351 | WARNING  | urllib3.connectionpool:urlopen:868 - Retrying (Retry(total=2, connect=None, read=None, redirect=None, status=None)) after connection broken by 'NewConnectionError("HTTPConnection(host='localhost', port=62612): Failed to establish a new connection: [Errno 61] Connection refused")': /session/1F632528-B14A-41B0-ABA6-1E70B32FC838/execute/sync
2026-04-20 09:02:10.351 | WARNING  | urllib3.connectionpool:urlopen:868 - Retrying (Retry(total=1, connect=None, read=None, redirect=None, status=None)) after connection broken by 'NewConnectionError("HTTPConnection(host='localhost', port=62612): Failed to establish a new connection: [Errno 61] Connection refused")': /session/1F632528-B14A-41B0-ABA6-1E70B32FC838/execute/sync
2026-04-20 09:02:10.352 | WARNING  | urllib3.connectionpool:urlopen:868 - Retrying (Retry(total=0, connect=None, read=None, redirect=None, status=None)) after connection broken by 'NewConnectionError("HTTPConnection(host='localhost', port=62612): Failed to establish a new connection: [Errno 61] Connection refused")': /session/1F632528-B14A-41B0-ABA6-1E70B32FC838/execute/sync
2026-04-20 09:02:10.353 | WARNING  | ui_event.get_url:load_href_save:405 - 处理链接时出错: MaxRetryError, 跳过
2026-04-20 09:02:10.353 | WARNING  | urllib3.connectionpool:urlopen:868 - Retrying (Retry(total=2, connect=None, read=None, redirect=None, status=None)) after connection broken by 'NewConnectionError("HTTPConnection(host='localhost', port=62612): Failed to establish a new connection: [Errno 61] Connection refused")': /session/1F632528-B14A-41B0-ABA6-1E70B32FC838/execute/sync
2026-04-20 09:02:10.354 | WARNING  | urllib3.connectionpool:urlopen:868 - Retrying (Retry(total=1, connect=None, read=None, redirect=None, status=None)) after connection broken by 'NewConnectionError("HTTPConnection(host='localhost', port=62612): Failed to establish a new connection: [Errno 61] Connection refused")': /session/1F632528-B14A-41B0-ABA6-1E70B32FC838/execute/sync
2026-04-20 09:02:10.354 | WARNING  | urllib3.connectionpool:urlopen:868 - Retrying (Retry(total=0, connect=None, read=None, redirect=None, status=None)) after connection broken by 'NewConnectionError("HTTPConnection(host='localhost', port=62612): Failed to establish a new connection: [Errno 61] Connection refused")': /session/1F632528-B14A-41B0-ABA6-1E70B32FC838/execute/sync
2026-04-20 09:02:10.354 | WARNING  | ui_event.get_url:load_href_save:405 - 处理链接时出错: MaxRetryError, 跳过
2026-04-20 09:02:10.355 | WARNING  | urllib3.connectionpool:urlopen:868 - Retrying (Retry(total=2, connect=None, read=None, redirect=None, status=None)) after connection broken by 'NewConnectionError("HTTPConnection(host='localhost', port=62612): Failed to establish a new connection: [Errno 61] Connection refused")': /session/1F632528-B14A-41B0-ABA6-1E70B32FC838/execute/sync
2026-04-20 09:02:10.355 | WARNING  | urllib3.connectionpool:urlopen:868 - Retrying (Retry(total=1, connect=None, read=None, redirect=None, status=None)) after connection broken by 'NewConnectionError("HTTPConnection(host='localhost', port=62612): Failed to establish a new connection: [Errno 61] Connection refused")': /session/1F632528-B14A-41B0-ABA6-1E70B32FC838/execute/sync
2026-04-20 09:02:10.355 | WARNING  | urllib3.connectionpool:urlopen:868 - Retrying (Retry(total=0, connect=None, read=None, redirect=None, status=None)) after connection broken by 'NewConnectionError("HTTPConnection(host='localhost', port=62612): Failed to establish a new connection: [Errno 61] Connection refused")': /session/1F632528-B14A-41B0-ABA6-1E70B32FC838/execute/sync
2026-04-20 09:02:10.355 | WARNING  | ui_event.get_url:load_href_save:405 - 处理链接时出错: MaxRetryError, 跳过
2026-04-20 09:02:10.356 | WARNING  | urllib3.connectionpool:urlopen:868 - Retrying (Retry(total=2, connect=None, read=None, redirect=None, status=None)) after connection broken by 'NewConnectionError("HTTPConnection(host='localhost', port=62612): Failed to establish a new connection: [Errno 61] Connection refused")': /session/1F632528-B14A-41B0-ABA6-1E70B32FC838/execute/sync
2026-04-20 09:02:10.356 | WARNING  | urllib3.connectionpool:urlopen:868 - Retrying (Retry(total=1, connect=None, read=None, redirect=None, status=None)) after connection broken by 'NewConnectionError("HTTPConnection(host='localhost', port=62612): Failed to establish a new connection: [Errno 61] Connection refused")': /session/1F632528-B14A-41B0-ABA6-1E70B32FC838/execute/sync
2026-04-20 09:02:10.356 | WARNING  | urllib3.connectionpool:urlopen:868 - Retrying (Retry(total=0, connect=None, read=None, redirect=None, status=None)) after connection broken by 'NewConnectionError("HTTPConnection(host='localhost', port=62612): Failed to establish a new connection: [Errno 61] Connection refused")': /session/1F632528-B14A-41B0-ABA6-1E70B32FC838/execute/sync
2026-04-20 09:02:10.357 | WARNING  | ui_event.get_url:load_href_save:405 - 处理链接时出错: MaxRetryError, 跳过
2026-04-20 09:02:10.357 | WARNING  | urllib3.connectionpool:urlopen:868 - Retrying (Retry(total=2, connect=None, read=None, redirect=None, status=None)) after connection broken by 'NewConnectionError("HTTPConnection(host='localhost', port=62612): Failed to establish a new connection: [Errno 61] Connection refused")': /session/1F632528-B14A-41B0-ABA6-1E70B32FC838/execute/sync
2026-04-20 09:02:10.357 | WARNING  | urllib3.connectionpool:urlopen:868 - Retrying (Retry(total=1, connect=None, read=None, redirect=None, status=None)) after connection broken by 'NewConnectionError("HTTPConnection(host='localhost', port=62612): Failed to establish a new connection: [Errno 61] Connection refused")': /session/1F632528-B14A-41B0-ABA6-1E70B32FC838/execute/sync
2026-04-20 09:02:10.358 | WARNING  | urllib3.connectionpool:urlopen:868 - Retrying (Retry(total=0, connect=None, read=None, redirect=None, status=None)) after connection broken by 'NewConnectionError("HTTPConnection(host='localhost', port=62612): Failed to establish a new connection: [Errno 61] Connection refused")': /session/1F632528-B14A-41B0-ABA6-1E70B32FC838/execute/sync
2026-04-20 09:02:10.358 | WARNING  | ui_event.get_url:load_href_save:405 - 处理链接时出错: MaxRetryError, 跳过
2026-04-20 09:02:10.359 | WARNING  | urllib3.connectionpool:urlopen:868 - Retrying (Retry(total=2, connect=None, read=None, redirect=None, status=None)) after connection broken by 'NewConnectionError("HTTPConnection(host='localhost', port=62612): Failed to establish a new connection: [Errno 61] Connection refused")': /session/1F632528-B14A-41B0-ABA6-1E70B32FC838/execute/sync
2026-04-20 09:02:10.359 | WARNING  | urllib3.connectionpool:urlopen:868 - Retrying (Retry(total=1, connect=None, read=None, redirect=None, status=None)) after connection broken by 'NewConnectionError("HTTPConnection(host='localhost', port=62612): Failed to establish a new connection: [Errno 61] Connection refused")': /session/1F632528-B14A-41B0-ABA6-1E70B32FC838/execute/sync
2026-04-20 09:02:10.359 | WARNING  | urllib3.connectionpool:urlopen:868 - Retrying (Retry(total=0, connect=None, read=None, redirect=None, status=None)) after connection broken by 'NewConnectionError("HTTPConnection(host='localhost', port=62612): Failed to establish a new connection: [Errno 61] Connection refused")': /session/1F632528-B14A-41B0-ABA6-1E70B32FC838/execute/sync
2026-04-20 09:02:10.360 | WARNING  | ui_event.get_url:load_href_save:405 - 处理链接时出错: MaxRetryError, 跳过
2026-04-20 09:02:10.360 | WARNING  | urllib3.connectionpool:urlopen:868 - Retrying (Retry(total=2, connect=None, read=None, redirect=None, status=None)) after connection broken by 'NewConnectionError("HTTPConnection(host='localhost', port=62612): Failed to establish a new connection: [Errno 61] Connection refused")': /session/1F632528-B14A-41B0-ABA6-1E70B32FC838/execute/sync
2026-04-20 09:02:10.360 | WARNING  | urllib3.connectionpool:urlopen:868 - Retrying (Retry(total=1, connect=None, read=None, redirect=None, status=None)) after connection broken by 'NewConnectionError("HTTPConnection(host='localhost', port=62612): Failed to establish a new connection: [Errno 61] Connection refused")': /session/1F632528-B14A-41B0-ABA6-1E70B32FC838/execute/sync
2026-04-20 09:02:10.361 | WARNING  | urllib3.connectionpool:urlopen:868 - Retrying (Retry(total=0, connect=None, read=None, redirect=None, status=None)) after connection broken by 'NewConnectionError("HTTPConnection(host='localhost', port=62612): Failed to establish a new connection: [Errno 61] Connection refused")': /session/1F632528-B14A-41B0-ABA6-1E70B32FC838/execute/sync
2026-04-20 09:02:10.361 | WARNING  | ui_event.get_url:load_href_save:405 - 处理链接时出错: MaxRetryError, 跳过
2026-04-20 09:02:10.361 | WARNING  | urllib3.connectionpool:urlopen:868 - Retrying (Retry(total=2, connect=None, read=None, redirect=None, status=None)) after connection broken by 'NewConnectionError("HTTPConnection(host='localhost', port=62612): Failed to establish a new connection: [Errno 61] Connection refused")': /session/1F632528-B14A-41B0-ABA6-1E70B32FC838/execute/sync
2026-04-20 09:02:10.362 | WARNING  | urllib3.connectionpool:urlopen:868 - Retrying (Retry(total=1, connect=None, read=None, redirect=None, status=None)) after connection broken by 'NewConnectionError("HTTPConnection(host='localhost', port=62612): Failed to establish a new connection: [Errno 61] Connection refused")': /session/1F632528-B14A-41B0-ABA6-1E70B32FC838/execute/sync
2026-04-20 09:02:10.362 | WARNING  | urllib3.connectionpool:urlopen:868 - Retrying (Retry(total=0, connect=None, read=None, redirect=None, status=None)) after connection broken by 'NewConnectionError("HTTPConnection(host='localhost', port=62612): Failed to establish a new connection: [Errno 61] Connection refused")': /session/1F632528-B14A-41B0-ABA6-1E70B32FC838/execute/sync
2026-04-20 09:02:10.362 | WARNING  | ui_event.get_url:load_href_save:405 - 处理链接时出错: MaxRetryError, 跳过
2026-04-20 09:02:10.363 | WARNING  | urllib3.connectionpool:urlopen:868 - Retrying (Retry(total=2, connect=None, read=None, redirect=None, status=None)) after connection broken by 'NewConnectionError("HTTPConnection(host='localhost', port=62612): Failed to establish a new connection: [Errno 61] Connection refused")': /session/1F632528-B14A-41B0-ABA6-1E70B32FC838/execute/sync
2026-04-20 09:02:10.363 | WARNING  | urllib3.connectionpool:urlopen:868 - Retrying (Retry(total=1, connect=None, read=None, redirect=None, status=None)) after connection broken by 'NewConnectionError("HTTPConnection(host='localhost', port=62612): Failed to establish a new connection: [Errno 61] Connection refused")': /session/1F632528-B14A-41B0-ABA6-1E70B32FC838/execute/sync
2026-04-20 09:02:10.363 | WARNING  | urllib3.connectionpool:urlopen:868 - Retrying (Retry(total=0, connect=None, read=None, redirect=None, status=None)) after connection broken by 'NewConnectionError("HTTPConnection(host='localhost', port=62612): Failed to establish a new connection: [Errno 61] Connection refused")': /session/1F632528-B14A-41B0-ABA6-1E70B32FC838/execute/sync
2026-04-20 09:02:10.364 | WARNING  | ui_event.get_url:load_href_save:405 - 处理链接时出错: MaxRetryError, 跳过
2026-04-20 09:02:10.364 | WARNING  | urllib3.connectionpool:urlopen:868 - Retrying (Retry(total=2, connect=None, read=None, redirect=None, status=None)) after connection broken by 'NewConnectionError("HTTPConnection(host='localhost', port=62612): Failed to establish a new connection: [Errno 61] Connection refused")': /session/1F632528-B14A-41B0-ABA6-1E70B32FC838/execute/sync
2026-04-20 09:02:10.364 | WARNING  | urllib3.connectionpool:urlopen:868 - Retrying (Retry(total=1, connect=None, read=None, redirect=None, status=None)) after connection broken by 'NewConnectionError("HTTPConnection(host='localhost', port=62612): Failed to establish a new connection: [Errno 61] Connection refused")': /session/1F632528-B14A-41B0-ABA6-1E70B32FC838/execute/sync
2026-04-20 09:02:10.365 | WARNING  | urllib3.connectionpool:urlopen:868 - Retrying (Retry(total=0, connect=None, read=None, redirect=None, status=None)) after connection broken by 'NewConnectionError("HTTPConnection(host='localhost', port=62612): Failed to establish a new connection: [Errno 61] Connection refused")': /session/1F632528-B14A-41B0-ABA6-1E70B32FC838/execute/sync
2026-04-20 09:02:10.365 | WARNING  | ui_event.get_url:load_href_save:405 - 处理链接时出错: MaxRetryError, 跳过
2026-04-20 09:02:10.365 | WARNING  | urllib3.connectionpool:urlopen:868 - Retrying (Retry(total=2, connect=None, read=None, redirect=None, status=None)) after connection broken by 'NewConnectionError("HTTPConnection(host='localhost', port=62612): Failed to establish a new connection: [Errno 61] Connection refused")': /session/1F632528-B14A-41B0-ABA6-1E70B32FC838/execute/sync
2026-04-20 09:02:10.366 | WARNING  | urllib3.connectionpool:urlopen:868 - Retrying (Retry(total=1, connect=None, read=None, redirect=None, status=None)) after connection broken by 'NewConnectionError("HTTPConnection(host='localhost', port=62612): Failed to establish a new connection: [Errno 61] Connection refused")': /session/1F632528-B14A-41B0-ABA6-1E70B32FC838/execute/sync
2026-04-20 09:02:10.366 | WARNING  | urllib3.connectionpool:urlopen:868 - Retrying (Retry(total=0, connect=None, read=None, redirect=None, status=None)) after connection broken by 'NewConnectionError("HTTPConnection(host='localhost', port=62612): Failed to establish a new connection: [Errno 61] Connection refused")': /session/1F632528-B14A-41B0-ABA6-1E70B32FC838/execute/sync
2026-04-20 09:02:10.366 | WARNING  | ui_event.get_url:load_href_save:405 - 处理链接时出错: MaxRetryError, 跳过
2026-04-20 09:02:10.367 | WARNING  | urllib3.connectionpool:urlopen:868 - Retrying (Retry(total=2, connect=None, read=None, redirect=None, status=None)) after connection broken by 'NewConnectionError("HTTPConnection(host='localhost', port=62612): Failed to establish a new connection: [Errno 61] Connection refused")': /session/1F632528-B14A-41B0-ABA6-1E70B32FC838/execute/sync
2026-04-20 09:02:10.367 | WARNING  | urllib3.connectionpool:urlopen:868 - Retrying (Retry(total=1, connect=None, read=None, redirect=None, status=None)) after connection broken by 'NewConnectionError("HTTPConnection(host='localhost', port=62612): Failed to establish a new connection: [Errno 61] Connection refused")': /session/1F632528-B14A-41B0-ABA6-1E70B32FC838/execute/sync
2026-04-20 09:02:10.368 | WARNING  | urllib3.connectionpool:urlopen:868 - Retrying (Retry(total=0, connect=None, read=None, redirect=None, status=None)) after connection broken by 'NewConnectionError("HTTPConnection(host='localhost', port=62612): Failed to establish a new connection: [Errno 61] Connection refused")': /session/1F632528-B14A-41B0-ABA6-1E70B32FC838/execute/sync
2026-04-20 09:02:10.368 | WARNING  | ui_event.get_url:load_href_save:405 - 处理链接时出错: MaxRetryError, 跳过
2026-04-20 09:02:10.368 | WARNING  | urllib3.connectionpool:urlopen:868 - Retrying (Retry(total=2, connect=None, read=None, redirect=None, status=None)) after connection broken by 'NewConnectionError("HTTPConnection(host='localhost', port=62612): Failed to establish a new connection: [Errno 61] Connection refused")': /session/1F632528-B14A-41B0-ABA6-1E70B32FC838/execute/sync
2026-04-20 09:02:10.369 | WARNING  | urllib3.connectionpool:urlopen:868 - Retrying (Retry(total=1, connect=None, read=None, redirect=None, status=None)) after connection broken by 'NewConnectionError("HTTPConnection(host='localhost', port=62612): Failed to establish a new connection: [Errno 61] Connection refused")': /session/1F632528-B14A-41B0-ABA6-1E70B32FC838/execute/sync
2026-04-20 09:02:10.369 | WARNING  | urllib3.connectionpool:urlopen:868 - Retrying (Retry(total=0, connect=None, read=None, redirect=None, status=None)) after connection broken by 'NewConnectionError("HTTPConnection(host='localhost', port=62612): Failed to establish a new connection: [Errno 61] Connection refused")': /session/1F632528-B14A-41B0-ABA6-1E70B32FC838/execute/sync
2026-04-20 09:02:10.369 | WARNING  | ui_event.get_url:load_href_save:405 - 处理链接时出错: MaxRetryError, 跳过
2026-04-20 09:02:10.370 | WARNING  | urllib3.connectionpool:urlopen:868 - Retrying (Retry(total=2, connect=None, read=None, redirect=None, status=None)) after connection broken by 'NewConnectionError("HTTPConnection(host='localhost', port=62612): Failed to establish a new connection: [Errno 61] Connection refused")': /session/1F632528-B14A-41B0-ABA6-1E70B32FC838/execute/sync
2026-04-20 09:02:10.370 | WARNING  | urllib3.connectionpool:urlopen:868 - Retrying (Retry(total=1, connect=None, read=None, redirect=None, status=None)) after connection broken by 'NewConnectionError("HTTPConnection(host='localhost', port=62612): Failed to establish a new connection: [Errno 61] Connection refused")': /session/1F632528-B14A-41B0-ABA6-1E70B32FC838/execute/sync
2026-04-20 09:02:10.370 | WARNING  | urllib3.connectionpool:urlopen:868 - Retrying (Retry(total=0, connect=None, read=None, redirect=None, status=None)) after connection broken by 'NewConnectionError("HTTPConnection(host='localhost', port=62612): Failed to establish a new connection: [Errno 61] Connection refused")': /session/1F632528-B14A-41B0-ABA6-1E70B32FC838/execute/sync
2026-04-20 09:02:10.371 | WARNING  | ui_event.get_url:load_href_save:405 - 处理链接时出错: MaxRetryError, 跳过
2026-04-20 09:02:10.371 | WARNING  | urllib3.connectionpool:urlopen:868 - Retrying (Retry(total=2, connect=None, read=None, redirect=None, status=None)) after connection broken by 'NewConnectionError("HTTPConnection(host='localhost', port=62612): Failed to establish a new connection: [Errno 61] Connection refused")': /session/1F632528-B14A-41B0-ABA6-1E70B32FC838/execute/sync
2026-04-20 09:02:10.372 | WARNING  | urllib3.connectionpool:urlopen:868 - Retrying (Retry(total=1, connect=None, read=None, redirect=None, status=None)) after connection broken by 'NewConnectionError("HTTPConnection(host='localhost', port=62612): Failed to establish a new connection: [Errno 61] Connection refused")': /session/1F632528-B14A-41B0-ABA6-1E70B32FC838/execute/sync
2026-04-20 09:02:10.372 | WARNING  | urllib3.connectionpool:urlopen:868 - Retrying (Retry(total=0, connect=None, read=None, redirect=None, status=None)) after connection broken by 'NewConnectionError("HTTPConnection(host='localhost', port=62612): Failed to establish a new connection: [Errno 61] Connection refused")': /session/1F632528-B14A-41B0-ABA6-1E70B32FC838/execute/sync
2026-04-20 09:02:10.372 | WARNING  | ui_event.get_url:load_href_save:405 - 处理链接时出错: MaxRetryError, 跳过
2026-04-20 09:02:10.373 | WARNING  | urllib3.connectionpool:urlopen:868 - Retrying (Retry(total=2, connect=None, read=None, redirect=None, status=None)) after connection broken by 'NewConnectionError("HTTPConnection(host='localhost', port=62612): Failed to establish a new connection: [Errno 61] Connection refused")': /session/1F632528-B14A-41B0-ABA6-1E70B32FC838/execute/sync
2026-04-20 09:02:10.373 | WARNING  | urllib3.connectionpool:urlopen:868 - Retrying (Retry(total=1, connect=None, read=None, redirect=None, status=None)) after connection broken by 'NewConnectionError("HTTPConnection(host='localhost', port=62612): Failed to establish a new connection: [Errno 61] Connection refused")': /session/1F632528-B14A-41B0-ABA6-1E70B32FC838/execute/sync
2026-04-20 09:02:10.373 | WARNING  | urllib3.connectionpool:urlopen:868 - Retrying (Retry(total=0, connect=None, read=None, redirect=None, status=None)) after connection broken by 'NewConnectionError("HTTPConnection(host='localhost', port=62612): Failed to establish a new connection: [Errno 61] Connection refused")': /session/1F632528-B14A-41B0-ABA6-1E70B32FC838/execute/sync
2026-04-20 09:02:10.374 | WARNING  | ui_event.get_url:load_href_save:405 - 处理链接时出错: MaxRetryError, 跳过
2026-04-20 09:02:10.374 | WARNING  | urllib3.connectionpool:urlopen:868 - Retrying (Retry(total=2, connect=None, read=None, redirect=None, status=None)) after connection broken by 'NewConnectionError("HTTPConnection(host='localhost', port=62612): Failed to establish a new connection: [Errno 61] Connection refused")': /session/1F632528-B14A-41B0-ABA6-1E70B32FC838/execute/sync
2026-04-20 09:02:10.374 | WARNING  | urllib3.connectionpool:urlopen:868 - Retrying (Retry(total=1, connect=None, read=None, redirect=None, status=None)) after connection broken by 'NewConnectionError("HTTPConnection(host='localhost', port=62612): Failed to establish a new connection: [Errno 61] Connection refused")': /session/1F632528-B14A-41B0-ABA6-1E70B32FC838/execute/sync
2026-04-20 09:02:10.375 | WARNING  | urllib3.connectionpool:urlopen:868 - Retrying (Retry(total=0, connect=None, read=None, redirect=None, status=None)) after connection broken by 'NewConnectionError("HTTPConnection(host='localhost', port=62612): Failed to establish a new connection: [Errno 61] Connection refused")': /session/1F632528-B14A-41B0-ABA6-1E70B32FC838/execute/sync
2026-04-20 09:02:10.375 | WARNING  | ui_event.get_url:load_href_save:405 - 处理链接时出错: MaxRetryError, 跳过
2026-04-20 09:02:10.375 | WARNING  | urllib3.connectionpool:urlopen:868 - Retrying (Retry(total=2, connect=None, read=None, redirect=None, status=None)) after connection broken by 'NewConnectionError("HTTPConnection(host='localhost', port=62612): Failed to establish a new connection: [Errno 61] Connection refused")': /session/1F632528-B14A-41B0-ABA6-1E70B32FC838/execute/sync
2026-04-20 09:02:10.376 | WARNING  | urllib3.connectionpool:urlopen:868 - Retrying (Retry(total=1, connect=None, read=None, redirect=None, status=None)) after connection broken by 'NewConnectionError("HTTPConnection(host='localhost', port=62612): Failed to establish a new connection: [Errno 61] Connection refused")': /session/1F632528-B14A-41B0-ABA6-1E70B32FC838/execute/sync
2026-04-20 09:02:10.376 | WARNING  | urllib3.connectionpool:urlopen:868 - Retrying (Retry(total=0, connect=None, read=None, redirect=None, status=None)) after connection broken by 'NewConnectionError("HTTPConnection(host='localhost', port=62612): Failed to establish a new connection: [Errno 61] Connection refused")': /session/1F632528-B14A-41B0-ABA6-1E70B32FC838/execute/sync
2026-04-20 09:02:10.376 | WARNING  | ui_event.get_url:load_href_save:405 - 处理链接时出错: MaxRetryError, 跳过
2026-04-20 09:02:10.377 | WARNING  | urllib3.connectionpool:urlopen:868 - Retrying (Retry(total=2, connect=None, read=None, redirect=None, status=None)) after connection broken by 'NewConnectionError("HTTPConnection(host='localhost', port=62612): Failed to establish a new connection: [Errno 61] Connection refused")': /session/1F632528-B14A-41B0-ABA6-1E70B32FC838/execute/sync
2026-04-20 09:02:10.377 | WARNING  | urllib3.connectionpool:urlopen:868 - Retrying (Retry(total=1, connect=None, read=None, redirect=None, status=None)) after connection broken by 'NewConnectionError("HTTPConnection(host='localhost', port=62612): Failed to establish a new connection: [Errno 61] Connection refused")': /session/1F632528-B14A-41B0-ABA6-1E70B32FC838/execute/sync
2026-04-20 09:02:10.377 | WARNING  | urllib3.connectionpool:urlopen:868 - Retrying (Retry(total=0, connect=None, read=None, redirect=None, status=None)) after connection broken by 'NewConnectionError("HTTPConnection(host='localhost', port=62612): Failed to establish a new connection: [Errno 61] Connection refused")': /session/1F632528-B14A-41B0-ABA6-1E70B32FC838/execute/sync
2026-04-20 09:02:10.377 | WARNING  | ui_event.get_url:load_href_save:405 - 处理链接时出错: MaxRetryError, 跳过
2026-04-20 09:02:10.378 | WARNING  | urllib3.connectionpool:urlopen:868 - Retrying (Retry(total=2, connect=None, read=None, redirect=None, status=None)) after connection broken by 'NewConnectionError("HTTPConnection(host='localhost', port=62612): Failed to establish a new connection: [Errno 61] Connection refused")': /session/1F632528-B14A-41B0-ABA6-1E70B32FC838/execute/sync
2026-04-20 09:02:10.378 | WARNING  | urllib3.connectionpool:urlopen:868 - Retrying (Retry(total=1, connect=None, read=None, redirect=None, status=None)) after connection broken by 'NewConnectionError("HTTPConnection(host='localhost', port=62612): Failed to establish a new connection: [Errno 61] Connection refused")': /session/1F632528-B14A-41B0-ABA6-1E70B32FC838/execute/sync
2026-04-20 09:02:10.378 | WARNING  | urllib3.connectionpool:urlopen:868 - Retrying (Retry(total=0, connect=None, read=None, redirect=None, status=None)) after connection broken by 'NewConnectionError("HTTPConnection(host='localhost', port=62612): Failed to establish a new connection: [Errno 61] Connection refused")': /session/1F632528-B14A-41B0-ABA6-1E70B32FC838/execute/sync
2026-04-20 09:02:10.379 | WARNING  | ui_event.get_url:load_href_save:405 - 处理链接时出错: MaxRetryError, 跳过
2026-04-20 09:02:10.379 | WARNING  | urllib3.connectionpool:urlopen:868 - Retrying (Retry(total=2, connect=None, read=None, redirect=None, status=None)) after connection broken by 'NewConnectionError("HTTPConnection(host='localhost', port=62612): Failed to establish a new connection: [Errno 61] Connection refused")': /session/1F632528-B14A-41B0-ABA6-1E70B32FC838/execute/sync
2026-04-20 09:02:10.379 | WARNING  | urllib3.connectionpool:urlopen:868 - Retrying (Retry(total=1, connect=None, read=None, redirect=None, status=None)) after connection broken by 'NewConnectionError("HTTPConnection(host='localhost', port=62612): Failed to establish a new connection: [Errno 61] Connection refused")': /session/1F632528-B14A-41B0-ABA6-1E70B32FC838/execute/sync
2026-04-20 09:02:10.380 | WARNING  | urllib3.connectionpool:urlopen:868 - Retrying (Retry(total=0, connect=None, read=None, redirect=None, status=None)) after connection broken by 'NewConnectionError("HTTPConnection(host='localhost', port=62612): Failed to establish a new connection: [Errno 61] Connection refused")': /session/1F632528-B14A-41B0-ABA6-1E70B32FC838/execute/sync
2026-04-20 09:02:10.380 | WARNING  | ui_event.get_url:load_href_save:405 - 处理链接时出错: MaxRetryError, 跳过
2026-04-20 09:02:10.380 | INFO     | ui_event.get_url:load_href_save:408 - 成功处理 0 个链接
2026-04-20 09:02:10.380 | WARNING  | utils.file_utils:url_list_save:96 - 没有图片URL,不保存到文件
2026-04-20 09:02:10.380 | WARNING  | ui_event.get_url:load_href_save:414 - All images already saved - moving to next page
2026-04-20 09:02:10.381 | SUCCESS  | file.file_process:record_finish_keyword:248 - Recorded finish: keyword=青雀, page=3
2026-04-20 09:02:10.381 | INFO     | ui_event.get_url:spider_artworks_url:317 - Moving to next page: 4
2026-04-20 09:02:10.382 | WARNING  | ui_event.get_url:spider_artworks_url:223 - Continuing from page 4 for 青雀
2026-04-20 09:02:10.382 | INFO     | ui_event.get_url:spider_artworks_url:234 - 正在访问 URL: https://sd.vv50.de/tags/青雀/artworks?mode=r18&p=4&s_mode=s_tag
2026-04-20 09:02:10.383 | WARNING  | urllib3.connectionpool:urlopen:868 - Retrying (Retry(total=2, connect=None, read=None, redirect=None, status=None)) after connection broken by 'NewConnectionError("HTTPConnection(host='localhost', port=62612): Failed to establish a new connection: [Errno 61] Connection refused")': /session/1F632528-B14A-41B0-ABA6-1E70B32FC838/url
2026-04-20 09:02:10.383 | WARNING  | urllib3.connectionpool:urlopen:868 - Retrying (Retry(total=1, connect=None, read=None, redirect=None, status=None)) after connection broken by 'NewConnectionError("HTTPConnection(host='localhost', port=62612): Failed to establish a new connection: [Errno 61] Connection refused")': /session/1F632528-B14A-41B0-ABA6-1E70B32FC838/url
2026-04-20 09:02:10.383 | WARNING  | urllib3.connectionpool:urlopen:868 - Retrying (Retry(total=0, connect=None, read=None, redirect=None, status=None)) after connection broken by 'NewConnectionError("HTTPConnection(host='localhost', port=62612): Failed to establish a new connection: [Errno 61] Connection refused")': /session/1F632528-B14A-41B0-ABA6-1E70B32FC838/url
2026-04-20 09:02:10.383 | WARNING  | ui_event.get_url:spider_artworks_url:254 - Error accessing URL: MaxRetryError, HTTPConnectionPool(host='localhost', port=62612): Max retries exceeded with url: /session/1F632528-B14A-41B0-ABA6-1E70B32FC838/url (Caused by NewConnectionError("HTTPConnection(host='localhost', port=62612): Failed to establish a new connection: [Errno 61] Connection refused"))
2026-04-20 09:02:10.383 | INFO     | ui_event.get_url:spider_artworks_url:257 - 尝试重新初始化驱动
2026-04-20 09:02:10.384 | WARNING  | urllib3.connectionpool:urlopen:868 - Retrying (Retry(total=2, connect=None, read=None, redirect=None, status=None)) after connection broken by 'NewConnectionError("HTTPConnection(host='localhost', port=62612): Failed to establish a new connection: [Errno 61] Connection refused")': /session/1F632528-B14A-41B0-ABA6-1E70B32FC838
2026-04-20 09:02:10.384 | WARNING  | urllib3.connectionpool:urlopen:868 - Retrying (Retry(total=1, connect=None, read=None, redirect=None, status=None)) after connection broken by 'NewConnectionError("HTTPConnection(host='localhost', port=62612): Failed to establish a new connection: [Errno 61] Connection refused")': /session/1F632528-B14A-41B0-ABA6-1E70B32FC838
2026-04-20 09:02:10.385 | WARNING  | urllib3.connectionpool:urlopen:868 - Retrying (Retry(total=0, connect=None, read=None, redirect=None, status=None)) after connection broken by 'NewConnectionError("HTTPConnection(host='localhost', port=62612): Failed to establish a new connection: [Errno 61] Connection refused")': /session/1F632528-B14A-41B0-ABA6-1E70B32FC838
2026-04-20 09:02:10.395 | INFO     | utils.spider_param:configure_browser_options:249 - 当前user-agent: Mozilla/5.0 (iPhone; CPU iPhone OS 14_5 like Mac OS X) AppleWebKit/605.1.15 (KHTML, like Gecko) Version/14.0.1 Mobile/15E148 Safari/604.1
2026-04-20 09:02:10.395 | DEBUG    | utils.spider_param:configure_browser_options:257 - 使用Darwin浏览器
2026-04-20 09:02:10.395 | INFO     | utils.spider_param:chrome_options:462 - 启用无痕模式
2026-04-20 09:02:33.627 | WARNING  | utils.spider_param:get_driver_service:322 - 设置 ChromeDriver 执行权限失败: [Errno 1] Operation not permitted: '/Users/caozhaoqi/.wdm/drivers/chromedriver/mac64/147.0.7727.57/chromedriver-mac-arm64.zip'
2026-04-20 09:02:33.628 | INFO     | utils.spider_param:get_driver_service:327 - 使用已安装的 ChromeDriver: /Users/caozhaoqi/.wdm/drivers/chromedriver/mac64/145.0.7632.117/chromedriver-mac-arm64/chromedriver
2026-04-20 09:02:33.629 | INFO     | utils.spider_param:create_driver:346 - 使用Safari浏览器
2026-04-20 09:02:34.505 | INFO     | utils.spider_param:initialize_driver:284 - 驱动初始化成功: None, None
2026-04-20 09:02:34.505 | INFO     | ui_event.get_url:spider_artworks_url:271 - 驱动重新初始化成功
2026-04-20 09:02:44.697 | INFO     | ui_event.get_url:spider_artworks_url:279 - 重新访问 URL 成功: https://sd.vv50.de/tags/青雀/artworks?mode=r18&p=4&s_mode=s_tag
2026-04-20 09:03:24.459 | WARNING  | ui_event.get_url:spider_artworks_url:286 - 获取页面标题时出错: NoSuchWindowException
2026-04-20 09:03:24.464 | WARNING  | ui_event.get_url:load_href_save:421 - Error loading URLs: InvalidSessionIdException, Message: ; For documentation on this error, please visit: https://www.selenium.dev/documentation/webdriver/troubleshooting/errors#invalidsessionidexception

2026-04-20 09:03:24.465 | WARNING  | ui_event.get_url:spider_artworks_url:321 - Skipping spider loop
2026-04-20 09:03:24.465 | SUCCESS  | ui_event.get_url:spider_artworks_url:331 - Spider completed successfully
2026-04-20 09:03:24.465 | WARNING  | ui_event.get_url:spider_artworks_url:339 - Closing Chrome
2026-04-20 09:03:24.477 | INFO     | ui_event.get_url:spider_artworks_url:343 - Chrome closed successfully
2026-04-20 09:03:24.479 | WARNING  | file.file_process:record_end_spider_image_keyword:186 - New keyword! txt not saved
